Match_Type,Match_ID,Diferença de Velocidade,Diferença Angular,Distância,Discrepancia,Distancia esperada,Match_Complete
T5,1,0.0,117.0,86.76,86.76*,0.0,T5_1
T10,1,14.8,58.0,30.34,3.99,34.33,T10_1
T10,2,3.2,80.0,68.79,15.6,84.39,T10_2
T5,2,10.4,1.0,82.83,0.83,82.0,T5_2
T10,3,-0.5,8.0,235.28,2.16,233.12,T10_3
T5,3,-1.3,0.0,83.67,1.04,84.71,T5_3
T5,4,1.4,5.0,87.42,1.34,86.08,T5_4
T10,4,-11.6,15.0,154.48,4.81,149.67,T10_4
T10,5,2.2,6.0,267.36,2.61,264.75,T10_5
T5,5,-1.9,0.0,23.18,2.39,20.79,T5_5
T5,6,-3.8,1.0,65.56,0.64,64.92,T5_6
T5,7,2.6,1.0,79.9,2.35,82.25,T5_7
T5,8,-0.1,0.0,86.57,0.97,87.54,T5_8
T5,9,0.8,0.0,78.03,3.3,81.33,T5_9
T5,10,-0.3,0.0,88.25,3.54,91.79,T5_10
T5,11,-1.2,0.0,69.41,2.24,67.17,T5_11
T5,12,2.9,0.0,61.88,3.92,57.96,T5_12
T5,13,2.2,4.0,68.72,2.97,65.75,T5_13
T5,14,-1.2,8.0,48.49,2.05,46.44,T5_14
T5,15,-1.2,55.0,42.32,38.65,3.67,T5_15
T1,1,-0.4,1.0,32.27,1.38,30.89,T1_1
T1,2,0.4,2.0,19.13,0.26,19.39,T1_2
T1,3,-0.2,1.0,31.15,1.12,30.03,T1_3
T1,4,-1.5,3.0,29.07,1.42,30.49,T1_4
T5,16,-5.3,1.0,49.48,4.77,54.25,T5_16
T10,6,-3.5,3.0,266.61,2.77,269.38,T10_6
T1,5,-1.3,2.0,30.92,2.68,28.24,T1_5
T1,6,-0.5,1.0,27.68,2.33,25.35,T1_6
T1,7,0.2,1.0,28.98,2.34,26.64,T1_7
T1,8,-0.9,1.0,27.87,1.42,29.29,T1_8
T1,9,0.1,0.0,26.72,0.9,25.82,T1_9
T1,10,-2.0,0.0,28.91,0.58,28.33,T1_10
T1,11,-2.9,0.0,8.95,3.83,5.12,T1_11
T5,17,-1.5,1.0,62.06,1.64,60.42,T5_17
T1,12,0.0,1.0,2.58,2.58*,0.0,T1_12
T5,18,10.4,6.0,40.72,0.94,39.78,T5_18
T5,19,0.2,1.0,25.21,3.6,21.61,T5_19
T5,20,-13.6,1.0,16.78,2.45,14.33,T5_20
T5,21,-2.9,3.0,37.18,6.37,30.81,T5_21
T1,13,0.5,2.0,12.29,1.81,14.1,T1_13
T1,14,-1.2,2.0,1.05,1.05*,2.94,T1_14
T1,15,0.0,3.0,2.81,0.31,2.5,T1_15
T1,16,2.0,33.0,10.56,10.56*,0.0,T1_16
T5,22,1.0,29.0,15.16,5.58,9.58,T5_22
T5,23,-0.5,1.0,47.05,1.01,48.06,T5_23
T5,24,-0.7,43.0,52.5,1.22,53.72,T5_24
T5,25,2.6,4.0,67.53,2.14,69.67,T5_25
T5,26,2.1,0.0,102.32,0.96,103.28,T5_26
T5,27,-0.7,0.0,115.49,0.66,114.83,T5_27
T5,28,1.0,0.0,124.58,2.91,121.67,T5_28
T5,29,-6.2,6.0,100.5,2.61,97.89,T5_29
T5,30,-0.6,1.0,115.73,0.16,115.89,T5_30
T5,31,-1.8,0.0,150.07,0.21,149.86,T5_31
T5,32,-2.2,1.0,146.88,0.91,145.97,T5_32
T5,33,0.9,1.0,149.27,1.28,147.99,T5_33
T5,34,-2.2,4.0,57.58,1.41,56.17,T5_34
T10,7,1.1,1.0,187.54,2.96,184.58,T10_7
T5,35,3.6,6.0,123.02,0.52,122.5,T5_35
T5,36,-3.5,9.0,120.77,1.67,119.1,T5_36
T5,37,1.1,1.0,140.98,4.09,145.07,T5_37
T5,38,1.8,1.0,109.19,0.67,109.86,T5_38
T5,39,0.9,1.0,95.33,2.5,92.83,T5_39
T5,40,0.0,148.0,12.48,12.48*,0.0,T5_40
T5,41,0.0,148.0,1.98,1.98*,0.0,T5_41
T5,42,6.0,2.0,21.76,5.09,16.67,T5_42
T1,17,-1.0,17.0,3.0,2.03,0.97,T1_17
T5,43,12.0,66.0,18.42,11.75,6.67,T5_43
T10,8,5.4,1.0,128.62,2.77,131.39,T10_8
T5,44,-3.2,0.0,66.07,0.26,66.33,T5_44
T5,45,0.1,0.0,77.21,1.42,75.79,T5_45
T5,46,-3.2,3.0,63.38,1.29,64.67,T5_46
T5,47,-0.1,0.0,75.35,1.36,76.71,T5_47
T1,18,-1.1,6.0,3.86,3.86*,0.0,T1_18
T5,48,0.0,2.0,3.87,3.87*,0.0,T5_48
T1,19,2.3,10.0,4.18,1.06,5.24,T1_19
T1,20,2.0,103.0,18.13,17.85,0.28,T1_20
T10,9,10.1,95.0,67.81,15.17,52.64,T10_9
T5,49,0.0,34.0,7.7,7.7*,0.0,T5_49
T10,10,0.0,55.0,34.18,5.29,28.89,T10_10
T5,50,1.8,2.0,46.98,4.74,51.72,T5_50
T5,51,6.3,0.0,39.06,4.19,43.25,T5_51
T5,52,-2.1,0.0,49.52,1.62,51.14,T5_52
T5,53,1.5,1.0,43.04,3.21,46.25,T5_53
T1,21,-0.9,0.0,24.3,1.66,25.96,T1_21
T5,54,0.5,1.0,52.28,2.03,54.31,T5_54
T5,55,-6.1,1.0,32.26,2.21,34.47,T5_55
T5,56,1.8,0.0,56.38,1.45,57.83,T5_56
T1,22,-1.0,0.0,28.04,2.1,30.14,T1_22
T5,57,-0.6,1.0,51.6,3.57,55.17,T5_57
T5,58,-1.3,0.0,58.76,0.49,59.25,T5_58
T5,59,-2.7,1.0,23.58,0.5,24.08,T5_59
T5,60,-0.8,0.0,55.04,2.96,58.0,T5_60
T1,23,-0.5,0.0,27.49,0.2,27.29,T1_23
T5,61,-0.6,1.0,40.21,1.07,41.28,T5_61
T5,62,0.0,2.0,1.51,1.51*,0.0,T5_62
T5,63,0.0,2.0,1.51,1.51*,0.0,T5_63
T5,64,-2.4,1.0,15.72,1.05,14.67,T5_64
T5,65,0.0,22.0,2.01,2.01*,0.0,T5_65
T5,66,0.0,121.0,2.62,2.62*,0.0,T5_66
T10,11,0.0,173.0,5.97,5.97*,0.0,T10_11
T5,67,0.0,85.0,2.01,2.01*,0.0,T5_67
T5,68,0.0,70.0,2.2,2.2*,0.0,T5_68
T1,24,0.0,49.0,27.53,27.53*,0.0,T1_24
T5,69,2.6,1.0,25.62,3.01,22.61,T5_69
T5,70,0.0,162.0,3.2,3.2*,0.0,T5_70
T10,12,-29.1,10.0,32.51,7.91,40.42,T10_12
T1,25,2.0,178.0,9.02,8.74,0.28,T1_25
T1,26,0.0,24.0,1.86,1.86*,0.0,T1_26
T1,27,-5.4,44.0,2.0,2.0*,0.0,T1_27
T5,71,-3.1,2.0,82.51,2.89,79.62,T5_71
T5,72,0.0,62.0,10.77,10.77*,0.0,T5_72
T5,73,-13.2,22.0,29.92,4.75,34.67,T5_73
T1,28,-2.0,0.0,20.24,0.04,20.28,T1_28
T1,29,-0.8,0.0,18.16,0.27,17.89,T1_29
T1,30,-0.7,1.0,16.93,0.72,16.21,T1_30
T1,31,-0.7,0.0,15.69,1.07,16.76,T1_31
T5,74,-1.6,0.0,57.86,0.36,58.22,T5_74
T5,75,-1.7,0.0,64.35,3.88,60.47,T5_75
T1,32,0.4,0.0,25.35,2.37,27.72,T1_32
T1,33,0.1,1.0,2.0,2.0*,0.0,T1_33
T1,34,7.0,3.0,38.18,38.18*,0.0,T1_34
T1,35,0.0,0.0,12.58,12.58*,0.0,T1_35
T1,36,0.0,3.0,3.28,3.28*,0.0,T1_36
T5,76,0.0,4.0,47.73,47.73*,0.0,T5_76
T1,37,0.0,152.0,3.14,3.14*,0.0,T1_37
T1,38,0.0,152.0,3.14,3.14*,0.0,T1_38
T1,39,-0.3,2.0,3.52,3.52*,0.0,T1_39
T1,40,0.0,7.0,7.61,7.61*,0.0,T1_40
T1,41,-4.7,9.0,4.98,4.98*,0.0,T1_41
T1,42,0.0,26.0,5.45,5.45*,0.0,T1_42
T1,43,0.7,2.0,7.04,4.64,2.4,T1_43
T1,44,0.0,8.0,2.49,2.49*,0.0,T1_44
T1,45,0.0,9.0,0.7,0.7*,0.0,T1_45
T1,46,0.0,140.0,8.65,8.65*,0.0,T1_46
T1,47,0.0,140.0,8.65,8.65*,0.0,T1_47
T1,48,-0.5,0.0,2.05,2.05*,0.0,T1_48
T10,13,-1.4,13.0,298.12,15.62,282.5,T10_13
T5,77,-0.1,8.0,93.12,0.26,93.38,T5_77
T1,49,0.4,1.0,25.69,2.41,23.28,T1_49
T10,14,-8.6,94.0,24.52,0.6,23.92,T10_14
T1,50,0.0,27.0,5.21,5.21*,0.0,T1_50
T1,51,-1.8,1.0,13.38,3.41,9.97,T1_51
T1,52,0.3,9.0,7.99,2.25,10.24,T1_52
T1,53,0.0,9.0,2.54,2.54*,0.0,T1_53
T10,15,-10.5,0.0,27.38,14.26,13.12,T10_15
T1,54,5.2,2.0,22.04,0.26,21.78,T1_54
T1,55,-6.1,0.0,4.44,4.44*,0.0,T1_55
T1,56,3.3,3.0,6.38,1.22,7.6,T1_56
T1,57,0.7,0.0,2.66,2.66*,0.0,T1_57
T1,58,-1.2,2.0,11.99,0.43,11.56,T1_58
T10,16,17.4,75.0,19.57,17.37,36.94,T10_16
T1,59,-1.7,1.0,4.98,1.37,6.35,T1_59
T1,60,-0.7,0.0,7.13,7.13*,0.0,T1_60
T10,17,0.0,44.0,41.36,41.36*,0.0,T10_17
T10,18,-9.9,47.0,47.77,8.98,38.79,T10_18
T5,78,3.7,45.0,8.9,5.63,14.53,T5_78
T1,61,-4.6,1.0,2.23,2.23*,5.64,T1_61
T5,79,5.8,4.0,4.96,2.68,2.28,T5_79
T1,62,-1.4,4.0,22.63,5.21,17.42,T1_62
T10,19,1.4,13.0,81.38,5.16,76.22,T10_19
T1,63,2.0,70.0,12.43,12.15,0.28,T1_63
T5,80,0.0,30.0,7.82,7.82*,0.0,T5_80
T1,64,0.0,6.0,1.23,1.23*,0.0,T1_64
T10,20,25.4,37.0,66.37,8.12,58.25,T10_20
T5,81,-12.4,5.0,27.4,2.23,25.17,T5_81
T5,82,8.8,2.0,15.44,1.0,16.44,T5_82
T5,83,1.7,0.0,10.83,1.79,12.62,T5_83
T5,84,-5.5,9.0,21.65,1.23,20.42,T5_84
T10,21,0.0,5.0,35.96,35.96*,0.0,T10_21
T5,85,0.3,27.0,6.42,0.95,7.37,T5_85
T10,22,-9.6,69.0,17.91,3.76,21.67,T10_22
T10,23,0.0,164.0,4.79,4.79*,0.0,T10_23
T5,86,1.3,31.0,23.63,1.67,21.96,T5_86
T5,87,0.0,4.0,6.78,6.78*,0.0,T5_87
T5,88,-2.7,1.0,24.65,0.54,25.19,T5_88
T5,89,-0.1,0.0,57.74,2.3,60.04,T5_89
T5,90,2.1,2.0,28.54,0.32,28.86,T5_90
T5,91,1.1,1.0,25.17,4.52,29.69,T5_91
T1,65,-2.3,0.0,12.51,5.59,18.1,T1_65
T5,92,-0.6,0.0,31.55,0.27,31.28,T5_92
T5,93,-1.1,1.0,41.89,2.86,44.75,T5_93
T10,24,-7.0,7.0,89.31,0.97,90.28,T10_24
T5,94,0.0,66.0,10.14,10.14*,0.0,T5_94
T10,25,17.8,26.0,81.04,8.13,89.17,T10_25
T1,66,0.0,14.0,8.96,8.96*,0.0,T1_66
T5,95,1.0,78.0,8.96,8.68,0.28,T5_95
T1,67,0.0,62.0,6.1,6.1*,0.0,T1_67
T5,96,0.0,62.0,6.1,6.1*,0.0,T5_96
T1,68,0.3,2.0,27.38,0.2,27.18,T1_68
T1,69,-1.3,6.0,20.93,2.97,17.96,T1_69
T5,97,-3.4,5.0,72.48,4.4,68.08,T5_97
T5,98,-1.7,2.0,50.81,0.89,49.92,T5_98
T1,70,-0.3,2.0,22.3,0.87,21.43,T1_70
T5,99,6.9,18.0,122.92,1.46,124.38,T5_99
T5,100,-0.2,7.0,48.7,0.8,49.5,T5_100
T5,101,-1.1,0.0,79.08,1.38,80.46,T5_101
T1,71,0.8,0.0,22.87,0.48,22.39,T1_71
T1,72,0.9,2.0,18.91,1.52,20.43,T1_72
T1,73,-0.2,0.0,26.2,4.11,30.31,T1_73
T5,102,3.5,11.0,101.6,1.25,100.35,T5_102
T5,103,5.9,18.0,42.13,2.08,44.21,T5_103
T10,26,11.6,12.0,80.83,2.66,78.17,T10_26
T5,104,0.9,14.0,39.72,0.1,39.62,T5_104
T10,27,5.9,140.0,20.54,0.96,19.58,T10_27
T1,74,1.0,117.0,26.69,26.55,0.14,T1_74
T1,75,0.0,117.0,9.67,9.67*,0.0,T1_75
T1,76,0.0,117.0,9.67,9.67*,0.0,T1_76
T1,77,0.0,117.0,9.67,9.67*,0.0,T1_77
T1,78,0.0,44.0,2.68,2.68*,0.0,T1_78
T1,79,0.0,44.0,2.68,2.68*,0.0,T1_79
T1,80,0.0,44.0,2.68,2.68*,0.0,T1_80
T1,81,0.0,41.0,2.41,2.41*,0.0,T1_81
T1,82,0.0,41.0,2.41,2.41*,0.0,T1_82
T1,83,-3.9,3.0,4.21,0.89,3.32,T1_83
T5,105,1.0,105.0,14.28,13.72,0.56,T5_105
T10,28,0.0,17.0,2.14,2.14*,0.0,T10_28
T10,29,0.0,17.0,2.14,2.14*,0.0,T10_29
T10,30,0.0,17.0,2.14,2.14*,0.0,T10_30
T10,31,0.0,17.0,2.14,2.14*,0.0,T10_31
T10,32,0.0,17.0,2.14,2.14*,0.0,T10_32
T10,33,0.0,17.0,2.14,2.14*,0.0,T10_33
T10,34,-8.9,10.0,4.25,4.25*,11.12,T10_34
T5,106,-20.3,6.0,33.04,0.5,33.54,T5_106
T10,35,-2.7,1.0,91.09,0.97,90.12,T10_35
T10,36,-0.4,0.0,145.24,0.98,146.22,T10_36
T10,37,-2.1,0.0,158.86,1.22,160.08,T10_37
T10,38,-0.6,5.0,188.64,0.19,188.83,T10_38
T10,39,11.2,1.0,174.16,4.22,169.94,T10_39
T10,40,-1.5,3.0,190.6,4.35,186.25,T10_40
T10,41,13.5,24.0,92.06,0.18,91.88,T10_41
T10,42,-0.6,8.0,172.47,0.3,172.17,T10_42
T10,43,-11.1,11.0,78.38,0.47,78.85,T10_43
T10,44,-8.5,2.0,83.67,1.52,82.15,T10_44
T5,107,-6.1,28.0,33.84,6.51,40.35,T5_107
T10,45,-10.3,4.0,76.67,4.43,72.24,T10_45
T10,46,-11.2,47.0,41.91,0.91,41.0,T10_46
T10,47,2.5,19.0,142.38,0.54,142.92,T10_47
T10,48,27.0,1.0,106.56,5.45,101.11,T10_48
T10,49,2.2,18.0,118.62,1.74,120.36,T10_49
T10,50,19.0,28.0,96.4,6.4,90.0,T10_50
T10,51,0.0,47.0,7.03,7.03*,0.0,T10_51
T1,84,0.7,1.0,17.57,0.39,17.96,T1_84
T10,52,0.0,17.0,9.04,9.04*,0.0,T10_52
T10,53,8.1,8.0,133.16,3.42,136.58,T10_53
T10,54,-33.2,44.0,106.1,17.1,89.0,T10_54
T5,108,9.0,122.0,13.87,7.62,6.25,T5_108
T5,109,0.0,50.0,8.3,8.3*,0.0,T5_109
T5,110,-0.3,3.0,63.62,2.43,61.19,T5_110
T10,55,2.3,1.0,108.69,4.39,113.08,T10_55
T5,111,-4.7,0.0,140.66,1.29,139.37,T5_111
T10,56,1.2,0.0,148.35,0.65,149.0,T10_56
T10,57,4.5,0.0,190.89,0.36,191.25,T10_57
T10,58,-1.2,0.0,193.81,2.81,191.0,T10_58
T10,59,14.0,4.0,122.85,7.15,130.0,T10_59
T10,60,1.7,0.0,135.78,1.14,136.92,T10_60
T10,61,31.8,12.0,196.03,11.11,184.92,T10_61
T10,62,4.6,1.0,222.22,0.81,223.03,T10_62
T10,63,-5.5,0.0,224.93,3.75,221.18,T10_63
T10,64,10.9,1.0,175.85,4.11,179.96,T10_64
T10,65,0.0,4.0,2.65,2.65*,0.0,T10_65
T10,66,2.9,60.0,32.24,6.64,38.88,T10_66
T10,67,5.4,0.0,162.06,3.8,165.86,T10_67
T10,68,-1.5,1.0,219.3,5.77,225.07,T10_68
T10,69,3.0,0.0,213.3,0.38,212.92,T10_69
T10,70,-1.4,4.0,227.16,0.24,226.92,T10_70
T10,71,-2.0,5.0,169.74,0.57,169.17,T10_71
T1,85,-0.7,0.0,0.69,0.69*,0.0,T1_85
T10,72,1.6,1.0,173.11,0.33,173.44,T10_72
T10,73,0.6,1.0,14.5,3.42,11.08,T10_73
T10,74,-6.4,2.0,6.77,0.55,6.22,T10_74
T10,75,0.0,22.0,1.43,1.43*,0.0,T10_75
T10,76,0.0,1.0,4.84,4.84*,0.0,T10_76
T10,77,5.0,0.0,18.79,0.1,18.89,T10_77
T10,78,10.0,1.0,7.24,3.87,11.11,T10_78
T10,79,16.6,1.0,22.76,9.91,32.67,T10_79
T10,80,0.7,0.0,29.66,3.77,25.89,T10_80
T10,81,5.9,0.0,53.53,0.09,53.44,T10_81
T10,82,0.5,1.0,24.88,0.99,23.89,T10_82
T10,83,0.0,3.0,6.39,6.39*,0.0,T10_83
T10,84,1.3,0.0,75.59,1.48,74.11,T10_84
T10,85,-4.1,0.0,47.25,0.47,46.78,T10_85
T10,86,15.1,1.0,65.92,3.97,69.89,T10_86
T10,87,17.4,1.0,80.05,0.62,80.67,T10_87
T10,88,-8.2,0.0,145.56,0.89,144.67,T10_88
T10,89,-3.7,3.0,40.63,3.19,37.44,T10_89
T10,90,-4.9,6.0,62.49,3.71,58.78,T10_90
T10,91,-2.9,4.0,170.14,1.85,171.99,T10_91
T10,92,5.3,4.0,116.27,0.06,116.33,T10_92
T1,86,2.4,22.0,3.95,3.95*,0.0,T1_86
T1,87,7.0,166.0,11.49,11.49*,0.0,T1_87
T5,112,0.0,40.0,28.71,28.71*,0.0,T5_112
T5,113,0.0,12.0,8.42,8.42*,0.0,T5_113
T10,93,-6.9,5.0,4.8,3.82,8.62,T10_93
T10,94,-14.2,29.0,63.03,1.64,64.67,T10_94
T10,95,-15.7,14.0,10.29,2.79,13.08,T10_95
T5,114,-0.6,5.0,23.97,1.28,25.25,T5_114
T5,115,0.9,8.0,18.73,2.44,16.29,T5_115
T5,116,5.2,3.0,4.39,3.44,7.83,T5_116
T5,117,0.0,12.0,8.85,8.85*,0.0,T5_117
T5,118,1.7,5.0,8.18,0.28,8.46,T5_118
T5,119,2.2,2.0,16.19,10.44,5.75,T5_119
T5,120,-2.1,4.0,4.62,0.41,4.21,T5_120
T5,121,-3.5,1.0,21.93,4.53,26.46,T5_121
T5,122,8.6,1.0,32.7,3.78,28.92,T5_122
T5,123,-4.1,0.0,68.81,1.27,67.54,T5_123
T5,124,3.3,2.0,19.87,2.09,21.96,T5_124
T5,125,-8.0,1.0,84.48,5.31,79.17,T5_125
T5,126,1.0,3.0,78.83,0.08,78.75,T5_126
T1,88,-1.2,1.0,27.86,2.03,29.89,T1_88
T5,127,-2.2,1.0,90.9,1.68,92.58,T5_127
T10,96,-4.2,1.0,230.7,2.95,227.75,T10_96
T5,128,-2.9,2.0,96.17,0.04,96.21,T5_128
T5,129,5.8,0.0,66.54,1.88,68.42,T5_129
T5,130,-1.5,0.0,99.97,2.68,97.29,T5_130
T5,131,-5.4,1.0,71.62,1.04,70.58,T5_131
T5,132,8.5,0.0,86.61,9.01,95.62,T5_132
T5,133,0.2,0.0,88.44,2.31,90.75,T5_133
T5,134,-17.2,3.0,35.11,7.11,28.0,T5_134
T5,135,-7.4,2.0,14.24,4.68,18.92,T5_135
T5,136,-12.6,1.0,47.57,6.49,41.08,T5_136
T5,137,-1.1,6.0,40.65,0.19,40.46,T5_137
T1,89,-2.7,10.0,1.29,1.29*,3.43,T1_89
T10,97,11.8,54.0,56.79,3.23,53.56,T10_97
T1,90,1.0,90.0,29.74,29.74*,0.0,T1_90
T1,91,0.0,20.0,6.09,6.09*,0.0,T1_91
T1,92,0.0,20.0,6.09,6.09*,0.0,T1_92
T5,138,0.0,13.0,4.93,4.93*,0.0,T5_138
T10,98,11.7,11.0,96.12,6.81,89.31,T10_98
T10,99,0.0,171.0,46.72,46.72*,0.0,T10_99
T10,100,-2.5,75.0,58.49,0.37,58.12,T10_100
T5,139,0.0,76.0,10.59,10.59*,0.0,T5_139
T10,101,4.9,8.0,89.45,12.92,76.53,T10_101
T5,140,3.3,46.0,23.94,4.48,19.46,T5_140
T10,102,9.4,8.0,85.63,7.38,78.25,T10_102
T1,93,0.0,169.0,8.94,8.94*,0.0,T1_93
T5,141,3.0,79.0,5.73,3.65,2.08,T5_141
T5,142,0.0,14.0,2.11,2.11*,0.0,T5_142
T1,94,2.0,168.0,62.52,62.52*,0.0,T1_94
T10,103,2.0,157.0,43.34,41.4,1.94,T10_103
T10,104,-1.5,113.0,43.48,19.17,24.31,T10_104
T10,105,8.3,64.0,29.55,4.8,24.75,T10_105
T1,95,-17.1,3.0,10.59,7.66,2.93,T1_95
T1,96,-0.7,1.0,2.35,2.35*,0.0,T1_96
T1,97,1.1,0.0,5.23,5.23*,0.0,T1_97
T10,106,-1.3,7.0,88.9,20.43,68.47,T10_106
T10,107,6.0,102.0,41.88,36.88,5.0,T10_107
T5,143,18.0,58.0,87.25,69.47,17.78,T5_143
T1,98,0.0,148.0,22.2,22.2*,0.0,T1_98
T5,144,0.0,11.0,9.6,9.6*,0.0,T5_144
T5,145,6.0,126.0,7.93,3.76,4.17,T5_145
T10,108,0.0,170.0,4.32,4.32*,0.0,T10_108
T10,109,0.0,77.0,0.79,0.79*,0.0,T10_109
T10,110,-15.6,1.0,16.32,3.35,19.67,T10_110
T1,99,0.0,68.0,21.29,21.29*,0.0,T1_99
T10,111,6.2,68.0,26.2,4.72,30.92,T10_111
T5,146,0.0,63.0,3.66,3.66*,0.0,T5_146
T5,147,1.0,110.0,14.89,14.61,0.28,T5_147
T1,100,0.0,34.0,23.29,23.29*,0.0,T1_100
T10,112,-14.1,17.0,8.45,8.45*,17.62,T10_112
T1,101,-3.2,18.0,16.46,11.29,5.17,T1_101
T5,148,0.0,19.0,18.27,18.27*,0.0,T5_148
T10,113,6.1,2.0,78.82,5.03,73.79,T10_113
T5,149,0.0,170.0,13.39,13.39*,0.0,T5_149
T10,114,-6.4,4.0,35.7,1.3,37.0,T10_114
T5,150,2.0,101.0,12.48,11.37,1.11,T5_150
T5,151,6.2,0.0,26.66,1.74,24.92,T5_151
T5,152,0.0,7.0,1.53,1.53*,0.0,T5_152
T1,102,0.0,7.0,2.26,2.26*,0.0,T1_102
T5,153,0.0,7.0,2.26,2.26*,0.0,T5_153
T10,115,-14.2,39.0,62.2,11.95,50.25,T10_115
T10,116,-0.8,107.0,23.91,14.91,9.0,T10_116
T10,117,12.4,13.0,63.83,0.17,64.0,T10_117
T5,154,18.4,25.0,41.64,4.42,37.22,T5_154
T5,155,-5.4,16.0,4.46,0.71,3.75,T5_155
T5,156,-16.0,2.0,36.77,2.12,38.89,T5_156
T5,157,-18.9,0.0,40.1,11.91,52.01,T5_157
T5,158,17.4,1.0,72.34,1.09,71.25,T5_158
T5,159,24.6,75.0,21.26,3.32,24.58,T5_159
T10,118,-0.3,0.0,155.36,3.4,151.96,T10_118
T5,160,1.7,2.0,60.81,5.05,55.76,T5_160
T5,161,0.0,6.0,3.64,3.64*,0.0,T5_161
T10,119,0.0,6.0,3.64,3.64*,0.0,T10_119
T5,162,-0.6,52.0,48.62,1.8,50.42,T5_162
T5,163,19.6,0.0,62.96,0.18,62.78,T5_163
T10,120,-3.8,10.0,159.71,1.79,161.5,T10_120
T5,164,-0.5,1.0,150.16,1.2,148.96,T5_164
T5,165,0.5,0.0,144.92,3.6,141.32,T5_165
T10,121,-32.6,21.0,242.79,8.62,234.17,T10_121
T10,122,-0.7,7.0,214.84,5.17,209.67,T10_122
T5,166,-5.1,3.0,120.57,3.14,117.43,T5_166
T5,167,-2.1,0.0,127.7,4.02,123.68,T5_167
T10,123,23.7,19.0,220.36,11.61,208.75,T10_123
T5,168,4.3,1.0,148.54,0.14,148.4,T5_168
T5,169,0.8,0.0,154.21,3.38,150.83,T5_169
T5,170,0.5,0.0,158.34,0.35,157.99,T5_170
T10,124,-2.2,39.0,119.07,12.26,131.33,T10_124
T5,171,-3.7,1.0,115.66,3.37,112.29,T5_171
T5,172,-4.2,1.0,106.62,2.31,104.31,T5_172
T5,173,3.2,5.0,107.26,3.93,103.33,T5_173
T10,125,-20.0,62.0,12.58,4.09,16.67,T10_125
T1,103,0.0,108.0,26.71,26.71*,0.0,T1_103
T10,126,-31.9,31.0,54.5,2.92,51.58,T10_126
T5,174,0.0,121.0,18.04,18.04*,0.0,T5_174
T5,175,0.0,13.0,4.55,4.55*,0.0,T5_175
T5,176,-3.8,21.0,38.2,3.33,41.53,T5_176
T10,127,27.9,20.0,148.0,8.97,139.03,T10_127
T5,177,0.0,179.0,42.24,42.24*,0.0,T5_177
T10,128,18.7,59.0,56.43,4.61,51.82,T10_128
T5,178,0.0,64.0,2.09,2.09*,0.0,T5_178
T1,104,0.0,21.0,15.74,15.74*,0.0,T1_104
T5,179,1.7,1.0,61.46,2.92,58.54,T5_179
T1,105,-5.4,1.0,4.97,0.5,5.47,T1_105
T1,106,0.0,72.0,28.57,28.57*,0.0,T1_106
T10,129,0.0,28.0,13.88,13.88*,0.0,T10_129
T10,130,1.1,22.0,158.18,6.03,164.21,T10_130
T10,131,10.9,80.0,83.48,17.89,101.37,T10_131
T10,132,13.6,6.0,48.29,16.27,64.56,T10_132
T1,107,0.0,67.0,2.48,2.48*,0.0,T1_107
T5,180,-4.8,0.0,32.46,1.32,33.78,T5_180
T5,181,0.0,17.0,2.77,2.77*,0.0,T5_181
T5,182,0.0,101.0,6.52,6.52*,0.0,T5_182
T10,133,17.3,28.0,138.21,10.17,148.38,T10_133
T5,183,0.0,52.0,8.93,8.93*,0.0,T5_183
T5,184,0.0,52.0,4.4,4.4*,0.0,T5_184
T5,185,0.0,52.0,4.4,4.4*,0.0,T5_185
T10,134,9.3,88.0,71.92,12.0,83.92,T10_134
T5,186,-10.2,2.0,24.85,0.23,25.08,T5_186
T1,108,-2.0,12.0,3.07,3.07*,0.0,T1_108
T1,109,0.0,60.0,13.2,13.2*,0.0,T1_109
T10,135,3.5,12.0,52.88,2.54,55.42,T10_135
T10,136,24.8,9.0,18.98,5.52,24.5,T10_136
T5,187,17.9,80.0,49.88,1.2,48.68,T5_187
T5,188,0.0,137.0,46.39,46.39*,0.0,T5_188
T5,189,-5.6,2.0,38.04,6.85,44.89,T5_189
T5,190,-1.6,0.0,50.86,0.97,49.89,T5_190
T5,191,0.7,1.0,47.22,1.47,48.69,T5_191
T1,110,5.1,6.0,13.01,3.5,16.51,T1_110
T1,111,-0.5,0.0,29.01,0.23,29.24,T1_111
T5,192,-1.4,0.0,62.12,0.62,61.5,T5_192
T5,193,-1.1,0.0,60.05,0.86,59.19,T5_193
T1,112,0.1,0.0,28.74,0.42,28.32,T1_112
T5,194,-2.9,0.0,45.84,1.08,46.92,T5_194
T5,195,-2.8,0.0,78.66,0.01,78.67,T5_195
T10,137,-6.3,30.0,157.24,2.5,159.74,T10_137
T5,196,-1.0,2.0,58.26,0.76,57.5,T5_196
T5,197,1.5,1.0,58.75,1.39,57.36,T5_197
T5,198,2.3,9.0,82.42,0.04,82.38,T5_198
T5,199,0.5,2.0,55.39,1.08,54.31,T5_199
T1,113,-1.0,2.0,1.47,1.47*,0.0,T1_113
T5,200,0.0,1.0,1.88,1.88*,0.0,T5_200
T10,138,3.0,125.0,51.21,47.88,3.33,T10_138
T5,201,2.0,6.0,11.13,10.02,1.11,T5_201
T10,139,8.5,65.0,67.0,23.25,43.75,T10_139
T10,140,15.8,43.0,112.78,4.97,117.75,T10_140
T1,114,-4.3,1.0,14.83,4.38,19.21,T1_114
T1,115,-0.1,0.0,2.35,2.35*,0.0,T1_115
T1,116,0.4,1.0,29.1,1.4,30.5,T1_116
T1,117,-0.8,1.0,30.02,2.13,27.89,T1_117
T1,118,-1.2,1.0,0.98,0.98*,0.0,T1_118
T1,119,-1.3,1.0,3.39,3.39*,0.0,T1_119
T1,120,-0.2,1.0,2.99,2.99*,0.0,T1_120
T1,121,-7.2,2.0,11.68,2.93,14.61,T1_121
T1,122,0.8,1.0,19.45,1.83,21.28,T1_122
T1,123,-0.2,0.0,29.23,0.59,28.64,T1_123
T1,124,-0.9,0.0,30.1,0.53,29.57,T1_124
T1,125,-1.1,0.0,1.66,1.66*,0.0,T1_125
T1,126,-0.5,0.0,1.86,1.86*,0.0,T1_126
T1,127,-0.5,1.0,28.12,2.22,25.9,T1_127
T1,128,0.2,0.0,22.82,4.37,27.19,T1_128
T1,129,-0.9,2.0,23.81,2.57,21.24,T1_129
T5,202,0.8,6.0,26.69,0.31,27.0,T5_202
T1,130,0.0,43.0,8.51,8.51*,0.0,T1_130
T10,141,-1.2,6.0,153.27,3.62,156.89,T10_141
T10,142,4.6,45.0,65.64,2.97,68.61,T10_142
T5,203,-0.2,10.0,64.87,0.55,65.42,T5_203
T5,204,0.0,19.0,5.11,5.11*,0.0,T5_204
T1,131,0.0,97.0,15.66,15.66*,0.0,T1_131
T1,132,0.0,11.0,1.54,1.54*,0.0,T1_132
T1,133,-0.5,0.0,3.29,3.29*,0.0,T1_133
T1,134,1.0,132.0,180.87,180.73,0.14,T1_134
T10,143,-24.8,44.0,57.95,1.51,56.44,T10_143
T5,205,0.0,4.0,4.81,4.81*,0.0,T5_205
T10,144,3.4,6.0,39.26,7.99,47.25,T10_144
T5,206,25.8,2.0,17.29,6.13,23.42,T5_206
T5,207,1.0,87.0,11.78,11.22,0.56,T5_207
T10,145,-5.0,12.0,62.59,11.06,51.53,T10_145
T5,208,-2.6,22.0,31.2,2.7,28.5,T5_208
T10,146,-11.5,4.0,234.43,217.55,16.88,T10_146
T5,209,0.0,20.0,2.18,2.18*,0.0,T5_209
T5,210,0.0,30.0,0.99,0.99*,0.0,T5_210
T5,211,0.0,4.0,1.43,1.43*,0.0,T5_211
T5,212,0.0,37.0,2.51,2.51*,0.0,T5_212
T1,135,5.0,157.0,22.81,22.12,0.69,T1_135
T1,136,0.0,7.0,22.24,22.24*,0.0,T1_136
T1,137,-2.1,5.0,20.33,1.63,21.96,T1_137
T1,138,0.3,0.0,13.98,2.09,16.07,T1_138
T1,139,-1.1,0.0,20.55,2.06,18.49,T1_139
T1,140,-0.6,0.0,22.75,1.0,21.75,T1_140
T1,141,2.3,1.0,14.9,0.61,15.51,T1_141
T1,142,-1.4,2.0,7.59,2.95,4.64,T1_142
T1,143,-0.4,1.0,16.31,0.41,16.72,T1_143
T1,144,-2.7,0.0,5.29,2.41,2.88,T1_144
T1,145,0.0,6.0,3.9,3.9*,0.0,T1_145
T1,146,-1.7,3.0,8.62,1.72,6.9,T1_146
T1,147,-3.5,0.0,7.05,2.4,4.65,T1_147
T1,148,-5.2,4.0,1.86,1.64,3.5,T1_148
T1,149,0.0,16.0,4.0,4.0*,0.0,T1_149
T5,213,10.7,1.0,6.62,2.37,4.25,T5_213
T10,147,4.8,11.0,45.21,7.23,52.44,T10_147
T1,150,-0.4,0.0,8.49,1.84,10.33,T1_150
T1,151,-1.2,0.0,12.32,0.49,11.83,T1_151
T1,152,0.5,3.0,9.03,4.23,13.26,T1_152
T1,153,-0.2,1.0,11.06,0.91,11.97,T1_153
T1,154,0.6,1.0,11.17,0.14,11.03,T1_154
T1,155,-2.5,0.0,14.09,3.19,10.9,T1_155
T1,156,-2.8,1.0,11.26,1.98,9.28,T1_156
T1,157,-0.9,2.0,19.84,0.55,19.29,T1_157
T1,158,-0.3,1.0,10.66,2.01,8.65,T1_158
T5,214,0.0,135.0,6.47,6.47*,0.0,T5_214
T5,215,0.0,9.0,3.42,3.42*,0.0,T5_215
T10,148,-8.4,2.0,31.36,5.69,25.67,T10_148
T5,216,4.0,5.0,47.61,45.94,1.67,T5_216
T10,149,-10.5,110.0,144.42,129.0,15.42,T10_149
T10,150,6.7,9.0,19.6,13.52,6.08,T10_150
T1,159,2.0,113.0,35.81,35.53,0.28,T1_159
T5,217,-15.2,4.0,48.01,1.79,46.22,T5_217
T10,151,-13.0,120.0,79.43,14.32,93.75,T10_151
T5,218,8.5,0.0,78.8,1.3,77.5,T5_218
T5,219,0.7,10.0,118.7,2.42,116.28,T5_219
T5,220,1.4,0.0,121.28,3.17,118.11,T5_220
T5,221,2.4,5.0,122.05,2.27,119.78,T5_221
T5,222,0.3,4.0,64.8,0.76,64.04,T5_222
T5,223,-1.5,8.0,108.05,1.66,106.39,T5_223
T5,224,-0.5,1.0,42.86,3.69,39.17,T5_224
T5,225,-1.8,0.0,68.66,0.99,67.67,T5_225
T5,226,2.8,1.0,80.97,3.8,77.17,T5_226
T5,227,-2.1,0.0,51.01,1.54,49.47,T5_227
T5,228,0.9,1.0,48.03,3.28,44.75,T5_228
T5,229,1.0,0.0,67.54,0.46,67.08,T5_229
T5,230,-0.5,0.0,65.92,3.56,62.36,T5_230
T5,231,-1.3,0.0,42.48,1.56,40.92,T5_231
T5,232,1.7,1.0,40.92,0.27,41.19,T5_232
T5,233,-0.5,1.0,56.69,3.15,53.54,T5_233
T5,234,-2.4,2.0,55.45,3.67,51.78,T5_234
T5,235,1.0,0.0,45.49,4.1,41.39,T5_235
T5,236,-8.2,31.0,5.56,1.16,6.72,T5_236
T5,237,1.0,23.0,3.27,2.71,0.56,T5_237
T5,238,0.0,139.0,4.1,4.1*,0.0,T5_238
T5,239,-4.0,0.0,127.1,0.71,126.39,T5_239
T10,152,17.1,129.0,42.44,8.31,50.75,T10_152
T5,240,0.0,137.0,13.52,13.52*,0.0,T5_240
T5,241,1.0,38.0,6.69,6.0,0.69,T5_241
T10,153,6.0,87.0,85.41,9.03,94.44,T10_153
T5,242,-1.2,11.0,104.13,2.35,101.78,T5_242
T5,243,-2.6,4.0,64.21,1.65,62.56,T5_243
T5,244,0.0,178.0,2.89,2.89*,0.0,T5_244
T1,160,0.0,178.0,4.33,4.33*,0.0,T1_160
T1,161,-1.3,1.0,17.47,0.07,17.4,T1_161
T1,162,-1.4,0.0,1.97,1.97*,0.0,T1_162
T1,163,-0.8,1.0,6.02,6.02*,0.0,T1_163
T1,164,-1.1,1.0,33.4,2.14,31.26,T1_164
T5,245,3.2,2.0,89.12,1.29,87.83,T5_245
T1,165,2.8,1.0,22.09,2.2,19.89,T1_165
T1,166,-0.1,0.0,22.1,1.25,20.85,T1_166
T1,167,-0.8,1.0,2.41,2.41*,0.0,T1_167
T1,168,0.8,2.0,26.72,0.11,26.83,T1_168
T1,169,-1.9,0.0,23.73,0.41,23.32,T1_169
T1,170,0.4,0.0,3.74,3.74*,0.0,T1_170
T1,171,-0.3,0.0,21.74,1.42,20.32,T1_171
T1,172,0.0,0.0,23.11,0.89,22.22,T1_172
T1,173,-1.0,1.0,11.87,1.32,13.19,T1_173
T5,246,-0.6,3.0,107.64,0.47,108.11,T5_246
T1,174,-1.4,0.0,30.18,2.76,27.42,T1_174
T1,175,-0.7,1.0,27.2,2.9,30.1,T1_175
T1,176,-1.4,2.0,26.17,0.14,26.03,T1_176
T1,177,-0.7,1.0,32.92,3.38,29.54,T1_177
T1,178,-0.2,0.0,23.91,0.27,23.64,T1_178
T1,179,-0.3,0.0,3.77,3.77*,0.0,T1_179
T1,180,-0.2,0.0,2.12,2.12*,0.0,T1_180
T1,181,1.2,1.0,25.9,0.51,25.39,T1_181
T1,182,-0.4,0.0,26.36,7.14,19.22,T1_182
T1,183,2.2,0.0,33.59,4.17,29.42,T1_183
T1,184,1.5,0.0,30.91,3.06,27.85,T1_184
T1,185,-1.2,1.0,16.01,1.4,14.61,T1_185
T10,154,1.0,120.0,2.72,1.89,0.83,T10_154
T1,186,0.0,142.0,28.31,28.31*,0.0,T1_186
T1,187,2.0,8.0,2.23,1.95,0.28,T1_187
T5,247,2.0,3.0,4.03,2.64,1.39,T5_247
T5,248,0.0,2.0,4.15,4.15*,0.0,T5_248
T5,249,-0.6,1.0,16.52,0.48,17.0,T5_249
T1,188,0.0,27.0,6.77,6.77*,0.0,T1_188
T1,189,0.0,1.0,26.03,0.91,26.94,T1_189
T1,190,-6.1,8.0,3.56,2.71,0.85,T1_190
T5,250,10.0,21.0,6.52,0.42,6.94,T5_250
T5,251,0.0,107.0,4.55,4.55*,0.0,T5_251
T1,191,-6.0,11.0,3.56,1.62,1.94,T1_191
T5,252,2.0,170.0,5.7,4.31,1.39,T5_252
T5,253,2.0,133.0,6.12,5.01,1.11,T5_253
T5,254,0.0,21.0,7.6,7.6*,0.0,T5_254
T1,192,0.0,21.0,2.12,2.12*,0.0,T1_192
T1,193,0.7,48.0,2.04,0.36,2.4,T1_193
T5,255,-1.8,5.0,24.79,2.38,27.17,T5_255
T1,194,-0.9,1.0,29.69,3.73,25.96,T1_194
T1,195,0.8,0.0,32.69,2.8,29.89,T1_195
T1,196,-1.3,1.0,28.94,2.65,26.29,T1_196
T1,197,0.7,0.0,30.52,4.23,26.29,T1_197
T1,198,-1.0,3.0,26.88,1.04,27.92,T1_198
T1,199,-1.3,1.0,23.35,0.16,23.51,T1_199
T1,200,1.3,0.0,30.25,0.4,30.65,T1_200
T1,201,-0.3,0.0,1.86,1.86*,0.0,T1_201
T1,202,-1.0,0.0,1.84,1.84*,0.0,T1_202
T5,256,1.0,44.0,0.51,0.05,0.56,T5_256
T5,257,2.7,13.0,6.92,5.54,1.38,T5_257
T5,258,1.6,1.0,68.42,1.59,66.83,T5_258
T10,155,-1.1,59.0,68.87,7.51,76.38,T10_155
T1,203,-0.4,12.0,3.12,0.29,2.83,T1_203
T1,204,0.0,168.0,2.18,2.18*,0.0,T1_204
T5,259,-12.4,4.0,73.56,1.12,72.44,T5_259
T5,260,-1.2,9.0,95.86,0.36,96.22,T5_260
T1,205,2.0,179.0,40.15,39.87,0.28,T1_205
T10,156,32.1,23.0,75.95,3.94,79.89,T10_156
T5,261,-2.0,7.0,37.32,1.57,38.89,T5_261
T10,157,8.2,58.0,51.57,0.68,52.25,T10_157
T1,206,-2.0,15.0,1.54,1.54*,3.33,T1_206
T1,207,1.0,25.0,8.16,8.16*,0.0,T1_207
T5,262,-0.6,0.0,64.39,1.3,65.69,T5_262
T5,263,-2.2,1.0,126.32,0.21,126.53,T5_263
T5,264,5.2,2.0,75.25,3.08,78.33,T5_264
T5,265,0.0,97.0,10.55,10.55*,0.0,T5_265
T5,266,13.5,77.0,31.23,0.33,30.9,T5_266
T5,267,0.0,40.0,1.57,1.57*,0.0,T5_267
T10,158,-10.5,51.0,11.78,8.84,20.62,T10_158
T5,268,0.0,105.0,8.09,8.09*,0.0,T5_268
T5,269,-2.3,1.0,16.72,4.01,12.71,T5_269
T10,159,10.5,55.0,46.08,0.45,46.53,T10_159
T10,160,-6.8,4.0,28.32,2.21,26.11,T10_160
T5,270,0.0,97.0,5.56,5.56*,0.0,T5_270
T1,208,-2.1,3.0,1.92,1.92*,0.0,T1_208
T5,271,-7.0,72.0,10.45,4.13,14.58,T5_271
T1,209,-10.4,18.0,2.9,2.9*,0.0,T1_209
T5,272,-7.2,78.0,3.42,0.31,3.11,T5_272
T5,273,0.0,51.0,3.99,3.99*,0.0,T5_273
T5,274,6.3,18.0,107.65,2.3,105.35,T5_274
T5,275,5.3,3.0,42.51,2.42,44.93,T5_275
T5,276,9.3,7.0,74.17,1.32,75.49,T5_276
T5,277,3.0,165.0,9.82,8.15,1.67,T5_277
T10,161,3.7,12.0,144.61,4.61,149.22,T10_161
T1,210,-0.4,3.0,25.15,1.76,23.39,T1_210
T5,278,2.6,17.0,35.32,30.49,4.83,T5_278
T5,279,0.0,41.0,6.94,6.94*,0.0,T5_279
T5,280,-13.5,20.0,36.77,1.15,35.62,T5_280
T10,162,0.0,54.0,11.3,11.3*,0.0,T10_162
T5,281,4.1,15.0,59.42,5.32,54.1,T5_281
T5,282,-0.2,3.0,60.8,0.37,61.17,T5_282
T5,283,0.5,1.0,118.22,3.72,121.94,T5_283
T5,284,0.7,0.0,113.59,2.69,116.28,T5_284
T5,285,2.5,0.0,113.51,0.66,114.17,T5_285
T5,286,-2.3,5.0,114.86,1.36,113.5,T5_286
T5,287,2.3,0.0,119.62,2.44,122.06,T5_287
T5,288,2.0,0.0,111.35,0.87,112.22,T5_288
T5,289,-1.3,12.0,87.03,2.58,89.61,T5_289
T5,290,-8.2,2.0,80.54,0.68,81.22,T5_290
T1,211,-0.5,2.0,34.12,2.66,31.46,T1_211
T5,291,2.5,1.0,112.3,4.09,116.39,T5_291
T5,292,-7.0,0.0,118.03,2.53,120.56,T5_292
T5,293,0.6,1.0,108.63,3.26,111.89,T5_293
T5,294,4.2,3.0,6.97,2.64,4.33,T5_294
T5,295,3.3,1.0,22.4,0.21,22.61,T5_295
T5,296,-1.4,2.0,20.88,1.21,19.67,T5_296
T5,297,6.9,0.0,73.49,2.68,76.17,T5_297
T5,298,-2.2,1.0,107.11,1.89,109.0,T5_298
T5,299,0.1,2.0,106.88,0.27,106.61,T5_299
T5,300,-4.8,13.0,97.46,5.21,102.67,T5_300
T5,301,-3.0,10.0,52.38,1.79,54.17,T5_301
T10,163,-1.4,32.0,169.51,10.18,159.33,T10_163
T5,302,-0.8,2.0,38.91,2.91,36.0,T5_302
T5,303,-1.3,5.0,69.98,4.08,74.06,T5_303
T5,304,-1.6,1.0,57.05,0.61,56.44,T5_304
T10,164,2.0,4.0,223.13,6.46,216.67,T10_164
T5,305,3.2,2.0,84.88,2.38,82.5,T5_305
T5,306,-1.0,0.0,72.9,2.34,70.56,T5_306
T10,165,1.3,12.0,122.05,2.76,119.29,T10_165
T5,307,0.0,13.0,86.66,1.12,87.78,T5_307
T5,308,8.0,0.0,88.78,1.0,87.78,T5_308
T5,309,16.8,138.0,25.41,7.37,32.78,T5_309
T5,310,5.6,4.0,50.49,1.38,49.11,T5_310
T5,311,-2.5,11.0,42.2,4.14,38.06,T5_311
T5,312,4.2,0.0,59.37,2.74,62.11,T5_312
T5,313,37.3,3.0,44.14,0.42,43.72,T5_313
T5,314,-6.3,7.0,39.64,3.92,35.72,T5_314
T5,315,0.0,124.0,3.08,3.08*,0.0,T5_315
T5,316,0.0,124.0,3.08,3.08*,0.0,T5_316
T5,317,0.0,124.0,3.08,3.08*,0.0,T5_317
T5,318,2.0,5.0,3.4,2.29,1.11,T5_318
T1,212,0.0,114.0,12.29,12.29*,0.0,T1_212
T5,319,1.0,141.0,1.86,1.17,0.69,T5_319
T5,320,0.0,11.0,4.15,4.15*,0.0,T5_320
T5,321,0.0,11.0,4.15,4.15*,0.0,T5_321
T1,213,-1.9,13.0,8.07,4.47,3.6,T1_213
T5,322,3.0,37.0,69.96,68.29,1.67,T5_322
T5,323,13.0,6.0,19.74,10.71,9.03,T5_323
T5,324,0.0,3.0,4.84,4.84*,0.0,T5_324
T5,325,3.2,0.0,38.74,0.68,38.06,T5_325
T5,326,0.0,44.0,1.11,1.11*,0.0,T5_326
T5,327,4.0,6.0,7.42,5.2,2.22,T5_327
T5,328,-3.6,16.0,2.13,0.13,2.0,T5_328
T5,329,-2.0,0.0,74.19,0.25,74.44,T5_329
T5,330,-4.9,0.0,55.8,1.97,53.83,T5_330
T5,331,-0.7,0.0,11.47,1.14,12.61,T5_331
T5,332,-9.0,12.0,48.1,0.88,47.22,T5_332
T5,333,18.6,8.0,31.15,0.74,31.89,T5_333
T5,334,1.1,9.0,52.15,1.99,54.14,T5_334
T5,335,-2.7,0.0,115.35,1.63,113.72,T5_335
T5,336,0.8,0.0,107.48,2.08,109.56,T5_336
T5,337,-2.4,2.0,62.33,3.45,65.78,T5_337
T1,214,0.0,61.0,5.81,5.81*,0.0,T1_214
T5,338,-1.4,0.0,31.99,2.12,34.11,T5_338
T5,339,8.8,0.0,59.56,2.22,61.78,T5_339
T1,215,-1.0,1.0,4.66,4.66*,0.0,T1_215
T5,340,-2.2,2.0,104.01,0.55,104.56,T5_340
T5,341,1.3,0.0,113.85,0.13,113.72,T5_341
T5,342,-1.5,10.0,119.92,1.31,118.61,T5_342
T5,343,13.1,11.0,133.73,2.55,131.18,T5_343
T5,344,-0.3,10.0,147.25,1.21,146.04,T5_344
T5,345,-6.2,0.0,133.65,2.96,130.69,T5_345
T5,346,11.4,2.0,124.3,1.12,125.42,T5_346
T5,347,-4.0,1.0,150.96,1.82,152.78,T5_347
T5,348,-4.6,0.0,150.15,3.04,153.19,T5_348
T5,349,-0.2,2.0,119.45,2.64,116.81,T5_349
T5,350,0.5,0.0,114.82,1.28,113.54,T5_350
T5,351,-3.8,1.0,130.35,2.71,127.64,T5_351
T10,166,7.3,0.0,124.68,4.1,120.58,T10_166
T5,352,-0.3,0.0,156.46,0.69,157.15,T5_352
T10,167,0.3,0.0,126.96,1.12,128.08,T10_167
T5,353,1.6,3.0,152.21,0.54,151.67,T5_353
T5,354,5.4,7.0,140.6,1.29,139.31,T5_354
T5,355,1.9,0.0,138.82,1.53,140.35,T5_355
T5,356,-0.4,1.0,141.91,1.42,143.33,T5_356
T5,357,-2.7,2.0,153.79,1.92,151.87,T5_357
T5,358,4.5,0.0,114.54,1.0,113.54,T5_358
T10,168,-2.8,0.0,174.3,3.03,177.33,T10_168
T5,359,0.5,0.0,145.89,0.4,145.49,T5_359
T5,360,1.8,0.0,81.26,2.21,83.47,T5_360
T5,361,2.2,2.0,38.16,2.19,35.97,T5_361
T1,216,0.0,64.0,3.02,3.02*,0.0,T1_216
T5,362,18.1,5.0,23.67,4.62,28.29,T5_362
T5,363,-0.8,3.0,15.44,0.56,16.0,T5_363
T5,364,-1.3,0.0,72.82,2.72,75.54,T5_364
T1,217,-0.8,4.0,9.73,1.29,8.44,T1_217
T5,365,-9.9,0.0,54.65,2.48,52.17,T5_365
T5,366,8.7,9.0,78.23,3.98,82.21,T5_366
T5,367,1.8,10.0,103.69,0.62,104.31,T5_367
T5,368,2.2,0.0,103.45,3.59,99.86,T5_368
T5,369,46.3,15.0,23.45,15.23,38.68,T5_369
T5,370,-9.9,17.0,151.07,0.25,151.32,T5_370
T5,371,-4.9,12.0,61.57,2.18,59.39,T5_371
T5,372,-20.9,7.0,92.01,0.28,92.29,T5_372
T10,169,48.9,11.0,128.94,3.43,125.51,T10_169
T5,373,-6.5,7.0,81.25,3.19,78.06,T5_373
T10,170,-9.6,1.0,47.24,6.82,54.06,T10_170
T10,171,-6.5,21.0,5.56,0.14,5.42,T10_171
T1,218,1.0,83.0,7.56,7.42,0.14,T1_218
T5,374,-9.8,29.0,10.45,3.87,6.58,T5_374
T5,375,0.0,29.0,1.12,1.12*,0.0,T5_375
T5,376,0.0,29.0,1.12,1.12*,0.0,T5_376
T5,377,0.0,170.0,35.01,35.01*,0.0,T5_377
T10,172,1.0,11.0,9.53,8.7,0.83,T10_172
T1,219,-0.8,0.0,7.02,7.02*,0.0,T1_219
T1,220,1.0,1.0,17.5,0.14,17.64,T1_220
T5,378,-6.4,1.0,61.28,0.55,61.83,T5_378
T1,221,-1.3,11.0,12.1,0.58,12.68,T1_221
T1,222,-0.1,0.0,5.0,5.0*,0.0,T1_222
T1,223,-0.5,0.0,4.56,4.56*,0.0,T1_223
T1,224,-0.6,0.0,4.08,4.08*,0.0,T1_224
T1,225,0.8,0.0,22.19,2.02,20.17,T1_225
T1,226,0.0,0.0,23.57,0.24,23.33,T1_226
T1,227,1.6,1.0,20.33,0.28,20.61,T1_227
T1,228,0.3,0.0,28.83,0.02,28.85,T1_228
T1,229,-1.7,0.0,25.82,1.92,27.74,T1_229
T1,230,-0.5,0.0,22.21,2.03,24.24,T1_230
T5,379,0.7,7.0,115.41,1.35,114.06,T5_379
T1,231,-1.7,0.0,28.2,0.37,28.57,T1_231
T1,232,-0.2,0.0,29.87,2.06,27.81,T1_232
T1,233,1.7,0.0,12.65,2.39,15.04,T1_233
T5,380,2.0,33.0,127.6,127.04,0.56,T5_380
T10,173,0.0,27.0,140.87,140.87*,0.0,T10_173
T5,381,1.0,28.0,32.15,31.59,0.56,T5_381
T1,234,0.0,4.0,21.82,21.82*,0.0,T1_234
T1,235,-1.8,0.0,2.21,2.21*,0.0,T1_235
T1,236,-0.6,0.0,2.45,2.45*,0.0,T1_236
T1,237,-0.2,0.0,0.1,0.1*,0.0,T1_237
T1,238,-0.1,0.0,35.15,4.3,30.85,T1_238
T10,174,7.8,3.0,187.86,9.36,178.5,T10_174
T1,239,-0.4,0.0,5.05,5.05*,0.0,T1_239
T10,175,2.3,22.0,257.11,4.99,252.12,T10_175
T1,240,-1.4,0.0,25.21,5.29,19.92,T1_240
T1,241,0.6,0.0,26.48,5.45,21.03,T1_241
T1,242,-0.5,0.0,1.92,1.92*,0.0,T1_242
T1,243,-0.5,0.0,6.23,6.23*,0.0,T1_243
T1,244,-0.7,0.0,21.65,0.16,21.49,T1_244
T1,245,-1.5,0.0,27.82,1.28,29.1,T1_245
T5,382,-4.4,1.0,89.91,4.13,85.78,T5_382
T1,246,-1.9,1.0,17.02,1.02,18.04,T1_246
T1,247,-1.3,1.0,16.78,2.84,19.62,T1_247
T1,248,-2.1,0.0,18.68,3.0,21.68,T1_248
T5,383,-4.6,5.0,40.29,2.35,37.94,T5_383
T1,249,6.0,114.0,4.59,3.76,0.83,T1_249
T5,384,-5.8,1.0,37.98,0.81,37.17,T5_384
T10,176,0.0,22.0,3.17,3.17*,0.0,T10_176
T10,177,3.5,16.0,57.37,1.12,56.25,T10_177
T5,385,-24.8,80.0,18.28,1.06,17.22,T5_385
T5,386,4.0,151.0,14.54,13.43,1.11,T5_386
T10,178,-1.0,106.0,36.12,3.74,39.86,T10_178
T10,179,20.2,44.0,50.97,6.14,44.83,T10_179
T10,180,9.4,26.0,159.95,1.87,158.08,T10_180
T1,250,0.0,3.0,27.55,1.89,29.44,T1_250
T1,251,-0.6,1.0,23.13,3.06,26.19,T1_251
T1,252,-3.8,3.0,25.98,1.21,27.19,T1_252
T1,253,-1.3,0.0,26.51,0.34,26.85,T1_253
T1,254,3.7,0.0,12.42,2.62,15.04,T1_254
T1,255,0.6,0.0,28.55,0.81,29.36,T1_255
T1,256,0.7,0.0,23.79,2.22,26.01,T1_256
T1,257,-0.1,1.0,3.35,3.35*,0.0,T1_257
T1,258,-2.0,1.0,27.02,2.98,30.0,T1_258
T1,259,-0.8,0.0,2.33,1.67,4.0,T1_259
T1,260,0.0,27.0,4.29,4.29*,0.0,T1_260
T5,387,0.0,134.0,5.39,5.39*,0.0,T5_387
T1,261,0.0,66.0,6.66,6.66*,0.0,T1_261
T10,181,2.0,96.0,4.04,2.1,1.94,T10_181
T5,388,1.7,52.0,394.23,392.95,1.28,T5_388
T1,262,-2.1,1.0,36.51,27.33,9.18,T1_262
T1,263,-1.5,0.0,27.65,3.0,24.65,T1_263
T1,264,-1.6,0.0,30.91,1.8,29.11,T1_264
T1,265,-0.4,1.0,26.18,2.76,28.94,T1_265
T1,266,-0.1,0.0,27.0,1.35,28.35,T1_266
T1,267,-1.6,0.0,29.66,1.38,28.28,T1_267
T1,268,0.6,0.0,27.06,1.31,25.75,T1_268
T1,269,-0.1,0.0,29.43,1.08,28.35,T1_269
T10,182,6.9,12.0,251.71,2.84,248.87,T10_182
T1,270,-0.1,1.0,17.01,0.61,16.4,T1_270
T1,271,-0.7,4.0,15.32,1.89,13.43,T1_271
T1,272,0.0,22.0,8.11,8.11*,0.0,T1_272
T5,389,0.0,17.0,3.0,3.0*,0.0,T5_389
T10,183,-2.4,1.0,183.61,8.11,175.5,T10_183
T5,390,2.8,1.0,92.71,0.93,91.78,T5_390
T1,273,6.0,4.0,23.83,23.0,0.83,T1_273
T5,391,0.0,3.0,1.25,1.25*,0.0,T5_391
T5,392,-0.4,0.0,58.65,1.32,57.33,T5_392
T5,393,-0.9,3.0,50.14,1.56,48.58,T5_393
T5,394,10.2,1.0,25.03,0.47,25.5,T5_394
T5,395,-2.4,1.0,54.41,0.7,55.11,T5_395
T5,396,-0.6,0.0,59.93,3.01,62.94,T5_396
T5,397,-0.3,0.0,59.62,0.46,60.08,T5_397
T5,398,0.6,1.0,64.42,0.7,63.72,T5_398
T5,399,7.7,2.0,27.23,0.08,27.31,T5_399
T5,400,-2.0,0.0,82.13,0.46,81.67,T5_400
T5,401,1.2,0.0,92.96,0.13,92.83,T5_401
T1,274,-2.5,1.0,2.9,2.9*,0.0,T1_274
T5,402,0.6,4.0,67.01,1.43,65.58,T5_402
T5,403,0.5,0.0,76.88,2.09,74.79,T5_403
T10,184,-4.7,16.0,165.75,4.83,170.58,T10_184
T5,404,17.2,9.0,59.67,2.33,62.0,T5_404
T1,275,-4.7,28.0,3.01,1.81,4.82,T1_275
T10,185,-1.9,1.0,152.03,2.17,149.86,T10_185
T1,276,-0.9,2.0,7.68,2.0,5.68,T1_276
T1,277,0.0,116.0,4.42,4.42*,0.0,T1_277
T5,405,5.1,1.0,18.43,0.28,18.71,T5_405
T5,406,12.4,1.0,32.58,4.98,37.56,T5_406
T5,407,6.6,0.0,108.25,49.69,58.56,T5_407
T5,408,-0.9,0.0,105.32,2.6,102.72,T5_408
T5,409,-5.9,0.0,88.52,2.54,91.06,T5_409
T5,410,-3.5,9.0,114.75,0.58,114.17,T5_410
T5,411,-2.6,0.0,98.9,1.9,97.0,T5_411
T5,412,-1.4,5.0,92.52,0.63,91.89,T5_412
T5,413,-4.7,8.0,59.51,0.23,59.28,T5_413
T5,414,-6.6,13.0,111.66,4.66,107.0,T5_414
T5,415,-3.4,1.0,53.98,2.09,51.89,T5_415
T5,416,1.9,1.0,72.2,3.26,68.94,T5_416
T5,417,-6.5,1.0,90.42,3.48,86.94,T5_417
T5,418,-7.9,2.0,30.99,3.4,34.39,T5_418
T5,419,1.9,0.0,55.44,2.07,53.37,T5_419
T5,420,1.0,0.0,52.98,0.48,52.5,T5_420
T5,421,-3.3,0.0,55.56,0.2,55.36,T5_421
T5,422,0.4,1.0,129.85,1.04,130.89,T5_422
T5,423,1.9,0.0,75.43,2.11,77.54,T5_423
T5,424,-1.7,4.0,64.15,1.46,62.69,T5_424
T5,425,0.0,0.0,47.94,0.95,48.89,T5_425
T5,426,-4.1,0.0,79.31,0.1,79.21,T5_426
T5,427,0.1,0.0,60.35,0.44,60.79,T5_427
T1,278,-0.1,0.0,6.97,1.68,5.29,T1_278
T5,428,2.6,2.0,15.44,0.69,14.75,T5_428
T5,429,0.9,1.0,20.18,4.72,15.46,T5_429
T5,430,1.5,1.0,16.45,0.41,16.04,T5_430
T5,431,-2.7,0.0,19.36,1.57,17.79,T5_431
T1,279,0.0,35.0,6.94,6.94*,0.0,T1_279
T5,432,0.0,117.0,18.26,18.26*,0.0,T5_432
T10,186,0.0,117.0,4.96,4.96*,0.0,T10_186
T10,187,6.7,10.0,19.94,1.18,18.76,T10_187
T10,188,0.0,24.0,9.05,9.05*,0.0,T10_188
T10,189,23.5,2.0,32.84,8.48,41.32,T10_189
T10,190,-2.2,15.0,63.72,0.22,63.5,T10_190
T5,433,-6.7,31.0,12.68,0.31,12.99,T5_433
T10,191,0.0,99.0,16.23,16.23*,0.0,T10_191
T5,434,0.0,99.0,51.84,51.84*,0.0,T5_434
T5,435,0.0,99.0,18.11,18.11*,0.0,T5_435
T5,436,0.0,50.0,31.22,31.22*,0.0,T5_436
T10,192,1.0,99.0,16.26,15.43,0.83,T10_192
T5,437,-1.8,15.0,25.61,1.0,26.61,T5_437
T10,193,11.0,1.0,43.93,3.85,47.78,T10_193
T1,280,0.0,167.0,23.61,23.61*,0.0,T1_280
T5,438,6.0,165.0,4.67,1.34,3.33,T5_438
T10,194,1.0,72.0,16.7,15.73,0.97,T10_194
T5,439,2.2,4.0,15.71,0.77,14.94,T5_439
T5,440,-0.8,4.0,126.88,2.84,129.72,T5_440
T10,195,-21.2,4.0,47.37,5.87,41.5,T10_195
T1,281,0.0,89.0,5.27,5.27*,0.0,T1_281
T5,441,-9.3,4.0,119.26,2.98,116.28,T5_441
T5,442,6.5,7.0,107.54,0.04,107.5,T5_442
T5,443,-5.6,0.0,117.45,2.12,115.33,T5_443
T5,444,0.3,1.0,160.71,1.2,159.51,T5_444
T5,445,3.8,6.0,137.47,2.95,140.42,T5_445
T1,282,0.0,1.0,1.04,1.04*,0.0,T1_282
T5,446,-7.5,1.0,133.36,1.42,131.94,T5_446
T10,196,-2.5,1.0,169.81,1.06,168.75,T10_196
T10,197,-2.3,7.0,201.41,0.84,200.57,T10_197
T10,198,-2.5,0.0,103.41,9.85,113.26,T10_198
T10,199,1.5,0.0,208.48,0.06,208.54,T10_199
T10,200,-1.2,1.0,181.68,2.26,183.94,T10_200
T1,283,-0.1,2.0,28.45,1.56,30.01,T1_283
T10,201,-0.4,0.0,227.65,1.71,225.94,T10_201
T10,202,4.1,4.0,143.76,5.86,149.62,T10_202
T10,203,0.0,41.0,1.63,1.63*,0.0,T10_203
T1,284,4.0,152.0,44.07,43.51,0.56,T1_284
T5,447,0.0,28.0,32.62,32.62*,0.0,T5_447
T5,448,-0.8,0.0,99.43,1.01,100.44,T5_448
T5,449,2.5,1.0,105.17,2.11,103.06,T5_449
T5,450,-0.4,11.0,110.05,2.05,108.0,T5_450
T5,451,-0.2,0.0,102.37,2.19,104.56,T5_451
T5,452,0.2,1.0,109.27,1.73,111.0,T5_452
T5,453,2.1,0.0,115.04,0.65,114.39,T5_453
T5,454,6.7,6.0,73.54,2.74,76.28,T5_454
T5,455,-4.4,0.0,59.49,2.34,61.83,T5_455
T5,456,2.3,1.0,83.26,2.13,85.39,T5_456
T5,457,-5.7,1.0,86.73,4.21,90.94,T5_457
T5,458,-3.1,0.0,112.31,1.7,110.61,T5_458
T5,459,2.0,0.0,116.12,1.66,117.78,T5_459
T5,460,-0.9,0.0,74.61,1.73,72.88,T5_460
T5,461,-1.2,0.0,106.19,0.03,106.22,T5_461
T5,462,1.4,0.0,113.01,0.45,112.56,T5_462
T5,463,-0.9,12.0,120.6,2.32,118.28,T5_463
T5,464,-17.8,1.0,93.68,2.68,91.0,T5_464
T1,285,0.0,172.0,5.79,5.79*,0.0,T1_285
T10,204,0.0,8.0,10.57,10.57*,0.0,T10_204
T5,465,0.0,179.0,6.56,6.56*,0.0,T5_465
T1,286,-0.5,1.0,7.52,0.6,8.12,T1_286
T10,205,15.9,69.0,61.71,0.61,62.32,T10_205
T1,287,-1.2,1.0,16.24,0.8,15.44,T1_287
T1,288,0.0,21.0,2.51,2.51*,0.0,T1_288
T5,466,1.0,91.0,8.89,8.61,0.28,T5_466
T1,289,0.0,91.0,5.16,5.16*,0.0,T1_289
T1,290,0.0,91.0,5.16,5.16*,0.0,T1_290
T1,291,0.0,91.0,5.16,5.16*,0.0,T1_291
T1,292,0.9,6.0,7.37,4.72,2.65,T1_292
T1,293,6.0,0.0,8.67,1.05,9.72,T1_293
T10,206,-6.8,31.0,169.92,0.14,169.78,T10_206
T1,294,3.0,116.0,8.59,8.17,0.42,T1_294
T10,207,19.3,83.0,97.41,15.88,81.53,T10_207
T10,208,-3.4,17.0,34.04,6.21,40.25,T10_208
T5,467,-3.2,74.0,5.16,2.6,2.56,T5_467
T5,468,13.0,112.0,16.23,7.2,9.03,T5_468
T10,209,1.0,23.0,0.72,0.11,0.83,T10_209
T5,469,-2.5,1.0,103.96,1.46,102.5,T5_469
T5,470,-1.7,1.0,114.46,2.4,112.06,T5_470
T5,471,-0.2,5.0,109.77,0.34,110.11,T5_471
T5,472,-1.0,10.0,125.95,0.26,125.69,T5_472
T5,473,-2.5,2.0,145.92,2.52,143.4,T5_473
T5,474,0.0,20.0,4.98,4.98*,0.0,T5_474
T5,475,5.3,1.0,104.23,0.42,104.65,T5_475
T5,476,-2.2,0.0,142.93,0.26,143.19,T5_476
T5,477,2.9,6.0,130.53,0.79,131.32,T5_477
T10,210,-4.5,14.0,199.52,1.24,200.76,T10_210
T5,478,-1.1,1.0,132.91,2.58,135.49,T5_478
T5,479,6.3,0.0,101.68,2.6,104.28,T5_479
T5,480,1.6,0.0,140.24,0.32,140.56,T5_480
T5,481,-4.8,0.0,120.08,2.7,122.78,T5_481
T5,482,-0.6,1.0,118.03,1.83,119.86,T5_482
T5,483,5.0,15.0,137.95,1.14,136.81,T5_483
T5,484,-0.6,2.0,155.73,0.24,155.97,T5_484
T5,485,2.7,1.0,141.98,0.8,141.18,T5_485
T5,486,-6.8,2.0,123.89,0.28,124.17,T5_486
T1,295,-0.2,1.0,3.09,1.4,1.69,T1_295
T1,296,1.0,58.0,7.25,7.11,0.14,T1_296
T1,297,0.4,7.0,5.04,3.98,1.06,T1_297
T10,211,0.2,69.0,3.49,3.01,6.5,T10_211
T5,487,1.0,128.0,5.23,4.67,0.56,T5_487
T5,488,-3.1,1.0,57.44,3.5,53.94,T5_488
T5,489,-1.8,1.0,104.17,0.95,103.22,T5_489
T5,490,-5.6,1.0,52.55,2.77,49.78,T5_490
T5,491,-0.9,2.0,63.89,0.86,63.03,T5_491
T5,492,-3.1,1.0,116.18,2.21,118.39,T5_492
T5,493,1.1,1.0,109.75,2.97,112.72,T5_493
T5,494,-4.2,0.0,99.2,2.02,101.22,T5_494
T5,495,-1.9,0.0,109.08,1.36,107.72,T5_495
T5,496,-2.4,0.0,93.45,3.23,90.22,T5_496
T5,497,1.2,0.0,76.94,2.44,74.5,T5_497
T5,498,2.0,2.0,104.72,1.95,106.67,T5_498
T5,499,0.7,0.0,111.63,2.02,109.61,T5_499
T5,500,0.1,0.0,115.0,1.61,116.61,T5_500
T5,501,0.2,0.0,105.25,2.42,107.67,T5_501
T5,502,-2.5,0.0,119.53,2.59,116.94,T5_502
T5,503,1.2,0.0,95.23,3.67,91.56,T5_503
T5,504,-2.1,0.0,112.02,0.85,111.17,T5_504
T5,505,1.9,0.0,117.38,2.88,114.5,T5_505
T5,506,4.7,0.0,146.25,2.29,143.96,T5_506
T5,507,4.0,104.0,18.86,16.64,2.22,T5_507
T5,508,-0.7,0.0,44.11,1.69,42.42,T5_508
T5,509,7.6,8.0,14.76,0.76,14.0,T5_509
T5,510,5.0,64.0,11.48,9.4,2.08,T5_510
T5,511,0.0,153.0,5.29,5.29*,0.0,T5_511
T1,298,-1.0,1.0,7.73,3.52,11.25,T1_298
T1,299,1.9,0.0,15.76,0.36,16.12,T1_299
T1,300,-1.2,1.0,,,,T1_300
T5,512,5.7,31.0,18.5,1.15,19.65,T5_512
T5,513,0.0,21.0,3.37,3.37*,0.0,T5_513
T1,301,0.0,4.0,2.15,2.15*,0.0,T1_301
T5,514,-5.7,3.0,13.5,0.81,12.69,T5_514
T1,302,0.5,17.0,6.32,6.32*,0.0,T1_302
T5,515,1.0,145.0,45.98,45.7,0.28,T5_515
T5,516,0.0,27.0,3.67,3.67*,0.0,T5_516
T5,517,-2.6,10.0,46.8,3.45,50.25,T5_517
T10,212,5.3,72.0,35.02,3.23,31.79,T10_212
T5,518,12.1,15.0,45.05,2.06,42.99,T5_518
T5,519,1.0,116.0,4.48,4.2,0.28,T5_519
T5,520,-3.2,0.0,18.03,2.25,20.28,T5_520
T5,521,3.8,15.0,130.66,0.03,130.69,T5_521
T5,522,0.7,55.0,14.11,0.14,14.25,T5_522
T5,523,0.0,83.0,8.9,8.9*,0.0,T5_523
T5,524,12.9,62.0,29.07,0.86,29.93,T5_524
T5,525,0.0,10.0,7.26,7.26*,0.0,T5_525
T5,526,0.0,177.0,2.26,2.26*,0.0,T5_526
T5,527,8.1,46.0,21.46,1.52,19.94,T5_527
T5,528,0.0,149.0,2.78,2.78*,0.0,T5_528
T5,529,3.1,12.0,14.76,6.45,21.21,T5_529
T1,303,0.0,178.0,8.64,8.64*,0.0,T1_303
T1,304,-0.4,0.0,4.65,4.65*,0.0,T1_304
T10,213,0.8,38.0,73.72,72.72,1.0,T10_213
T1,305,0.0,17.0,15.72,15.72*,0.0,T1_305
T1,306,0.0,15.0,5.34,5.34*,0.0,T1_306
T1,307,0.0,15.0,5.34,5.34*,0.0,T1_307
T1,308,-9.4,1.0,10.6,3.74,6.86,T1_308
T1,309,-1.2,0.0,2.87,2.87*,0.0,T1_309
T1,310,-0.2,1.0,1.9,1.9*,0.0,T1_310
T1,311,0.0,17.0,0.89,0.89*,0.0,T1_311
T1,312,-3.2,14.0,4.89,4.89*,0.0,T1_312
T1,313,-0.1,0.0,3.08,3.08*,0.0,T1_313
T1,314,-0.7,0.0,1.88,1.88*,0.0,T1_314
T1,315,-2.0,0.0,2.05,2.05*,0.0,T1_315
T1,316,-2.0,1.0,8.25,2.31,10.56,T1_316
T1,317,-1.6,0.0,13.57,1.37,14.94,T1_317
T1,318,-0.3,0.0,0.39,0.39*,0.0,T1_318
T1,319,-1.4,1.0,21.87,1.94,23.81,T1_319
T1,320,-9.1,3.0,11.77,3.56,8.21,T1_320
T1,321,0.0,2.0,4.47,4.47*,0.0,T1_321
T1,322,0.0,13.0,4.29,4.29*,0.0,T1_322
T1,323,-1.3,1.0,8.0,0.24,8.24,T1_323
T1,324,-4.7,1.0,21.02,1.76,19.26,T1_324
T10,214,17.4,10.0,212.95,4.7,208.25,T10_214
T5,530,-1.4,1.0,55.83,1.08,54.75,T5_530
T5,531,-1.1,0.0,68.2,1.42,69.62,T5_531
T5,532,2.3,2.0,52.74,2.27,50.47,T5_532
T5,533,6.6,26.0,20.05,1.33,18.72,T5_533
T10,215,-28.7,2.0,28.83,11.03,39.86,T10_215
T1,325,0.0,15.0,3.67,3.67*,0.0,T1_325
T5,534,9.0,1.0,17.83,3.11,14.72,T5_534
T1,326,-0.4,3.0,18.64,1.92,16.72,T1_326
T5,535,-1.8,1.0,48.38,1.56,49.94,T5_535
T1,327,0.5,1.0,28.24,2.8,31.04,T1_327
T1,328,-1.6,1.0,18.09,3.52,21.61,T1_328
T5,536,0.4,0.0,56.65,2.68,59.33,T5_536
T1,329,-1.1,1.0,25.25,2.13,27.38,T1_329
T5,537,-1.3,0.0,58.47,0.78,59.25,T5_537
T5,538,-4.0,3.0,62.29,1.18,61.11,T5_538
T1,330,-1.3,0.0,26.93,0.64,26.29,T1_330
T5,539,-0.6,1.0,52.37,0.57,52.94,T5_539
T5,540,0.4,1.0,54.2,1.8,56.0,T5_540
T1,331,4.4,1.0,10.0,1.61,11.61,T1_331
T5,541,0.0,1.0,52.12,1.56,50.56,T5_541
T5,542,-3.1,1.0,55.39,1.2,54.19,T5_542
T5,543,2.9,5.0,33.24,0.95,34.19,T5_543
T1,332,-0.7,0.0,28.12,3.37,31.49,T1_332
T5,544,-1.9,2.0,47.06,3.47,50.53,T5_544
T1,333,-0.1,0.0,2.76,2.76*,0.0,T1_333
T5,545,-1.8,8.0,58.71,3.77,54.94,T5_545
T5,546,0.6,2.0,49.86,0.03,49.83,T5_546
T10,216,-6.7,9.0,127.07,1.49,125.58,T10_216
T1,334,-3.5,0.0,29.8,0.15,29.65,T1_334
T1,335,-9.9,1.0,19.49,5.61,13.88,T1_335
T5,547,-0.4,0.0,62.79,0.1,62.89,T5_547
T5,548,-3.2,3.0,35.0,0.22,34.78,T5_548
T5,549,10.4,0.0,31.96,3.48,35.44,T5_549
T5,550,0.7,0.0,24.98,0.38,25.36,T5_550
T1,336,0.7,3.0,14.54,0.64,15.18,T1_336
T5,551,-2.6,0.0,35.17,0.0,35.17,T5_551
T5,552,-1.3,0.0,37.52,1.17,38.69,T5_552
T1,337,-0.7,0.0,19.63,1.76,17.87,T1_337
T1,338,2.7,11.0,4.27,4.27*,0.0,T1_338
T1,339,-5.1,1.0,21.14,6.82,14.32,T1_339
T1,340,2.8,2.0,7.51,1.82,9.33,T1_340
T5,553,-3.0,1.0,23.12,2.16,25.28,T5_553
T5,554,-4.5,0.0,41.19,0.62,41.81,T5_554
T5,555,-1.2,4.0,5.15,0.74,5.89,T5_555
T1,341,0.0,32.0,6.12,6.12*,0.0,T1_341
T5,556,-10.8,0.0,71.17,1.17,70.0,T5_556
T5,557,0.0,23.0,1.08,1.08*,0.0,T5_557
T5,558,2.0,31.0,0.7,0.69,1.39,T5_558
T5,559,0.0,23.0,1.5,1.5*,0.0,T5_559
T5,560,0.0,23.0,1.5,1.5*,0.0,T5_560
T5,561,0.0,23.0,1.5,1.5*,0.0,T5_561
T5,562,0.0,28.0,4.8,4.8*,0.0,T5_562
T5,563,0.0,28.0,4.8,4.8*,0.0,T5_563
T5,564,0.0,19.0,3.48,3.48*,0.0,T5_564
T5,565,1.3,1.0,27.15,0.19,26.96,T5_565
T5,566,0.0,1.0,2.2,2.2*,0.0,T5_566
T1,342,-8.0,79.0,0.38,0.38*,1.11,T1_342
T1,343,2.0,2.0,6.72,6.72*,0.0,T1_343
T10,217,0.0,24.0,1.44,1.44*,0.0,T10_217
T10,218,0.0,24.0,1.44,1.44*,0.0,T10_218
T10,219,2.5,62.0,33.21,2.65,30.56,T10_219
T10,220,0.7,1.0,22.39,0.36,22.75,T10_220
T5,567,1.0,22.0,2.48,1.92,0.56,T5_567
T10,221,19.0,0.0,129.76,4.34,125.42,T10_221
T10,222,-14.9,2.0,61.06,3.98,65.04,T10_222
T10,223,6.7,4.0,89.02,9.98,79.04,T10_223
T1,344,0.6,0.0,8.76,2.27,11.03,T1_344
T5,568,-11.6,37.0,7.65,2.82,4.83,T5_568
T10,224,5.5,31.0,280.18,6.63,286.81,T10_224
T10,225,-1.0,1.0,151.38,1.26,152.64,T10_225
T10,226,3.5,1.0,130.46,1.71,128.75,T10_226
T10,227,0.0,13.0,1.6,1.6*,0.0,T10_227
T10,228,-3.3,2.0,105.5,1.08,104.42,T10_228
T1,345,0.6,7.0,19.67,1.14,18.53,T1_345
T10,229,-5.4,0.0,101.64,1.19,102.83,T10_229
T10,230,-4.1,0.0,85.77,1.83,87.6,T10_230
T10,231,-3.1,9.0,124.34,2.72,121.62,T10_231
T10,232,-4.3,0.0,131.03,2.41,128.62,T10_232
T10,233,1.5,12.0,121.5,3.5,125.0,T10_233
T1,346,0.7,3.0,9.55,1.04,8.51,T1_346
T10,234,-0.2,1.0,196.76,1.77,198.53,T10_234
T10,235,-0.9,1.0,197.08,1.76,195.32,T10_235
T10,236,-3.3,23.0,211.66,3.49,215.15,T10_236
T10,237,0.0,1.0,6.13,6.13*,0.0,T10_237
T10,238,0.0,1.0,6.13,6.13*,0.0,T10_238
T10,239,-4.9,1.0,168.92,4.71,164.21,T10_239
T10,240,-2.8,5.0,144.37,2.96,147.33,T10_240
T10,241,5.2,1.0,143.73,2.88,146.61,T10_241
T10,242,-4.7,6.0,123.65,1.4,122.25,T10_242
T10,243,1.5,0.0,200.11,3.23,196.88,T10_243
T10,244,0.2,3.0,175.8,4.84,180.64,T10_244
T10,245,2.0,0.0,134.83,0.17,135.0,T10_245
T10,246,-1.6,4.0,221.03,1.7,219.33,T10_246
T10,247,7.7,15.0,206.84,8.22,198.62,T10_247
T10,248,-5.8,23.0,182.95,1.88,184.83,T10_248
T5,569,-3.1,6.0,104.77,3.62,108.39,T5_569
T10,249,21.6,0.0,111.75,6.47,118.22,T10_249
T10,250,2.4,0.0,222.55,0.77,221.78,T10_250
T10,251,1.9,7.0,166.98,0.34,167.32,T10_251
T10,252,-8.3,0.0,253.95,2.51,251.44,T10_252
T1,347,6.4,1.0,32.03,2.92,29.11,T1_347
T10,253,-0.6,8.0,267.56,1.81,265.75,T10_253
T5,570,-7.6,29.0,8.5,5.33,3.17,T5_570
T5,571,2.0,86.0,46.28,44.89,1.39,T5_571
T10,254,1.0,118.0,41.8,40.97,0.83,T10_254
T1,348,0.0,64.0,32.46,32.46*,0.0,T1_348
T1,349,-0.3,0.0,1.89,1.89*,0.0,T1_349
T10,255,6.4,24.0,86.43,13.01,99.44,T10_255
T1,350,-6.2,18.0,5.23,2.7,2.53,T1_350
T5,572,0.0,180.0,11.58,11.58*,0.0,T5_572
T5,573,-5.1,0.0,68.67,0.15,68.82,T5_573
T5,574,5.4,19.0,61.18,1.04,60.14,T5_574
T1,351,-1.4,18.0,5.63,4.32,1.31,T1_351
T1,352,1.0,53.0,158.62,158.48,0.14,T1_352
T10,256,1.5,29.0,133.78,6.71,140.49,T10_256
T10,257,5.0,22.0,80.49,1.74,78.75,T10_257
T1,353,-0.5,0.0,2.87,2.87*,0.0,T1_353
T5,575,3.5,0.0,27.46,1.42,26.04,T5_575
T1,354,1.0,51.0,26.2,26.06,0.14,T1_354
T5,576,0.7,9.0,54.57,6.15,60.72,T5_576
T10,258,1.6,1.0,143.0,4.33,138.67,T10_258
T10,259,10.5,2.0,87.51,0.41,87.92,T10_259
T5,577,1.0,108.0,10.67,9.98,0.69,T5_577
T5,578,17.0,36.0,25.88,2.04,27.92,T5_578
T5,579,0.0,103.0,1.66,1.66*,0.0,T5_579
T1,355,0.0,145.0,47.69,47.69*,0.0,T1_355
T5,580,-3.1,48.0,11.83,2.64,9.19,T5_580
T5,581,1.0,163.0,3.07,2.51,0.56,T5_581
T5,582,-0.7,4.0,15.66,1.02,14.64,T5_582
T5,583,-3.1,4.0,12.95,3.33,9.62,T5_583
T1,356,-1.6,56.0,4.05,4.05*,0.0,T1_356
