Data/Hora Inclusão,Data/Hora Evento,GNSS UTC Time,Tipo Dispositivo,IMEI,Sequência,Tipo Mensagem,Bateria Interna,ERI Mask,Protocol Version,Alimentação Externa,Input Status,Output Status,Motion,Duration Ign On,Duration Ign Off,Satélites,HDOP,MCC,MNC,LAC,Cell ID,Velocidade,Azimuth,Altitude,Latitude,Longitude,Hodômetro Total,Horímetro Total,CSQ RSSI,CSQ BER,RAT,BAND,ICCID,Ext. Pwr Supply,Charging,LED On,Timezone,Daylight Saving,Wave1 Output ID,Wave1 Output Active,BT Report Mask,BT Name,BT MAC Address,Peer Role,Peer Address Type,Driver ID,Login Status,MS GNSS Accuracy,Max Speed,MS Azimuth,MS Altitude,MS Longitude,MS Latitude,MS GNSS UTC Time,MS Satellite Number,MS Mileage
2025-10-06 23:36:23,2025-10-06 23:36:23,2025-10-06 23:34:09,385349,862689070108177,1754,GTERI,4.15,00008200,698407,12995,80,00,11,,,13,1,0724,0005,B299,033B540A,0.0,0,-9.5,-22.972522,-43.398212,205.5,,23,0,2,28,,,,,,,,,,,,,,,,1,0.0,0,-9.5,-43.398212,-22.972522,2025-10-06 23:34:09,13,205.5
2025-10-06 22:36:23,2025-10-06 22:36:23,2025-10-06 22:34:23,385349,862689070108177,1753,GTERI,4.15,00008200,698407,12772,80,00,11,,,10,1,0724,0005,B299,0341B909,0.0,0,-9.5,-22.972522,-43.398212,205.5,,27,0,2,28,,,,,,,,,,,,,,,,1,0.0,0,-9.5,-43.398212,-22.972522,2025-10-06 22:34:23,10,205.5
2025-10-06 21:36:23,2025-10-06 21:36:23,2025-10-06 21:34:02,385349,862689070108177,1752,GTERI,3.88,00008200,698407,12796,80,00,11,,,10,1,0724,0005,B299,033B540A,0.0,0,-9.5,-22.972522,-43.398212,205.5,,24,0,2,28,,,,,,,,,,,,,,,,1,0.0,0,-9.5,-43.398212,-22.972522,2025-10-06 21:34:02,10,205.5
2025-10-06 20:36:43,2025-10-06 20:36:23,2025-10-06 20:34:02,385349,862689070108177,1751,GTERI,3.75,00008200,698407,13027,80,00,11,,,9,1,0724,0005,B299,0341B909,0.0,0,-9.5,-22.972522,-43.398212,205.5,,24,0,2,28,,,,,,,,,,,,,,,,1,0.0,0,-9.5,-43.398212,-22.972522,2025-10-06 20:34:02,9,205.5
2025-10-06 19:36:23,2025-10-06 19:36:23,2025-10-06 19:34:02,385349,862689070108177,1750,GTERI,3.78,00008200,698407,13043,80,00,11,,,9,1,0724,0005,B299,0341B909,0.0,0,-9.5,-22.972522,-43.398212,205.5,,27,0,2,28,,,,,,,,,,,,,,,,1,0.0,0,-9.5,-43.398212,-22.972522,2025-10-06 19:34:02,9,205.5
2025-10-06 18:37:43,2025-10-06 18:36:23,2025-10-06 18:34:02,385349,862689070108177,1749,GTERI,3.82,00008200,698407,13059,80,00,11,,,7,1,0724,0005,B299,033B540A,0.0,0,-9.5,-22.972522,-43.398212,205.5,,25,0,2,28,,,,,,,,,,,,,,,,1,0.0,0,-9.5,-43.398212,-22.972522,2025-10-06 18:34:02,7,205.5
2025-10-06 17:36:23,2025-10-06 17:36:23,2025-10-06 17:34:02,385349,862689070108177,1748,GTERI,3.90,00008200,698407,13083,80,00,11,,,10,1,0724,0005,B299,0341B909,0.0,0,-9.5,-22.972522,-43.398212,205.5,,21,0,2,28,,,,,,,,,,,,,,,,1,0.0,0,-9.5,-43.398212,-22.972522,2025-10-06 17:34:02,10,205.5
2025-10-06 17:29:17,2025-10-06 17:28:16,2025-10-06 16:36:23,385349,862689070108177,1747,GTINF,3.91,,698407,13091,80,00,11,,,,,,,,,,,,,,,,27,0,,,89551808170105429170,1,0,1,+0000,0,,,,,,,,,,,,,,,,,,
2025-10-06 16:37:08,2025-10-06 16:36:23,2025-10-06 16:36:23,385349,862689070108177,1746,GTERI,3.98,00008200,698407,13131,80,00,11,,,13,1,0724,0005,B299,0341B909,0.2,0,-9.5,-22.972522,-43.398212,205.5,,26,0,2,28,,,,,,,,,,,,,,,,1,0.2,0,-9.5,-43.398212,-22.972522,2025-10-06 16:36:23,13,205.5
2025-10-06 16:37:07,2025-10-06 16:36:23,2025-10-06 16:36:23,385349,862689070108177,1745,GTRTL,3.98,,698407,13131,80,00,11,,,13,1,0724,0005,B299,0341B909,0.2,0,-9.5,-22.972522,-43.398212,205.5,,,,,,,,,,,,,,,,,,,,,,,,,,,,,
2025-10-06 16:37:07,2025-10-06 16:35:09,2025-10-06 16:35:08,385349,862689070108177,1744,GTDOG,,,,,,,,,,,,,,,,,,,,,,,,,,,,,,,,,,,,,,,,,,,,,,,,,,
2025-10-06 16:35:57,2025-10-06 16:35:09,2025-10-06 16:35:08,385349,862689070108177,1744,GTDOG,,,,,,,,,,,,,,,,,,,,,,,,,,,,,,,,,,,,,,,,,,,,,,,,,,
2025-10-06 16:35:56,2025-10-06 16:30:23,2025-10-06 16:30:23,385349,862689070108177,1743,GTERI,4.12,00008200,698407,13435,80,00,12,,,12,1,0724,0005,B299,033B5409,0.0,22,-8.5,-22.972535,-43.398155,205.5,,25,0,2,28,,,,,,,,,,,,,,,,1,0.0,22,-8.5,-43.398155,-22.972535,2025-10-06 16:30:23,12,205.5
2025-10-06 16:35:56,2025-10-06 16:30:23,2025-10-06 16:30:22,385349,862689070108177,1742,GTIGF,4.12,,698407,13858,80,00,12,1094,,12,0,0724,0005,B299,033B5409,0.0,22,-8.5,-22.972535,-43.398155,205.5,,,,,,,,,,,,,,,,,,,,,,,,,,,,,
2025-10-06 16:35:55,2025-10-06 16:29:02,2025-10-06 16:28:57,385349,862689070108177,1741,GTERI,4.11,00008200,698407,13898,81,00,22,,,16,1,0724,0005,B299,033B5409,7.1,350,30.6,-22.972865,-43.398835,205.4,,30,0,2,28,,,,,,,,,,,,,,,,1,59.4,269,44.5,-43.395930,-22.973033,2025-10-06 16:27:32,16,205.1
2025-10-06 16:35:55,2025-10-06 16:26:02,2025-10-06 16:25:57,385349,862689070108177,1739,GTERI,4.09,00008200,698407,13914,81,00,22,,,14,1,0724,0005,B299,03364D0B,24.4,288,-9.0,-22.972973,-43.383460,203.8,,23,0,0,0,,,,,,,,,,,,,,,,1,48.7,269,8.8,-43.374210,-22.973148,2025-10-06 16:24:19,14,202.9
2025-10-06 16:23:02,2025-10-06 16:23:02,2025-10-06 16:22:57,385349,862689070108177,1737,GTERI,4.07,00008200,698407,13938,81,00,22,,,14,1,0724,0005,B299,0348F30B,50.3,270,0.0,-22.973193,-43.369712,202.4,,31,0,2,28,,,,,,,,,,,,,,,,1,69.4,179,-29.6,-43.358032,-22.964383,2025-10-06 16:20:38,12,200.6
2025-10-06 16:22:23,2025-10-06 16:20:02,2025-10-06 16:19:57,385349,862689070108177,1735,GTERI,4.06,00008200,698407,13914,81,00,22,,,11,1,0724,0005,AD85,033B7109,61.7,177,-39.8,-22.957630,-43.358215,199.9,,31,0,2,28,,,,,,,,,,,,,,,,1,64.9,184,-41.2,-43.358225,-22.957982,2025-10-06 16:19:59,11,199.9
2025-10-06 16:17:02,2025-10-06 16:17:02,2025-10-06 16:16:57,385349,862689070108177,1733,GTERI,4.04,00008200,698407,13866,81,00,22,,,11,1,0724,0005,AD85,0336490E,0.0,191,-13.8,-22.949497,-43.348477,198.2,,31,0,2,3,,,,,,,,,,,,,,,,1,51.7,191,3.2,-43.346550,-22.945553,2025-10-06 16:15:46,10,197.8
2025-10-06 16:14:02,2025-10-06 16:14:02,2025-10-06 16:14:02,385349,862689070108177,1730,GTERI,4.01,00008200,698407,13874,81,00,22,,,10,1,0724,0005,AD85,033D5A0B,7.4,223,66.8,-22.939497,-43.342687,196.9,,31,0,2,28,,,,,,,,,,,,,,,,1,7.4,223,66.8,-43.342687,-22.939497,2025-10-06 16:14:02,10,196.9
2025-10-06 16:12:29,2025-10-06 16:12:09,2025-10-06 13:23:24,385349,862689070108177,1728,GTIGN,3.92,,698407,12956,81,00,22,,8800,4,0,0724,0005,AD85,033D5A0B,10.9,164,21.5,-22.939605,-43.342462,196.9,,,,,,,,,,,,,,,,,,,,,,,,,,,,,
2025-10-06 15:45:57,2025-10-06 15:45:57,2025-10-06 13:23:24,385349,862689070108177,1727,GTERI,3.95,00008200,698407,13083,80,00,11,,,4,0,0724,0005,AD85,033D5A0B,10.9,164,21.5,-22.939605,-43.342462,196.9,,20,0,2,28,,,,,,,,,,,,,,,,0,10.9,164,21.5,-43.342462,-22.939605,2025-10-06 13:23:24,4,196.9
2025-10-06 14:45:57,2025-10-06 14:45:57,2025-10-06 13:23:24,385349,862689070108177,1726,GTERI,4.05,00008200,698407,13107,80,00,11,,,4,0,0724,0005,AD85,033D5A0B,10.9,164,21.5,-22.939605,-43.342462,196.9,,21,0,2,28,,,,,,,,,,,,,,,,0,10.9,164,21.5,-43.342462,-22.939605,2025-10-06 13:23:24,4,196.9
2025-10-05 22:58:31,2025-10-05 22:58:30,2025-10-05 22:56:11,385349,862689070108177,1542,GTERI,3.85,00008200,698407,13003,80,00,11,,,13,1,0724,0005,08AD,53F9,0.0,150,-21.2,-22.972532,-43.398282,141.4,,16,0,1,1800,,,,,,,,,,,,,,,,1,0.0,150,-21.2,-43.398282,-22.972532,2025-10-05 22:56:11,13,141.4
2025-10-05 22:04:31,2025-10-05 21:58:35,2025-10-05 21:58:34,385349,862689070108177,1541,GTERI,3.85,00008200,698407,13003,80,00,11,,,11,1,0724,0005,08AD,4E58,0.3,150,-21.2,-22.972532,-43.398282,141.4,,25,0,1,1800,,,,,,,,,,,,,,,,1,0.3,150,-21.2,-43.398282,-22.972532,2025-10-05 21:58:34,11,141.4
2025-10-05 22:04:30,2025-10-05 21:58:35,2025-10-05 21:58:34,385349,862689070108177,1540,GTRTL,3.85,,698407,13003,80,00,11,,,11,1,0724,0005,08AD,4E58,0.3,150,-21.2,-22.972532,-43.398282,141.4,,,,,,,,,,,,,,,,,,,,,,,,,,,,,
2025-10-05 22:04:29,2025-10-05 21:57:36,2025-10-05 21:57:36,385349,862689070108177,1539,GTDOG,,,,,,,,,,,,,,,,,,,,,,,,,,,,,,,,,,,,,,,,,,,,,,,,,,
2025-10-05 22:04:29,2025-10-05 21:48:31,2025-10-05 21:46:10,385349,862689070108177,1538,GTERI,3.88,00008200,698407,13011,80,00,11,,,10,1,0724,0005,08AD,4E58,0.0,76,33.8,-22.972600,-43.398085,141.4,,25,0,1,1800,,,,,,,,,,,,,,,,1,0.0,76,33.8,-43.398085,-22.972600,2025-10-05 21:46:10,10,141.4
2025-10-05 20:49:10,2025-10-05 20:48:35,2025-10-05 20:48:34,385349,862689070108177,1537,GTERI,3.90,00008200,698407,13019,80,00,11,,,12,1,0724,0005,08AD,4E58,0.3,76,33.8,-22.972600,-43.398085,141.4,,25,0,1,1800,,,,,,,,,,,,,,,,1,0.3,76,33.8,-43.398085,-22.972600,2025-10-05 20:48:34,12,141.4
2025-10-05 20:49:10,2025-10-05 20:48:35,2025-10-05 20:48:34,385349,862689070108177,1536,GTRTL,3.90,,698407,13019,80,00,11,,,12,1,0724,0005,08AD,4E58,0.3,76,33.8,-22.972600,-43.398085,141.4,,,,,,,,,,,,,,,,,,,,,,,,,,,,,
2025-10-05 20:49:09,2025-10-05 20:47:38,2025-10-05 20:47:38,385349,862689070108177,1535,GTDOG,,,,,,,,,,,,,,,,,,,,,,,,,,,,,,,,,,,,,,,,,,,,,,,,,,
2025-10-05 20:49:09,2025-10-05 20:47:34,2025-10-05 20:45:14,385349,862689070108177,1534,GTERI,3.92,00008200,698407,13019,80,00,11,,,12,1,0724,0005,08AD,4E58,0.0,0,-13.0,-22.972513,-43.398158,141.4,,25,0,1,1800,,,,,,,,,,,,,,,,1,0.0,0,-13.0,-43.398158,-22.972513,2025-10-05 20:45:14,12,141.4
2025-10-05 20:49:08,2025-10-05 19:47:38,2025-10-05 19:47:37,385349,862689070108177,1533,GTERI,3.93,00008200,698407,13027,80,00,11,,,10,1,0724,0005,08AD,4E58,0.6,0,-13.0,-22.972513,-43.398158,141.4,,26,0,1,1800,,,,,,,,,,,,,,,,1,0.6,0,-13.0,-43.398158,-22.972513,2025-10-05 19:47:37,10,141.4
2025-10-05 20:49:08,2025-10-05 19:47:38,2025-10-05 19:47:37,385349,862689070108177,1532,GTRTL,3.93,,698407,13027,80,00,11,,,10,1,0724,0005,08AD,4E58,0.6,0,-13.0,-22.972513,-43.398158,141.4,,,,,,,,,,,,,,,,,,,,,,,,,,,,,
2025-10-05 20:49:07,2025-10-05 19:46:42,2025-10-05 19:46:41,385349,862689070108177,1531,GTDOG,,,,,,,,,,,,,,,,,,,,,,,,,,,,,,,,,,,,,,,,,,,,,,,,,,
2025-10-05 20:49:07,2025-10-05 19:46:39,2025-10-05 19:44:19,385349,862689070108177,1530,GTERI,3.96,00008200,698407,13027,80,00,11,,,13,1,0724,0005,08AD,4E58,0.0,318,-101.0,-22.972265,-43.397787,141.4,,26,0,1,1800,,,,,,,,,,,,,,,,1,0.0,318,-101.0,-43.397787,-22.972265,2025-10-05 19:44:19,13,141.4
2025-10-05 20:49:06,2025-10-05 18:46:44,2025-10-05 18:46:43,385349,862689070108177,1529,GTERI,3.96,00008200,698407,13035,80,00,11,,,8,1,0724,0005,08AD,4E58,0.8,318,-101.0,-22.972265,-43.397787,141.4,,25,0,1,1800,,,,,,,,,,,,,,,,1,0.8,318,-101.0,-43.397787,-22.972265,2025-10-05 18:46:43,8,141.4
2025-10-05 20:49:06,2025-10-05 18:46:44,2025-10-05 18:46:43,385349,862689070108177,1528,GTRTL,3.96,,698407,13035,80,00,11,,,8,1,0724,0005,08AD,4E58,0.8,318,-101.0,-22.972265,-43.397787,141.4,,,,,,,,,,,,,,,,,,,,,,,,,,,,,
2025-10-05 20:49:05,2025-10-05 18:45:46,2025-10-05 18:45:46,385349,862689070108177,1527,GTDOG,,,,,,,,,,,,,,,,,,,,,,,,,,,,,,,,,,,,,,,,,,,,,,,,,,
2025-10-05 20:49:05,2025-10-05 18:45:43,2025-10-05 18:43:25,385349,862689070108177,1526,GTERI,3.98,00008200,698407,13035,80,00,11,,,6,1,0724,0005,08AD,4E58,0.0,142,11.9,-22.972397,-43.398382,141.4,,26,0,1,1800,,,,,,,,,,,,,,,,1,0.0,142,11.9,-43.398382,-22.972397,2025-10-05 18:43:25,6,141.4
2025-10-05 20:49:04,2025-10-05 17:45:47,2025-10-05 17:45:46,385349,862689070108177,1525,GTERI,4.01,00008200,698407,13043,80,00,11,,,9,1,0724,0005,08AD,4E58,0.2,142,11.9,-22.972397,-43.398382,141.4,,26,0,1,1800,,,,,,,,,,,,,,,,1,0.2,142,11.9,-43.398382,-22.972397,2025-10-05 17:45:46,9,141.4
2025-10-05 20:49:04,2025-10-05 17:45:47,2025-10-05 17:45:46,385349,862689070108177,1524,GTRTL,4.01,,698407,13043,80,00,11,,,9,1,0724,0005,08AD,4E58,0.2,142,11.9,-22.972397,-43.398382,141.4,,,,,,,,,,,,,,,,,,,,,,,,,,,,,
2025-10-05 20:49:03,2025-10-05 17:45:12,2025-10-05 17:42:52,385349,862689070108177,1523,GTERI,4.03,00008200,698407,13051,80,00,11,,,9,1,0724,0005,08AD,4E58,0.0,102,22.8,-22.972575,-43.398175,141.4,,25,0,1,1800,,,,,,,,,,,,,,,,1,0.0,102,22.8,-43.398175,-22.972575,2025-10-05 17:42:52,9,141.4
2025-10-05 20:49:03,2025-10-05 17:44:51,2025-10-05 17:44:50,385349,862689070108177,1522,GTDOG,,,,,,,,,,,,,,,,,,,,,,,,,,,,,,,,,,,,,,,,,,,,,,,,,,
2025-10-05 20:49:02,2025-10-05 17:28:17,2025-10-05 16:45:15,385349,862689070108177,1521,GTINF,4.04,,698407,13051,80,00,11,,,,,,,,,,,,,,,,25,0,,,89551808170105429170,1,0,1,+0000,0,,,,,,,,,,,,,,,,,,
2025-10-05 20:49:02,2025-10-05 16:45:16,2025-10-05 16:45:15,385349,862689070108177,1520,GTERI,4.04,00008200,698407,13059,80,00,11,,,14,1,0724,0005,08AD,4E58,0.0,102,22.8,-22.972575,-43.398175,141.4,,25,0,1,1800,,,,,,,,,,,,,,,,1,0.0,102,22.8,-43.398175,-22.972575,2025-10-05 16:45:15,14,141.4
2025-10-05 20:49:01,2025-10-05 16:45:16,2025-10-05 16:45:15,385349,862689070108177,1519,GTRTL,4.04,,698407,13059,80,00,11,,,14,1,0724,0005,08AD,4E58,0.0,102,22.8,-22.972575,-43.398175,141.4,,,,,,,,,,,,,,,,,,,,,,,,,,,,,
2025-10-05 20:49:01,2025-10-05 16:43:55,2025-10-05 16:41:34,385349,862689070108177,1518,GTERI,4.06,00008200,698407,13059,80,00,11,,,11,1,0724,0005,08AD,4E58,0.0,247,25.6,-22.972458,-43.398078,141.4,,25,0,1,1800,,,,,,,,,,,,,,,,1,0.0,247,25.6,-43.398078,-22.972458,2025-10-05 16:41:34,11,141.4
2025-10-05 20:49:00,2025-10-05 16:43:53,2025-10-05 16:43:53,385349,862689070108177,1517,GTDOG,,,,,,,,,,,,,,,,,,,,,,,,,,,,,,,,,,,,,,,,,,,,,,,,,,
2025-10-05 20:49:00,2025-10-05 15:43:55,2025-10-05 15:43:55,385349,862689070108177,1516,GTERI,4.08,00008200,698407,13075,80,00,11,,,7,1,0724,0005,08AD,4E58,0.5,247,25.6,-22.972458,-43.398078,141.4,,26,0,1,1800,,,,,,,,,,,,,,,,1,0.5,247,25.6,-43.398078,-22.972458,2025-10-05 15:43:55,7,141.4
2025-10-05 20:49:00,2025-10-05 15:43:55,2025-10-05 15:43:55,385349,862689070108177,1515,GTRTL,4.08,,698407,13075,80,00,11,,,7,1,0724,0005,08AD,4E58,0.5,247,25.6,-22.972458,-43.398078,141.4,,,,,,,,,,,,,,,,,,,,,,,,,,,,,
2025-10-05 20:48:59,2025-10-05 15:42:58,2025-10-05 15:42:58,385349,862689070108177,1514,GTDOG,,,,,,,,,,,,,,,,,,,,,,,,,,,,,,,,,,,,,,,,,,,,,,,,,,
2025-10-05 20:48:58,2025-10-05 15:42:55,2025-10-05 15:40:34,385349,862689070108177,1513,GTERI,4.10,00008200,698407,13075,80,00,11,,,11,1,0724,0005,08AD,4E58,0.0,131,13.5,-22.972785,-43.398158,141.4,,25,0,1,1800,,,,,,,,,,,,,,,,1,0.0,131,13.5,-43.398158,-22.972785,2025-10-05 15:40:34,11,141.4
2025-10-05 20:48:58,2025-10-05 14:43:00,2025-10-05 14:42:59,385349,862689070108177,1512,GTERI,4.12,00008200,698407,13107,80,00,11,,,7,1,0724,0005,08AD,4E58,1.8,131,13.5,-22.972785,-43.398158,141.4,,26,0,1,1800,,,,,,,,,,,,,,,,1,1.8,131,13.5,-43.398158,-22.972785,2025-10-05 14:42:59,7,141.4
2025-10-05 20:48:57,2025-10-05 14:43:00,2025-10-05 14:42:59,385349,862689070108177,1511,GTRTL,4.12,,698407,13107,80,00,11,,,7,1,0724,0005,08AD,4E58,1.8,131,13.5,-22.972785,-43.398158,141.4,,,,,,,,,,,,,,,,,,,,,,,,,,,,,
2025-10-05 20:48:57,2025-10-05 14:42:02,2025-10-05 14:42:01,385349,862689070108177,1510,GTDOG,,,,,,,,,,,,,,,,,,,,,,,,,,,,,,,,,,,,,,,,,,,,,,,,,,
2025-10-05 20:48:56,2025-10-05 14:33:32,2025-10-05 14:31:11,385349,862689070108177,1509,GTERI,4.15,00008200,698407,13115,80,00,11,,,8,1,0724,0005,08AD,4E58,0.0,228,21.3,-22.972505,-43.398068,141.4,,25,0,1,1800,,,,,,,,,,,,,,,,1,0.0,228,21.3,-43.398068,-22.972505,2025-10-05 14:31:11,8,141.4
2025-10-04 23:21:02,2025-10-04 23:21:01,2025-10-04 23:19:06,385349,862689070108177,1408,GTERI,3.78,00008200,698407,12987,80,00,11,,,10,1,0724,0005,08AD,1BDC,0.0,0,45.4,-22.972615,-43.398122,90.0,,20,0,1,1800,,,,,,,,,,,,,,,,1,0.0,0,45.4,-43.398122,-22.972615,2025-10-04 23:19:06,10,90.0
2025-10-04 22:21:02,2025-10-04 22:21:01,2025-10-04 22:19:06,385349,862689070108177,1407,GTERI,3.79,00008200,698407,12987,80,00,11,,,5,1,0724,0005,08AD,1BDC,0.0,0,45.4,-22.972615,-43.398122,90.0,,20,0,1,1800,,,,,,,,,,,,,,,,1,0.0,0,45.4,-43.398122,-22.972615,2025-10-04 22:19:06,5,90.0
2025-10-04 21:23:23,2025-10-04 21:21:01,2025-10-04 21:18:45,385349,862689070108177,1406,GTERI,3.80,00008200,698407,12995,80,00,11,,,6,1,0724,0005,08AD,1BDC,0.0,0,45.4,-22.972615,-43.398122,90.0,,21,0,1,1800,,,,,,,,,,,,,,,,1,0.0,0,45.4,-43.398122,-22.972615,2025-10-04 21:18:45,6,90.0
2025-10-04 20:21:12,2025-10-04 20:21:05,2025-10-04 20:21:05,385349,862689070108177,1405,GTERI,3.79,00008200,698407,12995,80,00,11,,,8,1,0724,0005,08AD,4E58,0.5,0,45.4,-22.972615,-43.398122,90.0,,20,0,1,1800,,,,,,,,,,,,,,,,1,0.5,0,45.4,-43.398122,-22.972615,2025-10-04 20:21:05,8,90.0
2025-10-04 20:21:11,2025-10-04 20:21:05,2025-10-04 20:21:05,385349,862689070108177,1404,GTRTL,3.79,,698407,12995,80,00,11,,,8,1,0724,0005,08AD,4E58,0.5,0,45.4,-22.972615,-43.398122,90.0,,,,,,,,,,,,,,,,,,,,,,,,,,,,,
2025-10-04 20:21:11,2025-10-04 20:20:07,2025-10-04 20:20:06,385349,862689070108177,1403,GTDOG,,,,,,,,,,,,,,,,,,,,,,,,,,,,,,,,,,,,,,,,,,,,,,,,,,
2025-10-04 20:21:11,2025-10-04 20:11:04,2025-10-04 20:08:43,385349,862689070108177,1402,GTERI,3.82,00008200,698407,12995,80,00,11,,,7,1,0724,0005,08AD,1BDC,0.0,0,46.7,-22.972565,-43.398260,90.0,,21,0,1,1800,,,,,,,,,,,,,,,,1,0.0,0,46.7,-43.398260,-22.972565,2025-10-04 20:08:43,7,90.0
2025-10-04 19:21:32,2025-10-04 19:11:07,2025-10-04 19:11:06,385349,862689070108177,1401,GTERI,3.79,00008200,698407,12995,80,00,11,,,6,1,0724,0005,08AD,42EC,0.2,0,46.7,-22.972565,-43.398260,90.0,,20,0,1,1800,,,,,,,,,,,,,,,,1,0.2,0,46.7,-43.398260,-22.972565,2025-10-04 19:11:06,6,90.0
2025-10-04 19:21:31,2025-10-04 19:11:07,2025-10-04 19:11:06,385349,862689070108177,1400,GTRTL,3.79,,698407,12995,80,00,11,,,6,1,0724,0005,08AD,42EC,0.2,0,46.7,-22.972565,-43.398260,90.0,,,,,,,,,,,,,,,,,,,,,,,,,,,,,
2025-10-04 19:21:31,2025-10-04 19:10:08,2025-10-04 19:10:08,385349,862689070108177,1399,GTDOG,,,,,,,,,,,,,,,,,,,,,,,,,,,,,,,,,,,,,,,,,,,,,,,,,,
2025-10-04 19:21:30,2025-10-04 19:01:06,2025-10-04 18:59:06,385349,862689070108177,1398,GTERI,3.85,00008200,698407,12995,80,00,11,,,6,1,0724,0005,08AD,42EC,0.0,112,10.1,-22.973068,-43.397640,90.0,,21,0,1,1800,,,,,,,,,,,,,,,,1,0.0,112,10.1,-43.397640,-22.973068,2025-10-04 18:59:06,6,90.0
2025-10-04 18:04:51,2025-10-04 18:01:10,2025-10-04 18:01:10,385349,862689070108177,1397,GTERI,3.85,00008200,698407,13003,80,00,11,,,8,1,0724,0005,08AD,4E58,0.5,112,10.1,-22.973068,-43.397640,90.0,,20,0,1,1800,,,,,,,,,,,,,,,,1,0.5,112,10.1,-43.397640,-22.973068,2025-10-04 18:01:10,8,90.0
2025-10-04 18:04:50,2025-10-04 18:01:10,2025-10-04 18:01:10,385349,862689070108177,1396,GTRTL,3.85,,698407,13003,80,00,11,,,8,1,0724,0005,08AD,4E58,0.5,112,10.1,-22.973068,-43.397640,90.0,,,,,,,,,,,,,,,,,,,,,,,,,,,,,
2025-10-04 18:04:50,2025-10-04 18:00:12,2025-10-04 18:00:11,385349,862689070108177,1395,GTDOG,,,,,,,,,,,,,,,,,,,,,,,,,,,,,,,,,,,,,,,,,,,,,,,,,,
2025-10-04 18:04:49,2025-10-04 17:49:13,2025-10-04 17:49:12,385349,862689070108177,1394,GTERI,3.87,00008200,698407,13003,80,00,11,,,10,1,0724,0005,08AD,4E58,1.0,288,71.0,-22.972873,-43.397650,90.0,,23,0,1,1800,,,,,,,,,,,,,,,,1,1.0,288,71.0,-43.397650,-22.972873,2025-10-04 17:49:12,10,90.0
2025-10-04 18:04:49,2025-10-04 17:49:13,2025-10-04 17:49:12,385349,862689070108177,1393,GTRTL,3.87,,698407,13003,80,00,11,,,10,1,0724,0005,08AD,4E58,1.0,288,71.0,-22.972873,-43.397650,90.0,,,,,,,,,,,,,,,,,,,,,,,,,,,,,
2025-10-04 17:48:44,2025-10-04 17:48:43,2025-10-04 17:48:43,385349,862689070108177,1392,GTDOG,,,,,,,,,,,,,,,,,,,,,,,,,,,,,,,,,,,,,,,,,,,,,,,,,,
2025-10-04 17:48:19,2025-10-04 17:38:21,2025-10-04 17:38:20,385349,862689070108177,1391,GTERI,3.92,00008200,698407,13003,80,00,11,,,11,1,0724,0005,08AD,4E58,1.1,77,27.9,-22.972573,-43.398232,90.0,,22,0,1,1800,,,,,,,,,,,,,,,,1,1.1,77,27.9,-43.398232,-22.972573,2025-10-04 17:38:20,11,90.0
2025-10-04 17:48:18,2025-10-04 17:38:21,2025-10-04 17:38:20,385349,862689070108177,1390,GTRTL,3.92,,698407,13003,80,00,11,,,11,1,0724,0005,08AD,4E58,1.1,77,27.9,-22.972573,-43.398232,90.0,,,,,,,,,,,,,,,,,,,,,,,,,,,,,
2025-10-04 17:48:18,2025-10-04 17:37:23,2025-10-04 17:37:22,385349,862689070108177,1389,GTDOG,,,,,,,,,,,,,,,,,,,,,,,,,,,,,,,,,,,,,,,,,,,,,,,,,,
2025-10-04 17:48:17,2025-10-04 17:28:16,2025-10-04 17:07:15,385349,862689070108177,1388,GTINF,3.94,,698407,13003,80,00,11,,,,,,,,,,,,,,,,21,0,,,89551808170105429170,1,0,1,+0000,0,,,,,,,,,,,,,,,,,,
2025-10-04 17:09:30,2025-10-04 17:09:20,2025-10-04 17:07:15,385349,862689070108177,1387,GTERI,3.96,00008200,698407,13003,80,00,11,,,12,1,0724,0005,08AD,4E58,0.0,220,-29.9,-22.972542,-43.398375,90.0,,22,0,1,1800,,,,,,,,,,,,,,,,1,0.0,220,-29.9,-43.398375,-22.972542,2025-10-04 17:07:15,12,90.0
2025-10-04 16:09:20,2025-10-04 16:09:20,2025-10-04 16:07:15,385349,862689070108177,1386,GTERI,3.98,00008200,698407,13003,80,00,11,,,13,1,0724,0005,08AD,42EC,0.0,220,-29.9,-22.972542,-43.398375,90.0,,21,0,1,1800,,,,,,,,,,,,,,,,1,0.0,220,-29.9,-43.398375,-22.972542,2025-10-04 16:07:15,13,90.0
2025-10-04 15:18:10,2025-10-04 15:09:20,2025-10-04 15:07:01,385349,862689070108177,1385,GTERI,4.00,00008200,698407,13011,80,00,11,,,7,1,0724,0005,08AD,4E58,0.0,220,-29.9,-22.972542,-43.398375,90.0,,23,0,1,1800,,,,,,,,,,,,,,,,1,0.0,220,-29.9,-43.398375,-22.972542,2025-10-04 15:07:01,7,90.0
2025-10-04 15:18:10,2025-10-04 15:09:20,2025-10-04 15:07:01,385349,862689070108177,1385,GTERI,4.00,00008200,698407,13011,80,00,11,,,7,1,0724,0005,08AD,4E58,0.0,220,-29.9,-22.972542,-43.398375,90.0,,23,0,1,1800,,,,,,,,,,,,,,,,1,0.0,220,-29.9,-43.398375,-22.972542,2025-10-04 15:07:01,7,90.0
2025-10-04 15:18:10,2025-10-04 15:09:20,2025-10-04 15:07:01,385349,862689070108177,1385,GTERI,4.00,00008200,698407,13011,80,00,11,,,7,1,0724,0005,08AD,4E58,0.0,220,-29.9,-22.972542,-43.398375,90.0,,23,0,1,1800,,,,,,,,,,,,,,,,1,0.0,220,-29.9,-43.398375,-22.972542,2025-10-04 15:07:01,7,90.0
2025-10-04 15:18:09,2025-10-04 15:09:20,2025-10-04 15:07:01,385349,862689070108177,1385,GTERI,4.00,00008200,698407,13011,80,00,11,,,7,1,0724,0005,08AD,4E58,0.0,220,-29.9,-22.972542,-43.398375,90.0,,23,0,1,1800,,,,,,,,,,,,,,,,1,0.0,220,-29.9,-43.398375,-22.972542,2025-10-04 15:07:01,7,90.0
2025-10-04 15:18:09,2025-10-04 15:09:20,2025-10-04 15:07:01,385349,862689070108177,1385,GTERI,4.00,00008200,698407,13011,80,00,11,,,7,1,0724,0005,08AD,4E58,0.0,220,-29.9,-22.972542,-43.398375,90.0,,23,0,1,1800,,,,,,,,,,,,,,,,1,0.0,220,-29.9,-43.398375,-22.972542,2025-10-04 15:07:01,7,90.0
2025-10-04 15:18:09,2025-10-04 15:09:20,2025-10-04 15:07:01,385349,862689070108177,1385,GTERI,4.00,00008200,698407,13011,80,00,11,,,7,1,0724,0005,08AD,4E58,0.0,220,-29.9,-22.972542,-43.398375,90.0,,23,0,1,1800,,,,,,,,,,,,,,,,1,0.0,220,-29.9,-43.398375,-22.972542,2025-10-04 15:07:01,7,90.0
2025-10-04 15:18:09,2025-10-04 15:09:20,2025-10-04 15:07:01,385349,862689070108177,1385,GTERI,4.00,00008200,698407,13011,80,00,11,,,7,1,0724,0005,08AD,4E58,0.0,220,-29.9,-22.972542,-43.398375,90.0,,23,0,1,1800,,,,,,,,,,,,,,,,1,0.0,220,-29.9,-43.398375,-22.972542,2025-10-04 15:07:01,7,90.0
2025-10-04 15:18:09,2025-10-04 15:09:20,2025-10-04 15:07:01,385349,862689070108177,1385,GTERI,4.00,00008200,698407,13011,80,00,11,,,7,1,0724,0005,08AD,4E58,0.0,220,-29.9,-22.972542,-43.398375,90.0,,23,0,1,1800,,,,,,,,,,,,,,,,1,0.0,220,-29.9,-43.398375,-22.972542,2025-10-04 15:07:01,7,90.0
2025-10-04 15:18:08,2025-10-04 15:09:20,2025-10-04 15:07:01,385349,862689070108177,1385,GTERI,4.00,00008200,698407,13011,80,00,11,,,7,1,0724,0005,08AD,4E58,0.0,220,-29.9,-22.972542,-43.398375,90.0,,23,0,1,1800,,,,,,,,,,,,,,,,1,0.0,220,-29.9,-43.398375,-22.972542,2025-10-04 15:07:01,7,90.0
2025-10-04 15:18:08,2025-10-04 15:09:20,2025-10-04 15:07:01,385349,862689070108177,1385,GTERI,4.00,00008200,698407,13011,80,00,11,,,7,1,0724,0005,08AD,4E58,0.0,220,-29.9,-22.972542,-43.398375,90.0,,23,0,1,1800,,,,,,,,,,,,,,,,1,0.0,220,-29.9,-43.398375,-22.972542,2025-10-04 15:07:01,7,90.0
2025-10-04 15:18:08,2025-10-04 15:09:20,2025-10-04 15:07:01,385349,862689070108177,1385,GTERI,4.00,00008200,698407,13011,80,00,11,,,7,1,0724,0005,08AD,4E58,0.0,220,-29.9,-22.972542,-43.398375,90.0,,23,0,1,1800,,,,,,,,,,,,,,,,1,0.0,220,-29.9,-43.398375,-22.972542,2025-10-04 15:07:01,7,90.0
2025-10-04 15:18:08,2025-10-04 15:09:20,2025-10-04 15:07:01,385349,862689070108177,1385,GTERI,4.00,00008200,698407,13011,80,00,11,,,7,1,0724,0005,08AD,4E58,0.0,220,-29.9,-22.972542,-43.398375,90.0,,23,0,1,1800,,,,,,,,,,,,,,,,1,0.0,220,-29.9,-43.398375,-22.972542,2025-10-04 15:07:01,7,90.0
2025-10-03 23:38:18,2025-10-03 23:38:18,2025-10-03 23:35:55,385349,862689070108177,1361,GTERI,3.90,00008200,698407,13051,80,00,11,,,7,1,0724,0005,08AD,1BDC,0.0,322,62.4,-22.972680,-43.398248,90.0,,20,0,1,1800,,,,,,,,,,,,,,,,1,0.0,322,62.4,-43.398248,-22.972680,2025-10-03 23:35:55,7,90.0
2025-10-03 22:38:18,2025-10-03 22:38:18,2025-10-03 22:35:56,385349,862689070108177,1360,GTERI,3.92,00008200,698407,13059,80,00,11,,,6,1,0724,0005,08AD,1BDC,0.0,322,62.4,-22.972680,-43.398248,90.0,,21,0,1,1800,,,,,,,,,,,,,,,,1,0.0,322,62.4,-43.398248,-22.972680,2025-10-03 22:35:56,6,90.0
2025-10-03 21:42:08,2025-10-03 21:38:18,2025-10-03 21:36:04,385349,862689070108177,1359,GTERI,3.94,00008200,698407,13059,80,00,11,,,4,1,0724,0005,08AD,4E58,0.0,322,62.4,-22.972680,-43.398248,90.0,,23,0,1,1800,,,,,,,,,,,,,,,,1,0.0,322,62.4,-43.398248,-22.972680,2025-10-03 21:36:04,4,90.0
2025-10-03 21:42:07,2025-10-03 21:38:18,2025-10-03 21:36:04,385349,862689070108177,1359,GTERI,3.94,00008200,698407,13059,80,00,11,,,4,1,0724,0005,08AD,4E58,0.0,322,62.4,-22.972680,-43.398248,90.0,,23,0,1,1800,,,,,,,,,,,,,,,,1,0.0,322,62.4,-43.398248,-22.972680,2025-10-03 21:36:04,4,90.0
2025-10-03 21:42:07,2025-10-03 21:38:18,2025-10-03 21:36:04,385349,862689070108177,1359,GTERI,3.94,00008200,698407,13059,80,00,11,,,4,1,0724,0005,08AD,4E58,0.0,322,62.4,-22.972680,-43.398248,90.0,,23,0,1,1800,,,,,,,,,,,,,,,,1,0.0,322,62.4,-43.398248,-22.972680,2025-10-03 21:36:04,4,90.0
2025-10-03 21:42:07,2025-10-03 21:38:18,2025-10-03 21:36:04,385349,862689070108177,1359,GTERI,3.94,00008200,698407,13059,80,00,11,,,4,1,0724,0005,08AD,4E58,0.0,322,62.4,-22.972680,-43.398248,90.0,,23,0,1,1800,,,,,,,,,,,,,,,,1,0.0,322,62.4,-43.398248,-22.972680,2025-10-03 21:36:04,4,90.0
2025-10-03 21:42:07,2025-10-03 21:38:18,2025-10-03 21:36:04,385349,862689070108177,1359,GTERI,3.94,00008200,698407,13059,80,00,11,,,4,1,0724,0005,08AD,4E58,0.0,322,62.4,-22.972680,-43.398248,90.0,,23,0,1,1800,,,,,,,,,,,,,,,,1,0.0,322,62.4,-43.398248,-22.972680,2025-10-03 21:36:04,4,90.0
2025-10-03 20:38:18,2025-10-03 20:38:18,2025-10-03 20:35:56,385349,862689070108177,1358,GTERI,3.96,00008200,698407,13067,80,00,11,,,6,1,0724,0005,08AD,1BDC,0.0,322,62.4,-22.972680,-43.398248,90.0,,22,0,1,1800,,,,,,,,,,,,,,,,1,0.0,322,62.4,-43.398248,-22.972680,2025-10-03 20:35:56,6,90.0
2025-10-03 19:38:18,2025-10-03 19:38:18,2025-10-03 19:35:55,385349,862689070108177,1357,GTERI,3.97,00008200,698407,13075,80,00,11,,,6,1,0724,0005,08AD,1BDC,0.0,322,62.4,-22.972680,-43.398248,90.0,,21,0,1,1800,,,,,,,,,,,,,,,,1,0.0,322,62.4,-43.398248,-22.972680,2025-10-03 19:35:55,6,90.0
2025-10-03 18:40:39,2025-10-03 18:38:18,2025-10-03 18:36:07,385349,862689070108177,1356,GTERI,3.99,00008200,698407,13083,80,00,11,,,8,1,0724,0005,08AD,1BDC,0.0,322,62.4,-22.972680,-43.398248,90.0,,20,0,1,1800,,,,,,,,,,,,,,,,1,0.0,322,62.4,-43.398248,-22.972680,2025-10-03 18:36:07,8,90.0
2025-10-03 17:38:35,2025-10-03 17:38:21,2025-10-03 17:38:19,385349,862689070108177,1355,GTERI,4.02,00008200,698407,13091,80,00,11,,,6,1,0724,0005,08AD,4E58,0.2,322,62.4,-22.972680,-43.398248,90.0,,25,0,1,1800,,,,,,,,,,,,,,,,1,0.2,322,62.4,-43.398248,-22.972680,2025-10-03 17:38:19,6,90.0
2025-10-03 17:38:34,2025-10-03 17:38:21,2025-10-03 17:38:19,385349,862689070108177,1354,GTRTL,4.02,,698407,13091,80,00,11,,,6,1,0724,0005,08AD,4E58,0.2,322,62.4,-22.972680,-43.398248,90.0,,,,,,,,,,,,,,,,,,,,,,,,,,,,,
2025-10-03 17:38:34,2025-10-03 17:37:19,2025-10-03 17:37:18,385349,862689070108177,1353,GTDOG,,,,,,,,,,,,,,,,,,,,,,,,,,,,,,,,,,,,,,,,,,,,,,,,,,
2025-10-03 17:38:33,2025-10-03 17:28:38,2025-10-03 17:26:25,385349,862689070108177,1352,GTERI,4.05,00008200,698407,13091,80,00,11,,,7,1,0724,0005,08AD,4E58,0.0,93,1.1,-22.972470,-43.398255,90.0,,25,0,1,1800,,,,,,,,,,,,,,,,1,0.0,93,1.1,-43.398255,-22.972470,2025-10-03 17:26:25,7,90.0
2025-10-03 17:38:33,2025-10-03 17:28:15,2025-10-03 17:26:25,385349,862689070108177,1351,GTINF,4.04,,698407,13099,80,00,11,,,,,,,,,,,,,,,,25,0,,,89551808170105429170,1,0,1,+0000,0,,,,,,,,,,,,,,,,,,
2025-10-03 16:28:47,2025-10-03 16:28:38,2025-10-03 16:26:17,385349,862689070108177,1350,GTERI,4.08,00008200,698407,13107,80,00,11,,,5,1,0724,0005,08AD,4E58,0.0,93,1.1,-22.972470,-43.398255,90.0,,23,0,1,1800,,,,,,,,,,,,,,,,1,0.0,93,1.1,-43.398255,-22.972470,2025-10-03 16:26:17,5,90.0
2025-10-03 15:31:58,2025-10-03 15:28:38,2025-10-03 15:26:19,385349,862689070108177,1349,GTERI,4.10,00008200,698407,13123,80,00,11,,,6,1,0724,0005,08AD,4E58,0.0,93,1.1,-22.972470,-43.398255,90.0,,23,0,1,1800,,,,,,,,,,,,,,,,1,0.0,93,1.1,-43.398255,-22.972470,2025-10-03 15:26:19,6,90.0
2025-10-03 15:31:41,2025-10-03 15:28:38,2025-10-03 15:26:19,385349,862689070108177,1349,GTERI,4.10,00008200,698407,13123,80,00,11,,,6,1,0724,0005,08AD,4E58,0.0,93,1.1,-22.972470,-43.398255,90.0,,23,0,1,1800,,,,,,,,,,,,,,,,1,0.0,93,1.1,-43.398255,-22.972470,2025-10-03 15:26:19,6,90.0
2025-10-03 15:31:41,2025-10-03 15:28:38,2025-10-03 15:26:19,385349,862689070108177,1349,GTERI,4.10,00008200,698407,13123,80,00,11,,,6,1,0724,0005,08AD,4E58,0.0,93,1.1,-22.972470,-43.398255,90.0,,23,0,1,1800,,,,,,,,,,,,,,,,1,0.0,93,1.1,-43.398255,-22.972470,2025-10-03 15:26:19,6,90.0
2025-10-03 15:31:41,2025-10-03 15:28:38,2025-10-03 15:26:19,385349,862689070108177,1349,GTERI,4.10,00008200,698407,13123,80,00,11,,,6,1,0724,0005,08AD,4E58,0.0,93,1.1,-22.972470,-43.398255,90.0,,23,0,1,1800,,,,,,,,,,,,,,,,1,0.0,93,1.1,-43.398255,-22.972470,2025-10-03 15:26:19,6,90.0
2025-10-03 15:31:41,2025-10-03 15:28:38,2025-10-03 15:26:19,385349,862689070108177,1349,GTERI,4.10,00008200,698407,13123,80,00,11,,,6,1,0724,0005,08AD,4E58,0.0,93,1.1,-22.972470,-43.398255,90.0,,23,0,1,1800,,,,,,,,,,,,,,,,1,0.0,93,1.1,-43.398255,-22.972470,2025-10-03 15:26:19,6,90.0
2025-10-03 14:29:10,2025-10-03 14:28:38,2025-10-03 14:26:17,385349,862689070108177,1348,GTERI,4.13,00008200,698407,13139,80,00,11,,,8,1,0724,0005,08AD,4E58,0.0,93,1.1,-22.972470,-43.398255,90.0,,23,0,1,1800,,,,,,,,,,,,,,,,1,0.0,93,1.1,-43.398255,-22.972470,2025-10-03 14:26:17,8,90.0
2025-10-02 23:11:10,2025-10-02 23:11:09,2025-10-02 23:08:57,385349,862689070108177,1167,GTERI,4.05,00008200,698407,13043,80,00,11,,,6,1,0724,0005,B299,033B5409,0.0,232,-18.7,-22.972558,-43.398285,30.0,,22,0,2,28,,,,,,,,,,,,,,,,1,0.0,232,-18.7,-43.398285,-22.972558,2025-10-02 23:08:57,6,30.0
2025-10-02 22:11:09,2025-10-02 22:11:09,2025-10-02 22:09:06,385349,862689070108177,1166,GTERI,4.15,00008200,698407,13051,80,00,11,,,5,1,0724,0005,B299,033B540A,0.0,232,-18.7,-22.972558,-43.398285,30.0,,23,0,2,28,,,,,,,,,,,,,,,,1,0.0,232,-18.7,-43.398285,-22.972558,2025-10-02 22:09:06,5,30.0
2025-10-02 21:11:09,2025-10-02 21:11:09,2025-10-02 21:09:29,385349,862689070108177,1165,GTERI,4.12,00008200,698407,12852,80,00,11,,,5,1,0724,0005,B299,033B540A,0.0,232,-18.7,-22.972558,-43.398285,30.0,,26,0,2,28,,,,,,,,,,,,,,,,1,0.0,232,-18.7,-43.398285,-22.972558,2025-10-02 21:09:29,5,30.0
2025-10-02 20:11:09,2025-10-02 20:11:09,2025-10-02 20:08:48,385349,862689070108177,1164,GTERI,3.75,00008200,698407,13075,80,00,11,,,6,1,0724,0005,B299,033B540A,0.0,232,-18.7,-22.972558,-43.398285,30.0,,25,0,2,28,,,,,,,,,,,,,,,,1,0.0,232,-18.7,-43.398285,-22.972558,2025-10-02 20:08:48,6,30.0
2025-10-02 19:11:09,2025-10-02 19:11:09,2025-10-02 19:09:06,385349,862689070108177,1163,GTERI,3.77,00008200,698407,13091,80,00,11,,,6,1,0724,0005,B299,033B5409,0.0,232,-18.7,-22.972558,-43.398285,30.0,,28,0,2,28,,,,,,,,,,,,,,,,1,0.0,232,-18.7,-43.398285,-22.972558,2025-10-02 19:09:06,6,30.0
2025-10-02 18:11:48,2025-10-02 18:11:13,2025-10-02 18:11:12,385349,862689070108177,1162,GTERI,3.81,00008200,698407,13139,80,00,11,,,7,1,0724,0005,B299,033B5409,3.7,232,-18.7,-22.972558,-43.398285,30.0,,27,0,2,28,,,,,,,,,,,,,,,,1,3.7,232,-18.7,-43.398285,-22.972558,2025-10-02 18:11:12,7,30.0
2025-10-02 18:11:47,2025-10-02 18:11:13,2025-10-02 18:11:12,385349,862689070108177,1161,GTRTL,3.81,,698407,13139,80,00,11,,,7,1,0724,0005,B299,033B5409,3.7,232,-18.7,-22.972558,-43.398285,30.0,,,,,,,,,,,,,,,,,,,,,,,,,,,,,
2025-10-02 18:11:47,2025-10-02 18:10:16,2025-10-02 18:10:14,385349,862689070108177,1160,GTDOG,,,,,,,,,,,,,,,,,,,,,,,,,,,,,,,,,,,,,,,,,,,,,,,,,,
2025-10-02 18:11:47,2025-10-02 18:00:15,2025-10-02 18:00:14,385349,862689070108177,1159,GTERI,3.86,00008200,698407,13179,80,00,11,,,9,1,0724,0005,B299,033B5409,1.1,9,-40.3,-22.972680,-43.397918,30.0,,25,0,2,28,,,,,,,,,,,,,,,,1,1.1,9,-40.3,-43.397918,-22.972680,2025-10-02 18:00:14,9,30.0
2025-10-02 18:11:46,2025-10-02 18:00:15,2025-10-02 18:00:14,385349,862689070108177,1158,GTRTL,3.86,,698407,13179,80,00,11,,,9,1,0724,0005,B299,033B5409,1.1,9,-40.3,-22.972680,-43.397918,30.0,,,,,,,,,,,,,,,,,,,,,,,,,,,,,
2025-10-02 18:11:45,2025-10-02 17:59:18,2025-10-02 17:59:17,385349,862689070108177,1157,GTDOG,,,,,,,,,,,,,,,,,,,,,,,,,,,,,,,,,,,,,,,,,,,,,,,,,,
2025-10-02 18:11:45,2025-10-02 17:56:36,2025-10-02 17:56:35,385349,862689070108177,1156,GTERI,3.98,00008200,698407,13115,80,00,12,,,8,1,0724,0005,B299,0341B90A,0.0,310,-40.7,-22.972347,-43.398455,30.0,,31,0,2,28,,,,,,,,,,,,,,,,1,0.0,310,-40.7,-43.398455,-22.972347,2025-10-02 17:56:35,8,30.0
2025-10-02 18:11:44,2025-10-02 17:56:35,2025-10-02 17:56:34,385349,862689070108177,1155,GTIGF,3.98,,698407,13842,80,00,12,398,,8,0,0724,0005,B299,0341B90A,0.0,310,-40.7,-22.972347,-43.398455,30.0,,,,,,,,,,,,,,,,,,,,,,,,,,,,,
2025-10-02 18:11:44,2025-10-02 17:53:45,2025-10-02 17:53:40,385349,862689070108177,1152,GTERI,3.96,00008200,698407,13898,81,00,22,,,7,1,0724,0005,B299,0341B90A,45.3,270,-37.7,-22.972995,-43.390018,29.1,,31,0,2,28,,,,,,,,,,,,,,,,1,49.6,268,-34.3,-43.389122,-22.973003,2025-10-02 17:53:33,6,29.0
2025-10-02 18:11:44,2025-10-02 17:50:45,2025-10-02 17:50:45,385349,862689070108177,1150,GTERI,3.85,00008200,698407,13914,81,00,22,,,6,1,0724,0005,B299,033F040A,12.6,293,5.7,-22.971342,-43.385877,28.4,,22,0,2,28,,,,,,,,,,,,,,,,1,12.6,293,5.7,-43.385877,-22.971342,2025-10-02 17:50:45,6,28.4
2025-10-02 18:11:43,2025-10-02 17:49:57,2025-10-02 17:29:00,385349,862689070108177,1148,GTIGN,3.83,,698407,12971,81,00,21,,5555,4,3,0724,0005,B299,033F040B,1.5,45,146.5,-22.969770,-43.383625,28.4,,,,,,,,,,,,,,,,,,,,,,,,,,,,,
2025-10-02 18:11:03,2025-10-02 17:29:01,2025-10-02 17:29:00,385349,862689070108177,1147,GTERI,3.83,00008200,698407,13115,80,00,11,,,4,3,,,,,1.5,45,146.5,-22.969770,-43.383625,28.4,,0,0,0,0,,,,,,,,,,,,,,,,3,1.5,45,146.5,-43.383625,-22.969770,2025-10-02 17:29:00,4,28.4
2025-10-02 18:11:03,2025-10-02 17:29:01,2025-10-02 17:29:00,385349,862689070108177,1147,GTERI,3.83,00008200,698407,13115,80,00,11,,,4,3,,,,,1.5,45,146.5,-22.969770,-43.383625,28.4,,0,0,0,0,,,,,,,,,,,,,,,,3,1.5,45,146.5,-43.383625,-22.969770,2025-10-02 17:29:00,4,28.4
2025-10-02 18:11:02,2025-10-02 17:29:01,2025-10-02 17:29:00,385349,862689070108177,1146,GTRTL,3.83,,698407,13115,80,00,11,,,4,3,,,,,1.5,45,146.5,-22.969770,-43.383625,28.4,,,,,,,,,,,,,,,,,,,,,,,,,,,,,
2025-10-02 18:11:02,2025-10-02 17:28:15,2025-10-02 17:27:22,385349,862689070108177,1145,GTINF,3.85,,698407,13115,80,00,11,,,,,,,,,,,,,,,,0,0,,,89551808170105429170,1,0,1,+0000,0,,,,,,,,,,,,,,,,,,
2025-10-02 18:11:02,2025-10-02 17:27:22,2025-10-02 17:27:22,385349,862689070108177,1144,GTDOG,,,,,,,,,,,,,,,,,,,,,,,,,,,,,,,,,,,,,,,,,,,,,,,,,,
2025-10-02 18:11:01,2025-10-02 17:17:14,2025-10-02 16:14:40,385349,862689070108177,1143,GTERI,3.94,00008200,698407,13163,80,00,11,,,4,0,0724,0005,B299,033F040B,11.4,90,-5.7,-22.971502,-43.385393,28.4,,31,0,0,0,,,,,,,,,,,,,,,,0,11.4,90,-5.7,-43.385393,-22.971502,2025-10-02 16:14:40,4,28.4
2025-10-02 16:17:15,2025-10-02 16:17:15,2025-10-02 16:14:40,385349,862689070108177,1142,GTERI,4.18,00008200,698407,13506,80,00,11,,,4,0,0724,0011,DB39,0929B215,11.4,90,-5.7,-22.971502,-43.385393,28.4,,16,0,2,3,,,,,,,,,,,,,,,,0,11.4,90,-5.7,-43.385393,-22.971502,2025-10-02 16:14:40,4,28.4
2025-10-02 16:17:12,2025-10-02 16:17:12,2025-10-02 16:14:40,385349,862689070108177,1141,GTIGF,4.18,,698407,13834,80,00,11,2012,,0,0,0724,0011,DB39,0929B215,11.4,90,-5.7,-22.971502,-43.385393,28.4,,,,,,,,,,,,,,,,,,,,,,,,,,,,,
2025-10-02 16:16:49,2025-10-02 16:16:49,2025-10-02 16:14:40,385349,862689070108177,1140,GTERI,4.18,00008200,698407,13914,81,00,22,,,0,0,0724,0011,DB39,0929B215,11.4,90,-5.7,-22.971502,-43.385393,28.4,,18,0,2,3,,,,,,,,,,,,,,,,1,22.9,358,10.3,-43.385492,-22.972378,2025-10-02 16:13:53,13,28.3
2025-10-02 16:13:49,2025-10-02 16:13:49,2025-10-02 16:13:44,385349,862689070108177,1138,GTERI,4.18,00008200,698407,13906,81,00,22,,,13,1,0724,0011,DB39,0929B216,23.9,347,11.7,-22.972758,-43.385518,28.2,,31,0,2,3,,,,,,,,,,,,,,,,1,57.5,90,28.9,-43.378763,-22.973472,2025-10-02 16:10:56,14,27.2
2025-10-02 16:10:49,2025-10-02 16:10:49,2025-10-02 16:10:44,385349,862689070108177,1135,GTERI,4.18,00008200,698407,13994,81,00,22,,,14,1,0724,0011,DB39,0929B216,45.0,90,21.2,-22.973450,-43.380538,27.0,,26,0,2,3,,,,,,,,,,,,,,,,1,63.9,87,18.4,-43.386972,-22.973427,2025-10-02 16:08:55,12,26.3
2025-10-02 16:09:05,2025-10-02 16:09:05,,385349,862689070108177,1133,GTASC,,,,,,,,,,,,,,,,,,,,,,,,,,,,,,,,,,,,,,,,,,,,,,,,,,
2025-10-02 16:09:03,2025-10-02 16:09:03,,385349,862689070108177,1132,GTASC,,,,,,,,,,,,,,,,,,,,,,,,,,,,,,,,,,,,,,,,,,,,,,,,,,
2025-10-02 16:09:01,2025-10-02 16:09:01,,385349,862689070108177,1131,GTASC,,,,,,,,,,,,,,,,,,,,,,,,,,,,,,,,,,,,,,,,,,,,,,,,,,
2025-10-02 16:07:49,2025-10-02 16:07:49,2025-10-02 16:07:44,385349,862689070108177,1130,GTERI,4.18,00008200,698407,13922,81,00,22,,,13,1,0724,0011,DB39,09283516,31.1,89,13.7,-22.973395,-43.393673,25.6,,25,0,2,3,,,,,,,,,,,,,,,,1,70.5,101,-2.3,-43.400347,-22.973042,2025-10-02 16:06:58,11,25.0
2025-10-02 16:07:45,2025-10-02 16:07:44,,385349,862689070108177,1129,GTASC,,,,,,,,,,,,,,,,,,,,,,,,,,,,,,,,,,,,,,,,,,,,,,,,,,
2025-10-02 16:04:49,2025-10-02 16:04:49,2025-10-02 16:04:44,385349,862689070108177,1126,GTERI,4.19,00008200,698407,13850,81,00,22,,,10,1,0724,0011,DB39,092CB716,0.0,219,-14.3,-22.963595,-43.394252,23.3,,21,0,2,3,,,,,,,,,,,,,,,,1,97.1,174,-1.3,-43.394500,-22.943348,2025-10-02 16:02:27,11,20.6
2025-10-02 16:04:25,2025-10-02 16:04:25,,385349,862689070108177,1125,GTASC,,,,,,,,,,,,,,,,,,,,,,,,,,,,,,,,,,,,,,,,,,,,,,,,,,
2025-10-02 16:04:23,2025-10-02 16:04:23,,385349,862689070108177,1124,GTASC,,,,,,,,,,,,,,,,,,,,,,,,,,,,,,,,,,,,,,,,,,,,,,,,,,
2025-10-02 16:01:49,2025-10-02 16:01:49,2025-10-02 16:01:45,385349,862689070108177,1122,GTERI,4.19,00008200,698407,13922,81,00,22,,,10,1,0724,0011,E2A5,092AE517,75.0,184,72.4,-22.934155,-43.395693,19.7,,23,0,2,3,,,,,,,,,,,,,,,,1,97.0,201,35.8,-43.397235,-22.921720,2025-10-02 16:00:43,11,18.1
2025-10-02 15:58:49,2025-10-02 15:58:49,2025-10-02 15:58:34,385349,862689070108177,1119,GTERI,4.19,00008200,698407,13970,81,00,22,,,0,0,0724,0011,E309,0933A815,66.6,166,55.4,-22.899692,-43.397627,15.4,,15,0,2,3,,,,,,,,,,,,,,,,1,69.1,166,54.5,-43.397703,-22.899367,2025-10-02 15:58:32,6,15.5
2025-10-02 15:55:49,2025-10-02 15:55:49,2025-10-02 15:55:44,385349,862689070108177,1117,GTERI,4.19,00008200,698407,13850,81,00,21,,,11,1,0724,0011,E309,0933A815,0.0,186,33.0,-22.895412,-43.399673,15.0,,22,0,2,3,,,,,,,,,,,,,,,,1,15.9,174,26.0,-43.399812,-22.895138,2025-10-02 15:52:51,10,15.0
2025-10-02 15:52:49,2025-10-02 15:52:49,2025-10-02 15:52:44,385349,862689070108177,1114,GTERI,4.19,00008200,698407,13938,81,00,22,,,11,1,0724,0011,E309,0933A815,45.9,179,24.2,-22.894753,-43.399865,15.0,,21,0,2,3,,,,,,,,,,,,,,,,1,97.7,186,59.2,-43.401073,-22.887712,2025-10-02 15:52:11,10,14.2
2025-10-02 15:52:46,2025-10-02 15:52:45,,385349,862689070108177,1113,GTASC,,,,,,,,,,,,,,,,,,,,,,,,,,,,,,,,,,,,,,,,,,,,,,,,,,
2025-10-02 15:52:42,2025-10-02 15:52:41,,385349,862689070108177,1112,GTASC,,,,,,,,,,,,,,,,,,,,,,,,,,,,,,,,,,,,,,,,,,,,,,,,,,
2025-10-02 15:49:49,2025-10-02 15:49:49,2025-10-02 15:49:44,385349,862689070108177,1110,GTERI,4.19,00008200,698407,13890,81,00,22,,,9,1,0724,0011,E309,09514E15,80.4,162,59.5,-22.864950,-43.417283,10.8,,22,0,2,3,,,,,,,,,,,,,,,,1,82.7,241,5.3,-43.401633,-22.857102,2025-10-02 15:48:02,9,8.7
2025-10-02 15:46:49,2025-10-02 15:46:49,2025-10-02 15:46:45,385349,862689070108177,1107,GTERI,4.19,00008200,698407,13946,81,00,22,,,9,1,0724,0011,E309,094EFB17,75.3,254,31.3,-22.852060,-43.388443,7.3,,22,0,2,3,,,,,,,,,,,,,,,,1,75.3,254,31.3,-43.388443,-22.852060,2025-10-02 15:46:45,9,7.3
2025-10-02 15:43:52,2025-10-02 15:43:52,2025-10-02 15:43:51,385349,862689070108177,1105,GTERI,4.13,00008200,698407,13650,81,00,22,,,6,1,0724,0011,E36D,09514D16,0.9,60,11.3,-22.843245,-43.375257,5.5,,20,0,2,3,,,,,,,,,,,,,,,,1,0.9,60,11.3,-43.375257,-22.843245,2025-10-02 15:43:51,6,5.5
2025-10-02 15:43:40,2025-10-02 15:43:40,2025-10-02 15:40:59,385349,862689070108177,1103,GTIGN,4.13,,698407,13035,81,00,21,,162,10,1,0724,0011,E36D,09514D16,0.0,57,13.8,-22.843307,-43.375217,5.5,,,,,,,,,,,,,,,,,,,,,,,,,,,,,
2025-10-02 15:40:59,2025-10-02 15:40:59,2025-10-02 15:40:59,385349,862689070108177,1102,GTERI,4.19,00008200,698407,12948,80,00,11,,,10,1,0724,0011,E36D,09514D15,0.0,57,13.8,-22.843307,-43.375217,5.5,,18,0,2,3,,,,,,,,,,,,,,,,1,0.0,57,13.8,-43.375217,-22.843307,2025-10-02 15:40:59,10,5.5
2025-10-02 15:40:58,2025-10-02 15:40:58,2025-10-02 15:40:58,385349,862689070108177,1101,GTIGF,4.19,,698407,12828,80,00,11,1024,,9,0,0724,0011,E36D,09514D15,0.0,57,13.8,-22.843307,-43.375217,5.5,,,,,,,,,,,,,,,,,,,,,,,,,,,,,
2025-10-02 15:39:15,2025-10-02 15:39:14,2025-10-02 15:39:10,385349,862689070108177,1099,GTERI,4.18,00008200,698407,13842,81,00,21,,,10,1,0724,0011,E36D,09514D16,0.0,57,13.8,-22.843307,-43.375217,5.5,,20,0,2,3,,,,,,,,,,,,,,,,1,9.1,17,19.9,-43.375295,-22.843327,2025-10-02 15:36:19,7,5.5
2025-10-02 15:36:14,2025-10-02 15:36:14,2025-10-02 15:36:10,385349,862689070108177,1097,GTERI,4.18,00008200,698407,13810,81,00,22,,,8,1,0724,0011,E36D,09514D16,0.0,123,14.4,-22.843372,-43.375265,5.5,,20,0,2,3,,,,,,,,,,,,,,,,1,56.6,237,9.6,-43.372997,-22.842250,2025-10-02 15:34:26,9,5.1
2025-10-02 15:34:39,2025-10-02 15:34:35,,385349,862689070108177,1095,GTASC,,,,,,,,,,,,,,,,,,,,,,,,,,,,,,,,,,,,,,,,,,,,,,,,,,
2025-10-02 15:34:39,2025-10-02 15:34:35,,385349,862689070108177,1095,GTASC,,,,,,,,,,,,,,,,,,,,,,,,,,,,,,,,,,,,,,,,,,,,,,,,,,
2025-10-02 15:33:14,2025-10-02 15:33:14,2025-10-02 15:33:10,385349,862689070108177,1093,GTERI,4.16,00008200,698407,13906,81,00,22,,,9,1,0724,0011,E36D,0929C416,8.6,237,31.3,-22.839073,-43.367653,4.5,,17,0,2,3,,,,,,,,,,,,,,,,1,21.0,233,6.4,-43.366360,-22.838243,2025-10-02 15:32:05,9,4.3
2025-10-02 15:30:22,2025-10-02 15:30:14,2025-10-02 15:30:10,385349,862689070108177,1091,GTERI,4.15,00008200,698407,13834,81,00,22,,,8,1,0724,0011,E36D,0928EA16,7.6,215,-51.5,-22.836870,-43.364238,4.0,,17,0,2,3,,,,,,,,,,,,,,,,1,62.8,249,-14.7,-43.358565,-22.833820,2025-10-02 15:28:33,7,3.4
2025-10-02 15:30:22,2025-10-02 15:30:14,2025-10-02 15:30:10,385349,862689070108177,1091,GTERI,4.15,00008200,698407,13834,81,00,22,,,8,1,0724,0011,E36D,0928EA16,7.6,215,-51.5,-22.836870,-43.364238,4.0,,17,0,2,3,,,,,,,,,,,,,,,,1,62.8,249,-14.7,-43.358565,-22.833820,2025-10-02 15:28:33,7,3.4
2025-10-02 15:30:22,2025-10-02 15:30:14,2025-10-02 15:30:10,385349,862689070108177,1091,GTERI,4.15,00008200,698407,13834,81,00,22,,,8,1,0724,0011,E36D,0928EA16,7.6,215,-51.5,-22.836870,-43.364238,4.0,,17,0,2,3,,,,,,,,,,,,,,,,1,62.8,249,-14.7,-43.358565,-22.833820,2025-10-02 15:28:33,7,3.4
2025-10-02 15:27:14,2025-10-02 15:27:14,2025-10-02 15:27:09,385349,862689070108177,1088,GTERI,4.13,00008200,698407,13906,81,00,22,,,7,1,0724,0011,D87D,092BB917,14.1,249,19.8,-22.830510,-43.350075,2.4,,27,0,2,3,,,,,,,,,,,,,,,,1,54.6,66,33.0,-43.350627,-22.831233,2025-10-02 15:25:40,5,2.0
2025-10-02 15:24:14,2025-10-02 15:24:14,2025-10-02 15:24:14,385349,862689070108177,1086,GTERI,4.04,00008200,698407,13858,81,00,22,,,5,1,0724,0011,E36D,092A1515,1.8,247,86.4,-22.833702,-43.355122,1.3,,22,0,2,3,,,,,,,,,,,,,,,,1,1.8,247,86.4,-43.355122,-22.833702,2025-10-02 15:24:14,5,1.4
2025-10-02 15:23:54,2025-10-02 15:23:54,2025-10-02 15:18:13,385349,862689070108177,1084,GTIGN,4.04,,698407,12708,81,00,22,,392,5,1,0724,0011,E36D,092A1515,0.0,349,14.5,-22.834443,-43.354252,1.4,,,,,,,,,,,,,,,,,,,,,,,,,,,,,
2025-10-02 15:18:13,2025-10-02 15:18:13,2025-10-02 15:18:13,385349,862689070108177,1083,GTERI,4.06,00008200,698407,12780,80,00,11,,,5,1,0724,0011,E36D,092A1515,0.0,349,14.5,-22.834443,-43.354252,1.3,,24,0,2,3,,,,,,,,,,,,,,,,1,0.0,349,14.5,-43.354252,-22.834443,2025-10-02 15:18:13,5,1.3
2025-10-02 15:17:22,2025-10-02 15:17:22,2025-10-02 14:19:14,385349,862689070108177,1082,GTIGF,4.09,,698407,13874,80,00,12,62,,0,0,0724,0011,E36D,092A1515,0.0,349,14.5,-22.834443,-43.354252,1.3,,,,,,,,,,,,,,,,,,,,,,,,,,,,,
2025-10-02 15:16:20,2025-10-02 15:16:20,2025-10-02 14:19:14,385349,862689070108177,1080,GTIGN,4.05,,698407,12612,81,00,21,,10506,6,1,0724,0011,E36D,0928EA17,0.0,349,14.5,-22.834443,-43.354252,1.4,,,,,,,,,,,,,,,,,,,,,,,,,,,,,
