Data/Hora Inclusão,Data/Hora Evento,GNSS UTC Time,Tipo Dispositivo,IMEI,Sequência,Tipo Mensagem,Bateria Interna,ERI Mask,Protocol Version,Alimentação Externa,Input Status,Output Status,Motion Status,Duration Ign On,Duration Ign Off,Satélites,Precisão GNSS,MCC,MNC,LAC,Cell ID,Velocidade,Azimuth,Altitude,Latitude,Longitude,Hodômetro Total,Horímetro Total,CSQ RSSI,CSQ BER,RAT,BAND,ICCID,Ext. Pwr Supply,Charging,LED On,Timezone,Daylight Saving,Wave1 Output ID,Wave1 Output Active,BT Report Mask,BT Name,BT MAC Address,Peer Role,Peer Address Type,Driver ID,Login Status,MS GNSS Accuracy,Max Speed,MS Azimuth,MS Altitude,MS Longitude,MS Latitude,MS GNSS UTC Time,MS Satellite Number,MS Mileage,Position Report Type,Prefixo
2025-10-20 10:31:14,2025-10-20 10:31:14,2025-10-20 10:28:52,385349,862689070136285,1385,GTERI,3.96,00008200,698407,12454,80,00,11,,,12,1,0724,0006,060F,0BA7,0.0,255,62.5,-29.995520,-51.134828,2.8,,14,0,1,850,,,,,,,,,,,,,,,,1,0.0,255,62.5,-51.134828,-29.995520,2025-10-20 10:28:52,12,2.8,10,+RESP:
2025-10-20 09:31:14,2025-10-20 09:31:14,2025-10-20 09:28:53,385349,862689070136285,1384,GTERI,3.98,00008200,698407,12454,80,00,11,,,12,1,0724,0006,060F,0BA7,0.0,255,62.5,-29.995520,-51.134828,2.8,,16,0,1,850,,,,,,,,,,,,,,,,1,0.0,255,62.5,-51.134828,-29.995520,2025-10-20 09:28:53,12,2.8,10,+RESP:
2025-10-20 08:31:17,2025-10-20 08:31:14,2025-10-20 08:28:52,385349,862689070136285,1383,GTERI,4.00,00008200,698407,12446,80,00,11,,,10,1,0724,0006,060F,0BA7,0.0,255,62.5,-29.995520,-51.134828,2.8,,15,0,1,850,,,,,,,,,,,,,,,,1,0.0,255,62.5,-51.134828,-29.995520,2025-10-20 08:28:52,10,2.8,10,+RESP:
2025-10-20 07:31:14,2025-10-20 07:31:14,2025-10-20 07:28:52,385349,862689070136285,1382,GTERI,4.03,00008200,698407,12446,80,00,11,,,14,1,0724,0006,060F,0BA7,0.0,255,62.5,-29.995520,-51.134828,2.8,,14,0,1,850,,,,,,,,,,,,,,,,1,0.0,255,62.5,-51.134828,-29.995520,2025-10-20 07:28:52,14,2.8,10,+RESP:
2025-10-20 06:31:14,2025-10-20 06:31:14,2025-10-20 06:28:52,385349,862689070136285,1381,GTERI,4.06,00008200,698407,12446,80,00,11,,,15,1,0724,0006,060F,0BA7,0.0,255,62.5,-29.995520,-51.134828,2.8,,14,0,1,850,,,,,,,,,,,,,,,,1,0.0,255,62.5,-51.134828,-29.995520,2025-10-20 06:28:52,15,2.8,10,+RESP:
2025-10-20 05:31:14,2025-10-20 05:31:14,2025-10-20 05:28:52,385349,862689070136285,1380,GTERI,4.08,00008200,698407,12446,80,00,11,,,15,1,0724,0006,060F,0BA7,0.0,255,62.5,-29.995520,-51.134828,2.8,,14,0,1,850,,,,,,,,,,,,,,,,1,0.0,255,62.5,-51.134828,-29.995520,2025-10-20 05:28:52,15,2.8,10,+RESP:
2025-10-20 04:31:14,2025-10-20 04:31:14,2025-10-20 04:28:52,385349,862689070136285,1379,GTERI,4.10,00008200,698407,12454,80,00,11,,,16,1,0724,0006,060F,0BA7,0.0,255,62.5,-29.995520,-51.134828,2.8,,14,0,1,850,,,,,,,,,,,,,,,,1,0.0,255,62.5,-51.134828,-29.995520,2025-10-20 04:28:52,16,2.8,10,+RESP:
2025-10-20 03:31:14,2025-10-20 03:31:14,2025-10-20 03:28:52,385349,862689070136285,1378,GTERI,4.12,00008200,698407,12454,80,00,11,,,13,1,0724,0006,060F,0BA7,0.0,255,62.5,-29.995520,-51.134828,2.8,,14,0,1,850,,,,,,,,,,,,,,,,1,0.0,255,62.5,-51.134828,-29.995520,2025-10-20 03:28:52,13,2.8,10,+RESP:
2025-10-20 02:31:14,2025-10-20 02:31:14,2025-10-20 02:28:52,385349,862689070136285,1377,GTERI,4.16,00008200,698407,12446,80,00,11,,,13,1,0724,0006,060F,0BA7,0.0,255,62.5,-29.995520,-51.134828,2.8,,14,0,1,850,,,,,,,,,,,,,,,,1,0.0,255,62.5,-51.134828,-29.995520,2025-10-20 02:28:52,13,2.8,10,+RESP:
2025-10-20 01:31:14,2025-10-20 01:31:14,2025-10-20 01:29:17,385349,862689070136285,1376,GTERI,4.19,00008200,698407,12293,80,00,11,,,15,1,0724,0006,060F,0BA7,0.0,255,62.5,-29.995520,-51.134828,2.8,,15,0,1,850,,,,,,,,,,,,,,,,1,0.0,255,62.5,-51.134828,-29.995520,2025-10-20 01:29:17,15,2.8,10,+RESP:
2025-10-20 00:31:14,2025-10-20 00:31:14,2025-10-20 00:29:16,385349,862689070136285,1375,GTERI,3.82,00008200,698407,12463,80,00,11,,,5,1,0724,0006,060F,0BA7,0.0,255,62.5,-29.995520,-51.134828,2.8,,14,0,1,850,,,,,,,,,,,,,,,,1,0.0,255,62.5,-51.134828,-29.995520,2025-10-20 00:29:16,5,2.8,10,+RESP:
2025-10-19 23:31:14,2025-10-19 23:31:14,2025-10-19 23:29:17,385349,862689070136285,1374,GTERI,3.84,00008200,698407,12463,80,00,11,,,4,1,0724,0006,060F,0BA7,0.0,255,62.5,-29.995520,-51.134828,2.8,,15,0,1,850,,,,,,,,,,,,,,,,1,0.0,255,62.5,-51.134828,-29.995520,2025-10-19 23:29:17,4,2.8,10,+RESP:
2025-10-19 22:31:14,2025-10-19 22:31:14,2025-10-19 22:29:18,385349,862689070136285,1373,GTERI,3.85,00008200,698407,12471,80,00,11,,,5,1,0724,0006,060F,0BA7,0.0,255,62.5,-29.995520,-51.134828,2.8,,15,0,1,850,,,,,,,,,,,,,,,,1,0.0,255,62.5,-51.134828,-29.995520,2025-10-19 22:29:18,5,2.8,10,+RESP:
2025-10-19 21:31:14,2025-10-19 21:31:14,2025-10-19 21:29:19,385349,862689070136285,1372,GTERI,3.86,00008200,698407,12471,80,00,11,,,4,1,0724,0006,060F,0BA7,0.0,255,62.5,-29.995520,-51.134828,2.8,,14,0,1,850,,,,,,,,,,,,,,,,1,0.0,255,62.5,-51.134828,-29.995520,2025-10-19 21:29:19,4,2.8,10,+RESP:
2025-10-19 20:31:14,2025-10-19 20:31:14,2025-10-19 20:28:52,385349,862689070136285,1371,GTERI,3.89,00008200,698407,12479,80,00,11,,,11,1,0724,0006,060F,0BA7,0.0,255,62.5,-29.995520,-51.134828,2.8,,14,0,1,850,,,,,,,,,,,,,,,,1,0.0,255,62.5,-51.134828,-29.995520,2025-10-19 20:28:52,11,2.8,10,+RESP:
2025-10-19 19:31:14,2025-10-19 19:31:14,2025-10-19 19:28:52,385349,862689070136285,1370,GTERI,3.91,00008200,698407,12479,80,00,11,,,10,1,0724,0006,060F,0BA7,0.0,255,62.5,-29.995520,-51.134828,2.8,,14,0,1,850,,,,,,,,,,,,,,,,1,0.0,255,62.5,-51.134828,-29.995520,2025-10-19 19:28:52,10,2.8,10,+RESP:
2025-10-19 18:31:14,2025-10-19 18:31:14,2025-10-19 18:28:52,385349,862689070136285,1369,GTERI,3.94,00008200,698407,12487,80,00,11,,,12,1,0724,0006,060F,0BA7,0.0,255,62.5,-29.995520,-51.134828,2.8,,14,0,1,850,,,,,,,,,,,,,,,,1,0.0,255,62.5,-51.134828,-29.995520,2025-10-19 18:28:52,12,2.8,10,+RESP:
2025-10-19 17:31:14,2025-10-19 17:31:14,2025-10-19 17:28:52,385349,862689070136285,1368,GTERI,3.95,00008200,698407,12487,80,00,11,,,10,1,0724,0006,060F,0BA7,0.0,255,62.5,-29.995520,-51.134828,2.8,,15,0,1,850,,,,,,,,,,,,,,,,1,0.0,255,62.5,-51.134828,-29.995520,2025-10-19 17:28:52,10,2.8,10,+RESP:
2025-10-19 16:31:14,2025-10-19 16:31:14,2025-10-19 16:28:52,385349,862689070136285,1367,GTERI,3.97,00008200,698407,12487,80,00,11,,,12,1,0724,0006,060F,0BA7,0.0,255,62.5,-29.995520,-51.134828,2.8,,14,0,1,850,,,,,,,,,,,,,,,,1,0.0,255,62.5,-51.134828,-29.995520,2025-10-19 16:28:52,12,2.8,10,+RESP:
2025-10-19 15:31:14,2025-10-19 15:31:14,2025-10-19 15:28:52,385349,862689070136285,1366,GTERI,3.99,00008200,698407,12487,80,00,11,,,12,1,0724,0006,060F,0BA7,0.0,255,62.5,-29.995520,-51.134828,2.8,,14,0,1,850,,,,,,,,,,,,,,,,1,0.0,255,62.5,-51.134828,-29.995520,2025-10-19 15:28:52,12,2.8,10,+RESP:
2025-10-19 15:05:28,2025-10-19 15:02:08,2025-10-19 14:31:26,385349,862689070136285,1365,GTINF,4.00,,698407,12487,80,00,11,,,,,,,,,,,,,,,,14,0,,,89551805000580221920,1,0,1,+0000,0
2025-10-19 13:31:19,2025-10-19 13:31:19,2025-10-19 13:28:56,385349,862689070136285,1364,GTERI,4.05,00008200,698407,12487,80,00,11,,,13,1,0724,0006,060F,0BA7,0.0,178,44.4,-29.995553,-51.134843,2.8,,15,0,1,850,,,,,,,,,,,,,,,,1,0.0,178,44.4,-51.134843,-29.995553,2025-10-19 13:28:56,13,2.8,10,+RESP:
2025-10-19 12:31:20,2025-10-19 12:31:19,2025-10-19 12:28:56,385349,862689070136285,1363,GTERI,4.06,00008200,698407,12479,80,00,11,,,12,1,0724,0006,060F,0BA7,0.0,178,44.4,-29.995553,-51.134843,2.8,,15,0,1,850,,,,,,,,,,,,,,,,1,0.0,178,44.4,-51.134843,-29.995553,2025-10-19 12:28:56,12,2.8,10,+RESP:
2025-10-19 11:31:19,2025-10-19 11:31:19,2025-10-19 11:28:56,385349,862689070136285,1362,GTERI,4.09,00008200,698407,12471,80,00,11,,,12,1,0724,0006,060F,0BA7,0.0,178,44.4,-29.995553,-51.134843,2.8,,15,0,1,850,,,,,,,,,,,,,,,,1,0.0,178,44.4,-51.134843,-29.995553,2025-10-19 11:28:56,12,2.8,10,+RESP:
2025-10-19 10:31:19,2025-10-19 10:31:19,2025-10-19 10:28:56,385349,862689070136285,1361,GTERI,4.11,00008200,698407,12463,80,00,11,,,9,1,0724,0006,060F,0BA7,0.0,178,44.4,-29.995553,-51.134843,2.8,,15,0,1,850,,,,,,,,,,,,,,,,1,0.0,178,44.4,-51.134843,-29.995553,2025-10-19 10:28:56,9,2.8,10,+RESP:
2025-10-19 09:31:19,2025-10-19 09:31:19,2025-10-19 09:28:56,385349,862689070136285,1360,GTERI,4.14,00008200,698407,12463,80,00,11,,,12,1,0724,0006,060F,0BA7,0.0,178,44.4,-29.995553,-51.134843,2.8,,15,0,1,850,,,,,,,,,,,,,,,,1,0.0,178,44.4,-51.134843,-29.995553,2025-10-19 09:28:56,12,2.8,10,+RESP:
2025-10-19 08:31:19,2025-10-19 08:31:19,2025-10-19 08:28:56,385349,862689070136285,1359,GTERI,4.19,00008200,698407,12309,80,00,11,,,12,1,0724,0006,060F,0BA7,0.0,178,44.4,-29.995553,-51.134843,2.8,,15,0,1,850,,,,,,,,,,,,,,,,1,0.0,178,44.4,-51.134843,-29.995553,2025-10-19 08:28:56,12,2.8,10,+RESP:
2025-10-19 07:31:19,2025-10-19 07:31:19,2025-10-19 07:28:56,385349,862689070136285,1358,GTERI,4.02,00008200,698407,12260,80,00,11,,,14,1,0724,0006,060F,0BA7,0.0,178,44.4,-29.995553,-51.134843,2.8,,15,0,1,850,,,,,,,,,,,,,,,,1,0.0,178,44.4,-51.134843,-29.995553,2025-10-19 07:28:56,14,2.8,10,+RESP:
2025-10-19 06:31:19,2025-10-19 06:31:19,2025-10-19 06:28:56,385349,862689070136285,1357,GTERI,3.84,00008200,698407,12463,80,00,11,,,15,1,0724,0006,060F,0BA7,0.0,178,44.4,-29.995553,-51.134843,2.8,,15,0,1,850,,,,,,,,,,,,,,,,1,0.0,178,44.4,-51.134843,-29.995553,2025-10-19 06:28:56,15,2.8,10,+RESP:
2025-10-19 05:31:19,2025-10-19 05:31:19,2025-10-19 05:28:56,385349,862689070136285,1356,GTERI,3.85,00008200,698407,12463,80,00,11,,,16,1,0724,0006,060F,0BA7,0.0,178,44.4,-29.995553,-51.134843,2.8,,15,0,1,850,,,,,,,,,,,,,,,,1,0.0,178,44.4,-51.134843,-29.995553,2025-10-19 05:28:56,16,2.8,10,+RESP:
2025-10-19 04:31:19,2025-10-19 04:31:19,2025-10-19 04:28:56,385349,862689070136285,1355,GTERI,3.86,00008200,698407,12471,80,00,11,,,13,1,0724,0006,060F,0BA7,0.0,178,44.4,-29.995553,-51.134843,2.8,,15,0,1,850,,,,,,,,,,,,,,,,1,0.0,178,44.4,-51.134843,-29.995553,2025-10-19 04:28:56,13,2.8,10,+RESP:
2025-10-19 03:31:19,2025-10-19 03:31:19,2025-10-19 03:28:56,385349,862689070136285,1354,GTERI,3.88,00008200,698407,12471,80,00,11,,,17,1,0724,0006,060F,0BA7,0.0,178,44.4,-29.995553,-51.134843,2.8,,15,0,1,850,,,,,,,,,,,,,,,,1,0.0,178,44.4,-51.134843,-29.995553,2025-10-19 03:28:56,17,2.8,10,+RESP:
2025-10-19 02:31:19,2025-10-19 02:31:19,2025-10-19 02:28:57,385349,862689070136285,1353,GTERI,3.90,00008200,698407,12471,80,00,11,,,14,1,0724,0006,060F,0BA7,0.0,178,44.4,-29.995553,-51.134843,2.8,,14,0,1,850,,,,,,,,,,,,,,,,1,0.0,178,44.4,-51.134843,-29.995553,2025-10-19 02:28:57,14,2.8,10,+RESP:
2025-10-19 01:31:19,2025-10-19 01:31:19,2025-10-19 01:28:56,385349,862689070136285,1352,GTERI,3.93,00008200,698407,12471,80,00,11,,,12,1,0724,0006,060F,0BA7,0.0,178,44.4,-29.995553,-51.134843,2.8,,15,0,1,850,,,,,,,,,,,,,,,,1,0.0,178,44.4,-51.134843,-29.995553,2025-10-19 01:28:56,12,2.8,10,+RESP:
2025-10-19 00:31:19,2025-10-19 00:31:19,2025-10-19 00:28:56,385349,862689070136285,1351,GTERI,3.95,00008200,698407,12479,80,00,11,,,13,1,0724,0006,060F,0BA7,0.0,178,44.4,-29.995553,-51.134843,2.8,,15,0,1,850,,,,,,,,,,,,,,,,1,0.0,178,44.4,-51.134843,-29.995553,2025-10-19 00:28:56,13,2.8,10,+RESP:
2025-10-18 23:31:19,2025-10-18 23:31:19,2025-10-18 23:28:57,385349,862689070136285,1350,GTERI,3.96,00008200,698407,12479,80,00,11,,,12,1,0724,0006,060F,0BA7,0.0,178,44.4,-29.995553,-51.134843,2.8,,15,0,1,850,,,,,,,,,,,,,,,,1,0.0,178,44.4,-51.134843,-29.995553,2025-10-18 23:28:57,12,2.8,10,+RESP:
2025-10-18 22:31:19,2025-10-18 22:31:19,2025-10-18 22:28:57,385349,862689070136285,1349,GTERI,3.98,00008200,698407,12479,80,00,11,,,11,1,0724,0006,060F,0BA7,0.0,178,44.4,-29.995553,-51.134843,2.8,,15,0,1,850,,,,,,,,,,,,,,,,1,0.0,178,44.4,-51.134843,-29.995553,2025-10-18 22:28:57,11,2.8,10,+RESP:
2025-10-18 21:31:19,2025-10-18 21:31:19,2025-10-18 21:28:57,385349,862689070136285,1348,GTERI,4.00,00008200,698407,12487,80,00,11,,,12,1,0724,0006,060F,0BA7,0.0,178,44.4,-29.995553,-51.134843,2.8,,15,0,1,850,,,,,,,,,,,,,,,,1,0.0,178,44.4,-51.134843,-29.995553,2025-10-18 21:28:57,12,2.8,10,+RESP:
2025-10-18 20:31:19,2025-10-18 20:31:19,2025-10-18 20:28:57,385349,862689070136285,1347,GTERI,4.03,00008200,698407,12487,80,00,11,,,10,1,0724,0006,060F,0BA7,0.0,178,44.4,-29.995553,-51.134843,2.8,,15,0,1,850,,,,,,,,,,,,,,,,1,0.0,178,44.4,-51.134843,-29.995553,2025-10-18 20:28:57,10,2.8,10,+RESP:
2025-10-18 19:31:19,2025-10-18 19:31:19,2025-10-18 19:28:57,385349,862689070136285,1346,GTERI,4.06,00008200,698407,12487,80,00,11,,,12,1,0724,0006,060F,0BA7,0.0,178,44.4,-29.995553,-51.134843,2.8,,15,0,1,850,,,,,,,,,,,,,,,,1,0.0,178,44.4,-51.134843,-29.995553,2025-10-18 19:28:57,12,2.8,10,+RESP:
2025-10-18 18:31:19,2025-10-18 18:31:19,2025-10-18 18:28:57,385349,862689070136285,1345,GTERI,4.07,00008200,698407,12495,80,00,11,,,13,1,0724,0006,060F,0BA7,0.0,178,44.4,-29.995553,-51.134843,2.8,,15,0,1,850,,,,,,,,,,,,,,,,1,0.0,178,44.4,-51.134843,-29.995553,2025-10-18 18:28:57,13,2.8,10,+RESP:
2025-10-18 17:31:19,2025-10-18 17:31:19,2025-10-18 17:29:00,385349,862689070136285,1344,GTERI,4.09,00008200,698407,12487,80,00,11,,,8,1,0724,0006,060F,0BA7,0.0,178,44.4,-29.995553,-51.134843,2.8,,15,0,1,850,,,,,,,,,,,,,,,,1,0.0,178,44.4,-51.134843,-29.995553,2025-10-18 17:29:00,8,2.8,10,+RESP:
2025-10-18 16:31:19,2025-10-18 16:31:19,2025-10-18 16:28:57,385349,862689070136285,1343,GTERI,4.12,00008200,698407,12495,80,00,11,,,11,1,0724,0006,060F,0BA7,0.0,178,44.4,-29.995553,-51.134843,2.8,,15,0,1,850,,,,,,,,,,,,,,,,1,0.0,178,44.4,-51.134843,-29.995553,2025-10-18 16:28:57,11,2.8,10,+RESP:
2025-10-18 15:31:19,2025-10-18 15:31:19,2025-10-18 15:28:57,385349,862689070136285,1342,GTERI,4.16,00008200,698407,12495,80,00,11,,,12,1,0724,0006,060F,0BA7,0.0,178,44.4,-29.995553,-51.134843,2.8,,16,0,1,850,,,,,,,,,,,,,,,,1,0.0,178,44.4,-51.134843,-29.995553,2025-10-18 15:28:57,12,2.8,10,+RESP:
2025-10-18 15:02:10,2025-10-18 15:02:10,2025-10-18 14:31:20,385349,862689070136285,1341,GTINF,4.18,,698407,12349,80,00,11,,,,,,,,,,,,,,,,14,0,,,89551805000580221920,1,1,1,+0000,0
2025-10-18 14:31:41,2025-10-18 14:31:20,2025-10-18 14:31:20,385349,862689070136285,1340,GTERI,4.17,00008200,698407,12268,80,00,11,,,12,1,0724,0006,060F,0BA7,0.1,178,44.4,-29.995553,-51.134843,2.8,,15,0,1,850,,,,,,,,,,,,,,,,1,0.1,178,44.4,-51.134843,-29.995553,2025-10-18 14:31:20,12,2.8,10,+RESP:
2025-10-18 14:31:40,2025-10-18 14:31:20,2025-10-18 14:31:20,385349,862689070136285,1339,GTRTL,4.17,,698407,12268,80,00,11,,,12,1,0724,0006,060F,0BA7,0.1,178,44.4,-29.995553,-51.134843,2.8,,,,,,,,,,,,,,,,,,,,,,,,,,,,,,,+RESP:
2025-10-18 14:31:40,2025-10-18 14:30:04,2025-10-18 14:30:03,385349,862689070136285,1338,GTDOG,,,,,,,,,,,,,,,,,,,,,,,,,,,,,,,,,,
2025-10-18 14:30:58,2025-10-18 14:20:57,2025-10-18 14:18:34,385349,862689070136285,1337,GTERI,4.13,00008200,698407,12293,80,00,11,,,11,1,0724,0006,060F,0BA7,0.0,35,24.7,-29.995547,-51.134888,2.8,,14,0,1,850,,,,,,,,,,,,,,,,1,0.0,35,24.7,-51.134888,-29.995547,2025-10-18 14:18:34,11,2.8,10,+BUFF:
2025-10-18 13:20:56,2025-10-18 13:20:57,2025-10-18 13:18:34,385349,862689070136285,1336,GTERI,3.77,00008200,698407,12495,80,00,11,,,13,1,0724,0006,060F,0BA7,0.0,35,24.7,-29.995547,-51.134888,2.8,,15,0,1,850,,,,,,,,,,,,,,,,1,0.0,35,24.7,-51.134888,-29.995547,2025-10-18 13:18:34,13,2.8,10,+RESP:
2025-10-18 12:20:57,2025-10-18 12:20:57,2025-10-18 12:18:34,385349,862689070136285,1335,GTERI,3.78,00008200,698407,12495,80,00,11,,,10,1,0724,0006,060F,0BA7,0.0,35,24.7,-29.995547,-51.134888,2.8,,15,0,1,850,,,,,,,,,,,,,,,,1,0.0,35,24.7,-51.134888,-29.995547,2025-10-18 12:18:34,10,2.8,10,+RESP:
2025-10-18 11:20:56,2025-10-18 11:20:57,2025-10-18 11:18:34,385349,862689070136285,1334,GTERI,3.79,00008200,698407,12503,80,00,11,,,13,1,0724,0006,060F,0BA7,0.0,35,24.7,-29.995547,-51.134888,2.8,,15,0,1,850,,,,,,,,,,,,,,,,1,0.0,35,24.7,-51.134888,-29.995547,2025-10-18 11:18:34,13,2.8,10,+RESP:
2025-10-18 10:20:56,2025-10-18 10:20:57,2025-10-18 10:18:34,385349,862689070136285,1333,GTERI,3.79,00008200,698407,12495,80,00,11,,,11,1,0724,0006,060F,0BA7,0.0,35,24.7,-29.995547,-51.134888,2.8,,15,0,1,850,,,,,,,,,,,,,,,,1,0.0,35,24.7,-51.134888,-29.995547,2025-10-18 10:18:34,11,2.8,10,+RESP:
2025-10-18 09:20:57,2025-10-18 09:20:57,2025-10-18 09:18:34,385349,862689070136285,1332,GTERI,3.80,00008200,698407,12503,80,00,11,,,14,1,0724,0006,060F,0BA7,0.0,35,24.7,-29.995547,-51.134888,2.8,,15,0,1,850,,,,,,,,,,,,,,,,1,0.0,35,24.7,-51.134888,-29.995547,2025-10-18 09:18:34,14,2.8,10,+RESP:
2025-10-18 08:20:56,2025-10-18 08:20:57,2025-10-18 08:18:34,385349,862689070136285,1331,GTERI,3.81,00008200,698407,12503,80,00,11,,,13,1,0724,0006,060F,0BA7,0.0,35,24.7,-29.995547,-51.134888,2.8,,15,0,1,850,,,,,,,,,,,,,,,,1,0.0,35,24.7,-51.134888,-29.995547,2025-10-18 08:18:34,13,2.8,10,+RESP:
2025-10-18 07:20:56,2025-10-18 07:20:57,2025-10-18 07:18:34,385349,862689070136285,1330,GTERI,3.82,00008200,698407,12503,80,00,11,,,16,1,0724,0006,060F,0BA7,0.0,35,24.7,-29.995547,-51.134888,2.8,,15,0,1,850,,,,,,,,,,,,,,,,1,0.0,35,24.7,-51.134888,-29.995547,2025-10-18 07:18:34,16,2.8,10,+RESP:
2025-10-18 06:20:56,2025-10-18 06:20:57,2025-10-18 06:18:34,385349,862689070136285,1329,GTERI,3.83,00008200,698407,12503,80,00,11,,,17,1,0724,0006,060F,0BA7,0.0,35,24.7,-29.995547,-51.134888,2.8,,15,0,1,850,,,,,,,,,,,,,,,,1,0.0,35,24.7,-51.134888,-29.995547,2025-10-18 06:18:34,17,2.8,10,+RESP:
2025-10-18 05:20:56,2025-10-18 05:20:57,2025-10-18 05:18:34,385349,862689070136285,1328,GTERI,3.85,00008200,698407,12503,80,00,11,,,16,1,0724,0006,060F,0BA7,0.0,35,24.7,-29.995547,-51.134888,2.8,,14,0,1,850,,,,,,,,,,,,,,,,1,0.0,35,24.7,-51.134888,-29.995547,2025-10-18 05:18:34,16,2.8,10,+RESP:
2025-10-18 04:20:56,2025-10-18 04:20:57,2025-10-18 04:18:34,385349,862689070136285,1327,GTERI,3.86,00008200,698407,12503,80,00,11,,,15,1,0724,0006,060F,0BA7,0.0,35,24.7,-29.995547,-51.134888,2.8,,14,0,1,850,,,,,,,,,,,,,,,,1,0.0,35,24.7,-51.134888,-29.995547,2025-10-18 04:18:34,15,2.8,10,+RESP:
2025-10-18 03:20:56,2025-10-18 03:20:57,2025-10-18 03:18:34,385349,862689070136285,1326,GTERI,3.88,00008200,698407,12511,80,00,11,,,12,1,0724,0006,060F,0BA7,0.0,35,24.7,-29.995547,-51.134888,2.8,,14,0,1,850,,,,,,,,,,,,,,,,1,0.0,35,24.7,-51.134888,-29.995547,2025-10-18 03:18:34,12,2.8,10,+RESP:
2025-10-18 02:20:56,2025-10-18 02:20:57,2025-10-18 02:18:34,385349,862689070136285,1325,GTERI,3.90,00008200,698407,12503,80,00,11,,,12,1,0724,0006,060F,0BA7,0.0,35,24.7,-29.995547,-51.134888,2.8,,14,0,1,850,,,,,,,,,,,,,,,,1,0.0,35,24.7,-51.134888,-29.995547,2025-10-18 02:18:34,12,2.8,10,+RESP:
2025-10-18 01:21:36,2025-10-18 01:20:57,2025-10-18 01:18:34,385349,862689070136285,1324,GTERI,3.93,00008200,698407,12511,80,00,11,,,10,1,0724,0006,060F,0BA7,0.0,35,24.7,-29.995547,-51.134888,2.8,,13,0,1,850,,,,,,,,,,,,,,,,1,0.0,35,24.7,-51.134888,-29.995547,2025-10-18 01:18:34,10,2.8,10,+RESP:
2025-10-18 01:20:56,2025-10-18 01:20:57,2025-10-18 01:18:34,385349,862689070136285,1324,GTERI,3.93,00008200,698407,12511,80,00,11,,,10,1,0724,0006,060F,0BA7,0.0,35,24.7,-29.995547,-51.134888,2.8,,13,0,1,850,,,,,,,,,,,,,,,,1,0.0,35,24.7,-51.134888,-29.995547,2025-10-18 01:18:34,10,2.8,10,+RESP:
2025-10-18 00:20:57,2025-10-18 00:20:57,2025-10-18 00:18:34,385349,862689070136285,1323,GTERI,3.95,00008200,698407,12511,80,00,11,,,10,1,0724,0006,060F,0BA7,0.0,35,24.7,-29.995547,-51.134888,2.8,,14,0,1,850,,,,,,,,,,,,,,,,1,0.0,35,24.7,-51.134888,-29.995547,2025-10-18 00:18:34,10,2.8,10,+RESP:
2025-10-17 23:20:57,2025-10-17 23:20:57,2025-10-17 23:18:34,385349,862689070136285,1322,GTERI,3.96,00008200,698407,12519,80,00,11,,,12,1,0724,0006,060F,0BA7,0.0,35,24.7,-29.995547,-51.134888,2.8,,14,0,1,850,,,,,,,,,,,,,,,,1,0.0,35,24.7,-51.134888,-29.995547,2025-10-17 23:18:34,12,2.8,10,+RESP:
2025-10-17 22:24:16,2025-10-17 22:20:57,2025-10-17 22:18:34,385349,862689070136285,1321,GTERI,3.98,00008200,698407,12519,80,00,11,,,12,1,0724,0006,060F,0BA7,0.0,35,24.7,-29.995547,-51.134888,2.8,,14,0,1,850,,,,,,,,,,,,,,,,1,0.0,35,24.7,-51.134888,-29.995547,2025-10-17 22:18:34,12,2.8,10,+BUFF:
2025-10-17 20:20:56,2025-10-17 20:20:56,2025-10-17 20:18:34,385349,862689070136285,1320,GTERI,4.03,00008200,698407,12519,80,00,11,,,13,1,0724,0006,060F,0BA7,0.0,260,17.0,-29.995570,-51.134905,2.8,,12,0,1,850,,,,,,,,,,,,,,,,1,0.0,260,17.0,-51.134905,-29.995570,2025-10-17 20:18:34,13,2.8,10,+RESP:
2025-10-17 19:20:56,2025-10-17 19:20:56,2025-10-17 19:18:34,385349,862689070136285,1319,GTERI,4.06,00008200,698407,12519,80,00,11,,,9,1,0724,0006,060F,0BA7,0.0,260,17.0,-29.995570,-51.134905,2.8,,12,0,1,850,,,,,,,,,,,,,,,,1,0.0,260,17.0,-51.134905,-29.995570,2025-10-17 19:18:34,9,2.8,10,+RESP:
2025-10-17 18:20:56,2025-10-17 18:20:56,2025-10-17 18:18:34,385349,862689070136285,1318,GTERI,4.07,00008200,698407,12527,80,00,11,,,11,1,0724,0006,060F,0BA7,0.0,260,17.0,-29.995570,-51.134905,2.8,,13,0,1,850,,,,,,,,,,,,,,,,1,0.0,260,17.0,-51.134905,-29.995570,2025-10-17 18:18:34,11,2.8,10,+RESP:
2025-10-17 17:20:56,2025-10-17 17:20:56,2025-10-17 17:18:34,385349,862689070136285,1317,GTERI,4.10,00008200,698407,12527,80,00,11,,,9,1,0724,0006,060F,0C1D,0.0,260,17.0,-29.995570,-51.134905,2.8,,11,0,1,850,,,,,,,,,,,,,,,,1,0.0,260,17.0,-51.134905,-29.995570,2025-10-17 17:18:34,9,2.8,10,+RESP:
2025-10-17 16:20:56,2025-10-17 16:20:56,2025-10-17 16:18:34,385349,862689070136285,1316,GTERI,4.12,00008200,698407,12527,80,00,11,,,10,1,0724,0006,060F,0C1D,0.0,260,17.0,-29.995570,-51.134905,2.8,,11,0,1,850,,,,,,,,,,,,,,,,1,0.0,260,17.0,-51.134905,-29.995570,2025-10-17 16:18:34,10,2.8,10,+RESP:
2025-10-17 15:20:57,2025-10-17 15:20:56,2025-10-17 15:18:34,385349,862689070136285,1315,GTERI,4.16,00008200,698407,12535,80,00,11,,,10,1,0724,0006,060F,0BA7,0.0,260,17.0,-29.995570,-51.134905,2.8,,12,0,1,850,,,,,,,,,,,,,,,,1,0.0,260,17.0,-51.134905,-29.995570,2025-10-17 15:18:34,10,2.8,10,+RESP:
2025-10-17 15:02:12,2025-10-17 15:02:12,2025-10-17 14:18:34,385349,862689070136285,1314,GTINF,4.18,,698407,12398,80,00,11,,,,,,,,,,,,,,,,11,0,,,89551805000580221920,1,1,1,+0000,0
2025-10-17 14:20:56,2025-10-17 14:20:56,2025-10-17 14:18:34,385349,862689070136285,1313,GTERI,4.12,00008200,698407,12333,80,00,11,,,11,1,0724,0006,060F,0C1D,0.0,260,17.0,-29.995570,-51.134905,2.8,,11,0,1,850,,,,,,,,,,,,,,,,1,0.0,260,17.0,-51.134905,-29.995570,2025-10-17 14:18:34,11,2.8,10,+RESP:
2025-10-17 13:20:57,2025-10-17 13:20:56,2025-10-17 13:18:34,385349,862689070136285,1312,GTERI,3.77,00008200,698407,12543,80,00,11,,,13,1,0724,0006,060F,0BA7,0.0,260,17.0,-29.995570,-51.134905,2.8,,12,0,1,850,,,,,,,,,,,,,,,,1,0.0,260,17.0,-51.134905,-29.995570,2025-10-17 13:18:34,13,2.8,10,+RESP:
2025-10-17 12:21:36,2025-10-17 12:20:56,2025-10-17 12:18:34,385349,862689070136285,1311,GTERI,3.78,00008200,698407,12543,80,00,11,,,13,1,0724,0006,060F,0BA7,0.0,260,17.0,-29.995570,-51.134905,2.8,,12,0,1,850,,,,,,,,,,,,,,,,1,0.0,260,17.0,-51.134905,-29.995570,2025-10-17 12:18:34,13,2.8,10,+RESP:
2025-10-17 11:20:56,2025-10-17 11:20:56,2025-10-17 11:18:34,385349,862689070136285,1310,GTERI,3.79,00008200,698407,12543,80,00,11,,,14,1,0724,0006,060F,0BA7,0.0,260,17.0,-29.995570,-51.134905,2.8,,12,0,1,850,,,,,,,,,,,,,,,,1,0.0,260,17.0,-51.134905,-29.995570,2025-10-17 11:18:34,14,2.8,10,+RESP:
2025-10-17 10:20:56,2025-10-17 10:20:56,2025-10-17 10:18:34,385349,862689070136285,1309,GTERI,3.80,00008200,698407,12535,80,00,11,,,15,1,0724,0006,060F,0BA7,0.0,260,17.0,-29.995570,-51.134905,2.8,,11,0,1,850,,,,,,,,,,,,,,,,1,0.0,260,17.0,-51.134905,-29.995570,2025-10-17 10:18:34,15,2.8,10,+RESP:
2025-10-17 09:20:57,2025-10-17 09:20:56,2025-10-17 09:18:34,385349,862689070136285,1308,GTERI,3.81,00008200,698407,12535,80,00,11,,,15,1,0724,0006,060F,0BA7,0.0,260,17.0,-29.995570,-51.134905,2.8,,10,0,1,850,,,,,,,,,,,,,,,,1,0.0,260,17.0,-51.134905,-29.995570,2025-10-17 09:18:34,15,2.8,10,+RESP:
2025-10-17 08:20:57,2025-10-17 08:20:56,2025-10-17 08:18:34,385349,862689070136285,1307,GTERI,3.82,00008200,698407,12535,80,00,11,,,15,1,0724,0006,060F,0BA7,0.0,260,17.0,-29.995570,-51.134905,2.8,,12,0,1,850,,,,,,,,,,,,,,,,1,0.0,260,17.0,-51.134905,-29.995570,2025-10-17 08:18:34,15,2.8,10,+RESP:
2025-10-17 07:20:56,2025-10-17 07:20:56,2025-10-17 07:18:34,385349,862689070136285,1306,GTERI,3.83,00008200,698407,12535,80,00,11,,,14,1,0724,0006,060F,0BA7,0.0,260,17.0,-29.995570,-51.134905,2.8,,10,0,1,850,,,,,,,,,,,,,,,,1,0.0,260,17.0,-51.134905,-29.995570,2025-10-17 07:18:34,14,2.8,10,+RESP:
2025-10-17 06:20:56,2025-10-17 06:20:56,2025-10-17 06:18:34,385349,862689070136285,1305,GTERI,3.85,00008200,698407,12543,80,00,11,,,16,1,0724,0006,060F,0BA7,0.0,260,17.0,-29.995570,-51.134905,2.8,,10,0,1,850,,,,,,,,,,,,,,,,1,0.0,260,17.0,-51.134905,-29.995570,2025-10-17 06:18:34,16,2.8,10,+RESP:
2025-10-17 05:20:56,2025-10-17 05:20:56,2025-10-17 05:18:34,385349,862689070136285,1304,GTERI,3.86,00008200,698407,12543,80,00,11,,,14,1,0724,0006,060F,0BA7,0.0,260,17.0,-29.995570,-51.134905,2.8,,10,0,1,850,,,,,,,,,,,,,,,,1,0.0,260,17.0,-51.134905,-29.995570,2025-10-17 05:18:34,14,2.8,10,+RESP:
2025-10-17 04:20:56,2025-10-17 04:20:56,2025-10-17 04:18:34,385349,862689070136285,1303,GTERI,3.88,00008200,698407,12543,80,00,11,,,15,1,0724,0006,060F,0BA7,0.0,260,17.0,-29.995570,-51.134905,2.8,,11,0,1,850,,,,,,,,,,,,,,,,1,0.0,260,17.0,-51.134905,-29.995570,2025-10-17 04:18:34,15,2.8,10,+RESP:
2025-10-17 03:20:56,2025-10-17 03:20:56,2025-10-17 03:18:34,385349,862689070136285,1302,GTERI,3.90,00008200,698407,12551,80,00,11,,,11,1,0724,0006,060F,0BA7,0.0,260,17.0,-29.995570,-51.134905,2.8,,10,0,1,850,,,,,,,,,,,,,,,,1,0.0,260,17.0,-51.134905,-29.995570,2025-10-17 03:18:34,11,2.8,10,+RESP:
2025-10-17 02:20:56,2025-10-17 02:20:56,2025-10-17 02:18:34,385349,862689070136285,1301,GTERI,3.92,00008200,698407,12551,80,00,11,,,11,1,0724,0006,060F,0BA7,0.0,260,17.0,-29.995570,-51.134905,2.8,,10,0,1,850,,,,,,,,,,,,,,,,1,0.0,260,17.0,-51.134905,-29.995570,2025-10-17 02:18:34,11,2.8,10,+RESP:
2025-10-17 01:20:56,2025-10-17 01:20:56,2025-10-17 01:18:34,385349,862689070136285,1300,GTERI,3.94,00008200,698407,12551,80,00,11,,,11,1,0724,0006,060F,0BA7,0.0,260,17.0,-29.995570,-51.134905,2.8,,10,0,1,850,,,,,,,,,,,,,,,,1,0.0,260,17.0,-51.134905,-29.995570,2025-10-17 01:18:34,11,2.8,10,+RESP:
2025-10-17 00:20:56,2025-10-17 00:20:56,2025-10-17 00:18:34,385349,862689070136285,1299,GTERI,3.96,00008200,698407,12560,80,00,11,,,10,1,0724,0006,060F,0BA7,0.0,260,17.0,-29.995570,-51.134905,2.8,,10,0,1,850,,,,,,,,,,,,,,,,1,0.0,260,17.0,-51.134905,-29.995570,2025-10-17 00:18:34,10,2.8,10,+RESP:
2025-10-16 23:20:56,2025-10-16 23:20:56,2025-10-16 23:18:34,385349,862689070136285,1298,GTERI,3.98,00008200,698407,12560,80,00,11,,,8,1,0724,0006,060F,0BA7,0.0,260,17.0,-29.995570,-51.134905,2.8,,10,0,1,850,,,,,,,,,,,,,,,,1,0.0,260,17.0,-51.134905,-29.995570,2025-10-16 23:18:34,8,2.8,10,+RESP:
2025-10-16 22:20:56,2025-10-16 22:20:56,2025-10-16 22:18:59,385349,862689070136285,1297,GTERI,3.99,00008200,698407,12560,80,00,11,,,13,1,0724,0006,060F,0BA7,0.0,260,17.0,-29.995570,-51.134905,2.8,,10,0,1,850,,,,,,,,,,,,,,,,1,0.0,260,17.0,-51.134905,-29.995570,2025-10-16 22:18:59,13,2.8,10,+RESP:
2025-10-16 21:24:15,2025-10-16 21:20:58,2025-10-16 21:20:58,385349,862689070136285,1296,GTERI,3.89,00008200,698407,12568,80,00,11,,,6,1,0724,0006,060F,0BA7,1.6,260,17.0,-29.995570,-51.134905,2.8,,11,0,1,1800,,,,,,,,,,,,,,,,1,1.6,260,17.0,-51.134905,-29.995570,2025-10-16 21:20:58,6,2.8,10,+RESP:
2025-10-16 21:24:14,2025-10-16 21:20:58,2025-10-16 21:20:58,385349,862689070136285,1295,GTRTL,3.89,,698407,12568,80,00,11,,,6,1,0724,0006,060F,0BA7,1.6,260,17.0,-29.995570,-51.134905,2.8,,,,,,,,,,,,,,,,,,,,,,,,,,,,,,,+RESP:
2025-10-16 21:24:14,2025-10-16 21:19:58,2025-10-16 21:19:58,385349,862689070136285,1294,GTDOG,,,,,,,,,,,,,,,,,,,,,,,,,,,,,,,,,,
2025-10-16 21:24:12,2025-10-16 21:11:15,2025-10-16 21:09:16,385349,862689070136285,1293,GTERI,4.04,00008200,698407,12568,80,00,11,,,7,1,0724,0006,060F,0BA7,0.0,0,-12.9,-29.995723,-51.134588,2.8,,10,0,1,850,,,,,,,,,,,,,,,,1,0.0,0,-12.9,-51.134588,-29.995723,2025-10-16 21:09:16,7,2.8,10,+BUFF:
2025-10-16 20:11:15,2025-10-16 20:11:15,2025-10-16 20:08:53,385349,862689070136285,1292,GTERI,4.06,00008200,698407,12576,80,00,11,,,10,1,0724,0006,060F,0BA7,0.0,0,-12.9,-29.995723,-51.134588,2.8,,11,0,1,850,,,,,,,,,,,,,,,,1,0.0,0,-12.9,-51.134588,-29.995723,2025-10-16 20:08:53,10,2.8,10,+RESP:
2025-10-16 19:11:16,2025-10-16 19:11:15,2025-10-16 19:08:53,385349,862689070136285,1291,GTERI,4.09,00008200,698407,12576,80,00,11,,,12,1,0724,0006,060F,0BA7,0.0,0,-12.9,-29.995723,-51.134588,2.8,,11,0,1,850,,,,,,,,,,,,,,,,1,0.0,0,-12.9,-51.134588,-29.995723,2025-10-16 19:08:53,12,2.8,10,+RESP:
2025-10-16 18:11:15,2025-10-16 18:11:15,2025-10-16 18:08:53,385349,862689070136285,1290,GTERI,4.11,00008200,698407,12584,80,00,11,,,10,1,0724,0006,060F,0BA7,0.0,0,-12.9,-29.995723,-51.134588,2.8,,11,0,1,850,,,,,,,,,,,,,,,,1,0.0,0,-12.9,-51.134588,-29.995723,2025-10-16 18:08:53,10,2.8,10,+RESP:
2025-10-16 17:14:17,2025-10-16 17:11:16,2025-10-16 17:11:16,385349,862689070136285,1289,GTERI,4.07,00008200,698407,12584,80,00,11,,,12,1,0724,0006,060F,0BA7,0.4,0,-12.9,-29.995723,-51.134588,2.8,,14,0,1,850,,,,,,,,,,,,,,,,1,0.4,0,-12.9,-51.134588,-29.995723,2025-10-16 17:11:16,12,2.8,10,+RESP:
2025-10-16 17:14:16,2025-10-16 17:11:16,2025-10-16 17:11:16,385349,862689070136285,1288,GTRTL,4.07,,698407,12584,80,00,11,,,12,1,0724,0006,060F,0BA7,0.4,0,-12.9,-29.995723,-51.134588,2.8,,,,,,,,,,,,,,,,,,,,,,,,,,,,,,,+RESP:
2025-10-16 17:14:15,2025-10-16 17:10:00,2025-10-16 17:09:59,385349,862689070136285,1287,GTDOG,,,,,,,,,,,,,,,,,,,,,,,,,,,,,,,,,,
2025-10-16 17:14:15,2025-10-16 17:01:37,2025-10-16 16:59:15,385349,862689070136285,1286,GTERI,4.15,00008200,698407,12584,80,00,11,,,11,1,0724,0006,060F,0BA7,0.0,0,-28.4,-29.995408,-51.134877,2.8,,15,0,1,850,,,,,,,,,,,,,,,,1,0.0,0,-28.4,-51.134877,-29.995408,2025-10-16 16:59:15,11,2.8,10,+BUFF:
2025-10-16 15:02:11,2025-10-16 15:02:11,2025-10-16 14:59:19,385349,862689070136285,1285,GTINF,3.81,,698407,12608,80,00,11,,,,,,,,,,,,,,,,15,0,,,89551805000580221920,1,0,1,+0000,0
2025-10-16 15:01:41,2025-10-16 15:01:41,2025-10-16 14:59:19,385349,862689070136285,1284,GTERI,3.81,00008200,698407,12600,80,00,11,,,13,1,0724,0006,060F,0BA7,0.0,40,-5.0,-29.995447,-51.134973,2.8,,15,0,1,850,,,,,,,,,,,,,,,,1,0.0,40,-5.0,-51.134973,-29.995447,2025-10-16 14:59:19,13,2.8,10,+RESP:
2025-10-16 14:01:41,2025-10-16 14:01:41,2025-10-16 13:59:19,385349,862689070136285,1283,GTERI,3.82,00008200,698407,12616,80,00,11,,,13,1,0724,0006,060F,0BA7,0.0,40,-5.0,-29.995447,-51.134973,2.8,,15,0,1,850,,,,,,,,,,,,,,,,1,0.0,40,-5.0,-51.134973,-29.995447,2025-10-16 13:59:19,13,2.8,10,+RESP:
2025-10-16 13:01:41,2025-10-16 13:01:41,2025-10-16 12:59:19,385349,862689070136285,1282,GTERI,3.83,00008200,698407,12624,80,00,11,,,17,1,0724,0006,060F,0BA7,0.0,40,-5.0,-29.995447,-51.134973,2.8,,15,0,1,850,,,,,,,,,,,,,,,,1,0.0,40,-5.0,-51.134973,-29.995447,2025-10-16 12:59:19,17,2.8,10,+RESP:
2025-10-16 12:01:41,2025-10-16 12:01:41,2025-10-16 11:59:19,385349,862689070136285,1281,GTERI,3.84,00008200,698407,12632,80,00,11,,,13,1,0724,0006,060F,0BA7,0.0,40,-5.0,-29.995447,-51.134973,2.8,,15,0,1,850,,,,,,,,,,,,,,,,1,0.0,40,-5.0,-51.134973,-29.995447,2025-10-16 11:59:19,13,2.8,10,+RESP:
2025-10-16 11:01:44,2025-10-16 11:01:43,2025-10-16 11:01:43,385349,862689070136285,1280,GTERI,3.91,00008200,698407,12729,80,00,12,,,15,1,0724,0006,060F,0BA7,0.0,40,-5.0,-29.995447,-51.134973,2.8,,14,0,1,850,,,,,,,,,,,,,,,,1,0.0,40,-5.0,-51.134973,-29.995447,2025-10-16 11:01:43,15,2.8,10,+RESP:
2025-10-16 11:01:43,2025-10-16 11:01:43,2025-10-16 11:01:42,385349,862689070136285,1279,GTIGF,3.90,,698407,12899,80,00,12,56,,15,0,0724,0006,060F,0BA7,0.0,40,-5.0,-29.995447,-51.134973,2.8,,,,,,,,,,,,,,,,,,,,,,,,,,,,,,,+RESP:
2025-10-16 11:01:13,2025-10-16 11:01:13,2025-10-16 11:01:13,385349,862689070136285,1278,GTERI,3.88,00008200,698407,14209,81,00,22,,,12,1,0724,0006,060F,0BA7,5.0,38,-8.8,-29.995523,-51.135037,2.8,,13,0,1,850,,,,,,,,,,,,,,,,1,5.0,38,-8.8,-51.135037,-29.995523,2025-10-16 11:01:13,12,2.8,10,+RESP:
2025-10-16 11:00:47,2025-10-16 11:00:47,2025-10-16 10:11:53,385349,862689070136285,1275,GTIGN,3.86,,698407,12479,81,00,22,,2934,11,1,0724,0006,060F,0BA7,0.0,1,28.3,-30.053897,-51.167345,2.8,,,,,,,,,,,,,,,,,,,,,,,,,,,,,,,+RESP:
2025-10-16 10:11:54,2025-10-16 10:11:53,2025-10-16 10:11:53,385349,862689070136285,1274,GTERI,3.99,00008200,698407,12543,80,00,12,,,11,1,0724,0006,047F,0D72,0.0,1,28.3,-30.053897,-51.167345,2.8,,16,0,1,850,,,,,,,,,,,,,,,,1,0.0,1,28.3,-51.167345,-30.053897,2025-10-16 10:11:53,11,2.8,10,+RESP:
2025-10-16 10:11:53,2025-10-16 10:11:53,2025-10-16 10:11:52,385349,862689070136285,1273,GTIGF,3.99,,698407,12576,80,00,12,166,,12,0,0724,0006,047F,0D72,0.0,1,28.3,-30.053897,-51.167345,2.8,,,,,,,,,,,,,,,,,,,,,,,,,,,,,,,+RESP:
2025-10-16 10:11:00,2025-10-16 10:10:59,2025-10-16 10:10:59,385349,862689070136285,1271,GTERI,3.97,00008200,698407,14217,81,00,22,,,10,1,0724,0006,047F,0D72,4.4,12,40.5,-30.054813,-51.167562,2.7,,11,0,1,850,,,,,,,,,,,,,,,,1,4.4,12,40.5,-51.167562,-30.054813,2025-10-16 10:10:59,10,2.7,10,+RESP:
2025-10-16 10:09:08,2025-10-16 10:09:07,2025-10-16 09:08:51,385349,862689070136285,1268,GTIGN,3.86,,698407,12551,81,00,21,,3616,4,0,0724,0006,047F,0D72,4.4,66,39.1,-30.055267,-51.167578,2.7,,,,,,,,,,,,,,,,,,,,,,,,,,,,,,,+RESP:
2025-10-16 10:08:51,2025-10-16 10:08:51,2025-10-16 09:08:51,385349,862689070136285,1267,GTERI,3.86,00008200,698407,12560,80,00,11,,,4,0,0724,0006,047F,0D72,4.4,66,39.1,-30.055267,-51.167578,2.7,,15,0,1,850,,,,,,,,,,,,,,,,0,4.4,66,39.1,-51.167578,-30.055267,2025-10-16 09:08:51,4,2.7,10,+RESP:
2025-10-16 09:08:53,2025-10-16 09:08:51,2025-10-16 09:08:51,385349,862689070136285,1266,GTERI,4.01,00008200,698407,13028,80,00,12,,,4,2,0724,0006,047F,0D72,4.4,66,39.1,-30.055267,-51.167578,2.7,,12,0,1,850,,,,,,,,,,,,,,,,2,4.4,66,39.1,-51.167578,-30.055267,2025-10-16 09:08:51,4,2.7,10,+RESP:
2025-10-16 09:08:52,2025-10-16 09:08:51,2025-10-16 09:08:35,385349,862689070136285,1265,GTIGF,4.01,,698407,14128,80,00,12,122,,0,0,0724,0006,047F,0D72,4.4,66,39.1,-30.055267,-51.167578,2.7,,,,,,,,,,,,,,,,,,,,,,,,,,,,,,,+RESP:
2025-10-16 09:07:03,2025-10-16 09:07:03,2025-10-16 09:07:03,385349,862689070136285,1261,GTERI,3.93,00008200,698407,14112,81,00,21,,,8,1,0724,0006,047F,0D72,0.0,242,34.3,-30.055013,-51.167635,2.7,,9,0,1,850,,,,,,,,,,,,,,,,1,0.0,242,34.3,-51.167635,-30.055013,2025-10-16 09:07:03,8,2.7,10,+RESP:
2025-10-16 09:06:49,2025-10-16 09:06:49,2025-10-16 09:06:09,385349,862689070136285,1259,GTIGN,3.92,,698407,12681,81,00,21,,40,7,1,0724,0006,047F,0D72,0.0,242,34.3,-30.055013,-51.167635,2.7,,,,,,,,,,,,,,,,,,,,,,,,,,,,,,,+RESP:
2025-10-16 09:06:10,2025-10-16 09:06:09,2025-10-16 09:06:09,385349,862689070136285,1258,GTERI,3.91,00008200,698407,13012,80,00,11,,,7,1,0724,0006,047F,0D72,0.0,242,34.3,-30.055013,-51.167635,2.7,,12,0,1,850,,,,,,,,,,,,,,,,1,0.0,242,34.3,-51.167635,-30.055013,2025-10-16 09:06:09,7,2.7,10,+RESP:
2025-10-16 09:06:09,2025-10-16 09:06:09,2025-10-16 09:06:08,385349,862689070136285,1257,GTIGF,3.91,,698407,14136,80,00,11,44,,7,0,0724,0006,047F,0D72,0.0,242,34.3,-30.055013,-51.167635,2.7,,,,,,,,,,,,,,,,,,,,,,,,,,,,,,,+RESP:
2025-10-16 09:05:44,2025-10-16 09:05:44,2025-10-16 09:05:43,385349,862689070136285,1256,GTERI,3.89,00008200,698407,14112,81,00,21,,,7,1,0724,0006,047F,0D72,1.8,70,33.8,-30.054980,-51.167558,2.7,,16,0,1,850,,,,,,,,,,,,,,,,1,1.8,70,33.8,-51.167558,-30.054980,2025-10-16 09:05:43,7,2.7,10,+RESP:
2025-10-16 09:05:25,2025-10-16 09:05:25,2025-10-16 08:56:41,385349,862689070136285,1254,GTIGN,3.88,,698407,12616,81,00,21,,524,10,1,0724,0006,047F,0D72,0.0,234,22.9,-30.054960,-51.167623,2.7,,,,,,,,,,,,,,,,,,,,,,,,,,,,,,,+RESP:
2025-10-16 08:56:42,2025-10-16 08:56:41,2025-10-16 08:56:41,385349,862689070136285,1253,GTERI,4.00,00008200,698407,13263,80,00,12,,,10,1,0724,0006,047F,0D72,0.0,234,22.9,-30.054960,-51.167623,2.7,,14,0,1,850,,,,,,,,,,,,,,,,1,0.0,234,22.9,-51.167623,-30.054960,2025-10-16 08:56:41,10,2.7,10,+RESP:
2025-10-16 08:56:41,2025-10-16 08:56:41,2025-10-16 08:56:40,385349,862689070136285,1252,GTIGF,4.00,,698407,14184,80,00,12,138,,10,0,0724,0006,047F,0D72,0.0,234,22.9,-30.054960,-51.167623,2.7,,,,,,,,,,,,,,,,,,,,,,,,,,,,,,,+RESP:
2025-10-16 08:56:18,2025-10-16 08:56:17,,385349,862689070136285,1250,GTASC
2025-10-16 08:55:57,2025-10-16 08:55:57,,385349,862689070136285,1249,GTASC
2025-10-16 08:54:42,2025-10-16 08:54:42,2025-10-16 08:54:41,385349,862689070136285,1247,GTERI,3.87,00008200,698407,14265,81,00,21,,,8,1,0724,0006,047F,0D72,1.2,313,33.2,-30.054255,-51.168018,2.4,,12,0,1,850,,,,,,,,,,,,,,,,1,1.2,313,33.2,-51.168018,-30.054255,2025-10-16 08:54:41,8,2.4,10,+RESP:
2025-10-16 08:54:23,2025-10-16 08:54:23,2025-10-16 08:51:27,385349,862689070136285,1245,GTIGN,3.87,,698407,12471,81,00,21,,176,10,1,0724,0006,047F,0D72,0.0,283,33.0,-30.054463,-51.168038,2.4,,,,,,,,,,,,,,,,,,,,,,,,,,,,,,,+RESP:
2025-10-16 08:51:28,2025-10-16 08:51:27,2025-10-16 08:51:27,385349,862689070136285,1244,GTERI,3.90,00008200,698407,13247,80,00,12,,,10,1,0724,0006,047F,0D72,0.0,283,33.0,-30.054463,-51.168038,2.4,,14,0,1,850,,,,,,,,,,,,,,,,1,0.0,283,33.0,-51.168038,-30.054463,2025-10-16 08:51:27,10,2.4,10,+RESP:
2025-10-16 08:51:27,2025-10-16 08:51:27,2025-10-16 08:51:26,385349,862689070136285,1243,GTIGF,3.90,,698407,14298,80,00,12,40,,10,0,0724,0006,047F,0D72,0.0,283,33.0,-30.054463,-51.168038,2.4,,,,,,,,,,,,,,,,,,,,,,,,,,,,,,,+RESP:
2025-10-16 08:51:01,2025-10-16 08:51:01,2025-10-16 08:51:00,385349,862689070136285,1242,GTERI,3.86,00008200,698407,14298,81,00,22,,,8,1,0724,0006,047F,0D72,5.4,118,28.6,-30.054557,-51.168117,2.4,,17,0,1,850,,,,,,,,,,,,,,,,1,5.4,118,28.6,-51.168117,-30.054557,2025-10-16 08:51:00,8,2.4,10,+RESP:
2025-10-16 08:50:47,2025-10-16 08:50:47,2025-10-16 08:31:21,385349,862689070136285,1239,GTIGN,3.86,,698407,12333,81,00,22,,1166,14,1,0724,0006,047F,0D72,0.0,56,65.5,-30.054423,-51.168033,2.4,,,,,,,,,,,,,,,,,,,,,,,,,,,,,,,+RESP:
2025-10-16 08:31:29,2025-10-16 08:31:21,2025-10-16 08:31:21,385349,862689070136285,1238,GTERI,4.01,00008200,698407,11783,80,00,11,,,14,1,0724,0006,047F,0D72,0.0,56,65.5,-30.054423,-51.168033,2.4,,16,0,1,850,,,,,,,,,,,,,,,,1,0.0,56,65.5,-51.168033,-30.054423,2025-10-16 08:31:21,14,2.4,10,+RESP:
2025-10-16 08:31:28,2025-10-16 08:31:21,2025-10-16 08:31:20,385349,862689070136285,1237,GTIGF,4.01,,698407,11792,80,00,11,324,,13,0,0724,0006,047F,0D72,0.0,56,65.5,-30.054423,-51.168033,2.4,,,,,,,,,,,,,,,,,,,,,,,,,,,,,,,+RESP:
2025-10-16 08:29:34,2025-10-16 08:29:11,2025-10-16 08:29:06,385349,862689070136285,1235,GTERI,3.99,00008200,698407,11800,81,00,21,,,14,1,0724,0006,047F,0D72,0.0,56,65.5,-30.054423,-51.168033,2.4,,16,0,1,850,,,,,,,,,,,,,,,,1,4.2,351,61.6,-51.167995,-30.054420,2025-10-16 08:26:19,11,2.4,10,+RESP:
2025-10-16 08:26:12,2025-10-16 08:26:11,2025-10-16 08:26:11,385349,862689070136285,1233,GTERI,3.86,00008200,698407,11856,81,00,22,,,10,1,0724,0006,047F,0D72,4.4,0,63.9,-30.054432,-51.167967,2.4,,17,0,1,850,,,,,,,,,,,,,,,,1,4.4,0,63.9,-51.167967,-30.054432,2025-10-16 08:26:11,10,2.4,10,+RESP:
2025-10-16 08:25:58,2025-10-16 08:25:57,2025-10-16 08:24:37,385349,862689070136285,1230,GTIGN,3.86,,698407,12366,81,00,21,,80,9,1,0724,0006,047F,0D72,0.0,11,67.2,-30.054433,-51.168093,2.4,,,,,,,,,,,,,,,,,,,,,,,,,,,,,,,+RESP:
2025-10-16 08:24:38,2025-10-16 08:24:37,2025-10-16 08:24:37,385349,862689070136285,1229,GTERI,3.85,00008200,698407,11808,80,00,11,,,9,1,0724,0006,047F,0D72,0.0,11,67.2,-30.054433,-51.168093,2.4,,17,0,1,850,,,,,,,,,,,,,,,,1,0.0,11,67.2,-51.168093,-30.054433,2025-10-16 08:24:37,9,2.4,10,+RESP:
2025-10-16 08:24:37,2025-10-16 08:24:37,2025-10-16 08:24:36,385349,862689070136285,1228,GTIGF,3.85,,698407,11678,80,00,11,18,,10,0,0724,0006,047F,0D72,0.9,11,67.2,-30.054433,-51.168093,2.4,,,,,,,,,,,,,,,,,,,,,,,,,,,,,,,+RESP:
2025-10-16 08:24:35,2025-10-16 08:24:35,2025-10-16 08:24:35,385349,862689070136285,1227,GTERI,3.85,00008200,698407,11662,81,00,21,,,9,1,0724,0006,047F,0D72,1.2,11,66.6,-30.054435,-51.168088,2.4,,17,0,1,850,,,,,,,,,,,,,,,,1,1.2,11,66.6,-51.168088,-30.054435,2025-10-16 08:24:35,9,2.4,10,+RESP:
2025-10-16 08:24:20,2025-10-16 08:24:19,2025-10-16 08:01:54,385349,862689070136285,1225,GTIGN,3.84,,698407,12422,81,00,21,,1350,7,0,0724,0006,047F,0D72,0.0,185,23.8,-30.054355,-51.167887,2.4,,,,,,,,,,,,,,,,,,,,,,,,,,,,,,,+RESP:
2025-10-16 08:01:55,2025-10-16 08:01:55,2025-10-16 08:01:54,385349,862689070136285,1224,GTERI,3.85,00008200,698407,12357,80,00,11,,,7,1,0724,0006,047F,0D72,0.0,185,23.8,-30.054355,-51.167887,2.4,,15,0,1,850,,,,,,,,,,,,,,,,1,0.0,185,23.8,-51.167887,-30.054355,2025-10-16 08:01:54,7,2.4,10,+RESP:
2025-10-16 08:01:50,2025-10-16 08:01:49,2025-10-16 07:29:55,385349,862689070136285,1223,GTIGF,3.85,,698407,11686,80,00,11,10,,0,0,0724,0006,047F,0D72,0.0,185,23.8,-30.054355,-51.167887,2.4,,,,,,,,,,,,,,,,,,,,,,,,,,,,,,,+RESP:
2025-10-16 08:01:39,2025-10-16 08:01:39,2025-10-16 07:29:55,385349,862689070136285,1221,GTIGN,3.85,,698407,12511,81,00,21,,48560,15,1,0724,0006,047F,0D72,0.0,185,23.8,-30.054355,-51.167887,2.4,,,,,,,,,,,,,,,,,,,,,,,,,,,,,,,+RESP:
2025-10-16 07:32:16,2025-10-16 07:32:16,2025-10-16 07:29:55,385349,862689070136285,1220,GTERI,3.85,00008200,698407,12543,80,00,11,,,15,1,0724,0006,047F,0D72,0.0,185,23.8,-30.054355,-51.167887,2.4,,16,0,1,850,,,,,,,,,,,,,,,,1,0.0,185,23.8,-51.167887,-30.054355,2025-10-16 07:29:55,15,2.4,10,+RESP:
2025-10-16 06:32:16,2025-10-16 06:32:16,2025-10-16 06:29:54,385349,862689070136285,1219,GTERI,3.87,00008200,698407,12543,80,00,11,,,16,1,0724,0006,047F,0D72,0.0,185,23.8,-30.054355,-51.167887,2.4,,17,0,1,850,,,,,,,,,,,,,,,,1,0.0,185,23.8,-51.167887,-30.054355,2025-10-16 06:29:54,16,2.4,10,+RESP:
2025-10-16 05:32:16,2025-10-16 05:32:16,2025-10-16 05:29:54,385349,862689070136285,1218,GTERI,3.88,00008200,698407,12543,80,00,11,,,8,1,0724,0006,047F,0D72,0.0,185,23.8,-30.054355,-51.167887,2.4,,17,0,1,850,,,,,,,,,,,,,,,,1,0.0,185,23.8,-51.167887,-30.054355,2025-10-16 05:29:54,8,2.4,10,+RESP:
2025-10-16 04:32:16,2025-10-16 04:32:16,2025-10-16 04:29:54,385349,862689070136285,1217,GTERI,3.91,00008200,698407,12551,80,00,11,,,13,1,0724,0006,047F,0D72,0.0,185,23.8,-30.054355,-51.167887,2.4,,15,0,1,850,,,,,,,,,,,,,,,,1,0.0,185,23.8,-51.167887,-30.054355,2025-10-16 04:29:54,13,2.4,10,+RESP:
2025-10-16 03:32:16,2025-10-16 03:32:16,2025-10-16 03:29:54,385349,862689070136285,1216,GTERI,3.93,00008200,698407,12551,80,00,11,,,11,1,0724,0006,047F,0D72,0.0,185,23.8,-30.054355,-51.167887,2.4,,16,0,1,850,,,,,,,,,,,,,,,,1,0.0,185,23.8,-51.167887,-30.054355,2025-10-16 03:29:54,11,2.4,10,+RESP:
2025-10-16 02:32:16,2025-10-16 02:32:16,2025-10-16 02:29:54,385349,862689070136285,1215,GTERI,3.95,00008200,698407,12560,80,00,11,,,9,1,0724,0006,047F,0D72,0.0,185,23.8,-30.054355,-51.167887,2.4,,16,0,1,850,,,,,,,,,,,,,,,,1,0.0,185,23.8,-51.167887,-30.054355,2025-10-16 02:29:54,9,2.4,10,+RESP:
2025-10-16 01:32:16,2025-10-16 01:32:16,2025-10-16 01:29:55,385349,862689070136285,1214,GTERI,3.96,00008200,698407,12568,80,00,11,,,10,1,0724,0006,047F,0D72,0.0,185,23.8,-30.054355,-51.167887,2.4,,16,0,1,850,,,,,,,,,,,,,,,,1,0.0,185,23.8,-51.167887,-30.054355,2025-10-16 01:29:55,10,2.4,10,+RESP:
2025-10-16 00:32:16,2025-10-16 00:32:16,2025-10-16 00:29:55,385349,862689070136285,1213,GTERI,3.98,00008200,698407,12568,80,00,11,,,13,1,0724,0006,047F,0D72,0.0,185,23.8,-30.054355,-51.167887,2.4,,17,0,1,850,,,,,,,,,,,,,,,,1,0.0,185,23.8,-51.167887,-30.054355,2025-10-16 00:29:55,13,2.4,10,+RESP:
2025-10-15 23:32:16,2025-10-15 23:32:16,2025-10-15 23:29:55,385349,862689070136285,1212,GTERI,4.00,00008200,698407,12568,80,00,11,,,13,1,0724,0006,047F,0D72,0.0,185,23.8,-30.054355,-51.167887,2.4,,15,0,1,850,,,,,,,,,,,,,,,,1,0.0,185,23.8,-51.167887,-30.054355,2025-10-15 23:29:55,13,2.4,10,+RESP:
2025-10-15 22:32:16,2025-10-15 22:32:16,2025-10-15 22:29:54,385349,862689070136285,1211,GTERI,4.03,00008200,698407,12576,80,00,11,,,13,1,0724,0006,047F,0D72,0.0,185,23.8,-30.054355,-51.167887,2.4,,18,0,1,850,,,,,,,,,,,,,,,,1,0.0,185,23.8,-51.167887,-30.054355,2025-10-15 22:29:54,13,2.4,10,+RESP:
2025-10-15 21:32:17,2025-10-15 21:32:16,2025-10-15 21:29:54,385349,862689070136285,1210,GTERI,4.05,00008200,698407,12584,80,00,11,,,11,1,0724,0006,047F,0D72,0.0,185,23.8,-30.054355,-51.167887,2.4,,14,0,1,850,,,,,,,,,,,,,,,,1,0.0,185,23.8,-51.167887,-30.054355,2025-10-15 21:29:54,11,2.4,10,+RESP:
2025-10-15 20:32:16,2025-10-15 20:32:16,2025-10-15 20:29:59,385349,862689070136285,1209,GTERI,4.07,00008200,698407,12600,80,00,11,,,12,1,0724,0006,047F,0D72,0.0,185,23.8,-30.054355,-51.167887,2.4,,15,0,1,850,,,,,,,,,,,,,,,,1,0.0,185,23.8,-51.167887,-30.054355,2025-10-15 20:29:59,12,2.4,10,+RESP:
2025-10-15 19:32:17,2025-10-15 19:32:16,2025-10-15 19:29:54,385349,862689070136285,1208,GTERI,4.09,00008200,698407,12616,80,00,11,,,10,1,0724,0006,047F,0D71,0.0,185,23.8,-30.054355,-51.167887,2.4,,12,0,1,850,,,,,,,,,,,,,,,,1,0.0,185,23.8,-51.167887,-30.054355,2025-10-15 19:29:54,10,2.4,10,+RESP:
2025-10-15 18:32:20,2025-10-15 18:32:19,2025-10-15 18:32:19,385349,862689070136285,1207,GTERI,4.18,00008200,698407,13796,80,00,12,,,13,1,0724,0006,047F,0D72,0.0,185,23.8,-30.054355,-51.167887,2.4,,15,0,1,850,,,,,,,,,,,,,,,,1,0.0,185,23.8,-51.167887,-30.054355,2025-10-15 18:32:19,13,2.4,10,+RESP:
2025-10-15 18:32:19,2025-10-15 18:32:19,2025-10-15 18:32:18,385349,862689070136285,1206,GTIGF,4.18,,698407,14047,80,00,12,124,,12,0,0724,0006,047F,0D72,0.0,185,23.8,-30.054355,-51.167887,2.4,,,,,,,,,,,,,,,,,,,,,,,,,,,,,,,+RESP:
2025-10-15 18:30:25,2025-10-15 18:30:25,2025-10-15 18:30:24,385349,862689070136285,1204,GTERI,4.11,00008200,698407,14249,81,00,22,,,9,1,0724,0006,047F,0D72,5.1,92,-63.9,-30.054198,-51.168912,2.2,,18,0,1,850,,,,,,,,,,,,,,,,1,5.1,92,-63.9,-51.168912,-30.054198,2025-10-15 18:30:24,9,2.2,10,+RESP:
2025-10-15 18:30:15,2025-10-15 18:30:15,2025-10-15 17:38:04,385349,862689070136285,1201,GTIGN,4.11,,698407,12471,81,00,22,,10186,12,1,0724,0006,047F,0D72,0.0,260,30.2,-30.054053,-51.168672,2.2,,,,,,,,,,,,,,,,,,,,,,,,,,,,,,,+RESP:
2025-10-15 17:40:27,2025-10-15 17:40:26,2025-10-15 17:38:04,385349,862689070136285,1200,GTERI,4.13,00008200,698407,12551,80,00,11,,,12,1,0724,0006,047F,0D72,0.0,260,30.2,-30.054053,-51.168672,2.2,,18,0,1,850,,,,,,,,,,,,,,,,1,0.0,260,30.2,-51.168672,-30.054053,2025-10-15 17:38:04,12,2.2,10,+RESP:
2025-10-15 16:40:26,2025-10-15 16:40:26,2025-10-15 16:38:04,385349,862689070136285,1199,GTERI,4.18,00008200,698407,12422,80,00,11,,,12,1,0724,0006,047F,0D72,0.0,260,30.2,-30.054053,-51.168672,2.2,,19,0,1,850,,,,,,,,,,,,,,,,1,0.0,260,30.2,-51.168672,-30.054053,2025-10-15 16:38:04,12,2.2,10,+RESP:
2025-10-15 15:40:30,2025-10-15 15:40:29,2025-10-15 15:40:29,385349,862689070136285,1198,GTERI,4.01,00008200,698407,12883,80,00,12,,,16,1,0724,0006,047F,0D72,0.1,260,30.2,-30.054053,-51.168672,2.2,,17,0,1,850,,,,,,,,,,,,,,,,1,0.1,260,30.2,-51.168672,-30.054053,2025-10-15 15:40:29,16,2.2,10,+RESP:
2025-10-15 15:40:29,2025-10-15 15:40:29,2025-10-15 15:40:28,385349,862689070136285,1197,GTIGF,4.01,,698407,13877,80,00,12,34,,16,0,0724,0006,047F,0D72,0.1,260,30.2,-30.054053,-51.168672,2.2,,,,,,,,,,,,,,,,,,,,,,,,,,,,,,,+RESP:
2025-10-15 15:40:04,2025-10-15 15:40:04,2025-10-15 15:40:03,385349,862689070136285,1196,GTERI,4.01,00008200,698407,14217,81,00,22,,,6,1,0724,0006,047F,0D72,1.9,301,29.9,-30.053952,-51.167872,2.2,,14,0,1,850,,,,,,,,,,,,,,,,1,1.9,301,29.9,-51.167872,-30.053952,2025-10-15 15:40:03,6,2.2,10,+RESP:
2025-10-15 15:39:55,2025-10-15 15:39:55,2025-10-15 15:37:09,385349,862689070136285,1193,GTIGN,4.01,,698407,12220,81,00,22,,170,13,0,0724,0006,047F,0D71,0.0,264,37.3,-30.054018,-51.167767,2.2,,,,,,,,,,,,,,,,,,,,,,,,,,,,,,,+RESP:
2025-10-15 15:37:05,2025-10-15 15:37:05,2025-10-15 15:05:12,385349,862689070136285,1192,GTIGF,3.99,,698407,11646,80,00,11,4,,0,0,0724,0006,047F,0D72,0.3,264,37.3,-30.054018,-51.167767,2.2,,,,,,,,,,,,,,,,,,,,,,,,,,,,,,,+RESP:
2025-10-15 15:37:02,2025-10-15 15:37:01,2025-10-15 15:05:12,385349,862689070136285,1190,GTIGN,3.99,,698407,12285,81,00,21,,17507,16,1,0724,0006,047F,0D72,0.3,264,37.3,-30.054018,-51.167767,2.2,,,,,,,,,,,,,,,,,,,,,,,,,,,,,,,+RESP:
2025-10-15 15:02:13,2025-10-15 15:02:13,2025-10-15 14:42:31,385349,862689070136285,1189,GTINF,3.78,,698407,12584,80,00,11,,,,,,,,,,,,,,,,23,0,,,89551805000580221920,1,0,1,+0000,0
2025-10-15 14:44:53,2025-10-15 14:44:53,2025-10-15 14:42:31,385349,862689070136285,1188,GTERI,3.78,00008200,698407,12584,80,00,11,,,13,1,0724,0006,047F,0D72,0.0,258,34.6,-30.054242,-51.167755,2.2,,22,0,1,850,,,,,,,,,,,,,,,,1,0.0,258,34.6,-51.167755,-30.054242,2025-10-15 14:42:31,13,2.2,10,+RESP:
2025-10-15 13:51:02,2025-10-15 13:44:53,2025-10-15 13:42:31,385349,862689070136285,1187,GTERI,3.79,00008200,698407,12568,80,00,11,,,12,1,0724,0006,047F,0D72,0.0,258,34.6,-30.054242,-51.167755,2.2,,22,0,1,850,,,,,,,,,,,,,,,,1,0.0,258,34.6,-51.167755,-30.054242,2025-10-15 13:42:31,12,2.2,10,+RESP:
2025-10-15 12:44:58,2025-10-15 12:44:53,2025-10-15 12:42:31,385349,862689070136285,1186,GTERI,3.80,00008200,698407,12568,80,00,11,,,11,1,0724,0006,047F,0D72,0.0,258,34.6,-30.054242,-51.167755,2.2,,22,0,1,850,,,,,,,,,,,,,,,,1,0.0,258,34.6,-51.167755,-30.054242,2025-10-15 12:42:31,11,2.2,10,+RESP:
2025-10-15 11:44:53,2025-10-15 11:44:53,2025-10-15 11:42:31,385349,862689070136285,1185,GTERI,3.81,00008200,698407,12551,80,00,11,,,9,1,0724,0006,047F,0D72,0.0,258,34.6,-30.054242,-51.167755,2.2,,23,0,1,850,,,,,,,,,,,,,,,,1,0.0,258,34.6,-51.167755,-30.054242,2025-10-15 11:42:31,9,2.2,10,+RESP:
2025-10-15 10:44:58,2025-10-15 10:44:58,2025-10-15 10:44:57,385349,862689070136285,1184,GTERI,3.84,00008200,698407,13368,80,00,12,,,9,1,0724,0006,047F,0D72,0.1,258,34.6,-30.054242,-51.167755,2.2,,24,0,1,850,,,,,,,,,,,,,,,,1,0.1,258,34.6,-51.167755,-30.054242,2025-10-15 10:44:57,9,2.2,10,+RESP:
2025-10-15 10:44:57,2025-10-15 10:44:57,2025-10-15 10:44:56,385349,862689070136285,1183,GTIGF,3.84,,698407,14233,80,00,12,24,,10,0,0724,0006,047F,0D72,0.1,258,34.6,-30.054242,-51.167755,2.2,,,,,,,,,,,,,,,,,,,,,,,,,,,,,,,+RESP:
2025-10-15 10:44:47,2025-10-15 10:44:47,2025-10-15 10:44:46,385349,862689070136285,1182,GTERI,3.83,00008200,698407,14249,81,00,22,,,9,1,0724,0006,047F,0D72,3.8,259,23.2,-30.054230,-51.167773,2.2,,19,0,1,850,,,,,,,,,,,,,,,,1,3.8,259,23.2,-51.167773,-30.054230,2025-10-15 10:44:46,9,2.2,10,+RESP:
2025-10-15 10:44:33,2025-10-15 10:44:33,2025-10-15 10:35:13,385349,862689070136285,1179,GTIGN,3.83,,698407,12487,81,00,22,,560,11,1,0724,0006,047F,0D72,0.8,288,41.3,-30.054068,-51.167523,2.2,,,,,,,,,,,,,,,,,,,,,,,,,,,,,,,+RESP:
2025-10-15 10:35:14,2025-10-15 10:35:14,2025-10-15 10:35:13,385349,862689070136285,1178,GTERI,3.85,00008200,698407,14249,80,00,12,,,11,1,0724,0006,047F,0D72,0.8,288,41.3,-30.054068,-51.167523,2.2,,19,0,1,850,,,,,,,,,,,,,,,,1,0.8,288,41.3,-51.167523,-30.054068,2025-10-15 10:35:13,11,2.2,10,+RESP:
2025-10-15 10:35:13,2025-10-15 10:35:13,2025-10-15 10:35:12,385349,862689070136285,1177,GTIGF,3.85,,698407,14241,80,00,12,36,,11,0,0724,0006,047F,0D72,0.8,288,41.3,-30.054068,-51.167523,2.2,,,,,,,,,,,,,,,,,,,,,,,,,,,,,,,+RESP:
2025-10-15 10:34:56,2025-10-15 10:34:56,2025-10-15 10:34:55,385349,862689070136285,1176,GTERI,3.83,00008200,698407,14257,81,00,22,,,9,1,0724,0006,047F,0D72,6.9,109,18.7,-30.054133,-51.167415,2.2,,17,0,1,850,,,,,,,,,,,,,,,,1,6.9,109,18.7,-51.167415,-30.054133,2025-10-15 10:34:55,9,2.2,10,+RESP:
2025-10-15 10:34:37,2025-10-15 10:34:37,2025-10-15 10:20:24,385349,862689070136285,1173,GTIGN,3.82,,698407,12495,81,00,21,,862,8,1,0724,0006,047F,0D71,1.6,163,18.7,-30.054598,-51.167612,2.2,,,,,,,,,,,,,,,,,,,,,,,,,,,,,,,+RESP:
2025-10-15 10:20:25,2025-10-15 10:20:25,2025-10-15 10:20:24,385349,862689070136285,1172,GTERI,3.84,00008200,698407,12487,80,00,12,,,8,1,0724,0006,047F,0D72,1.6,163,18.7,-30.054598,-51.167612,2.2,,19,0,1,850,,,,,,,,,,,,,,,,1,1.6,163,18.7,-51.167612,-30.054598,2025-10-15 10:20:24,8,2.2,10,+RESP:
2025-10-15 10:20:15,2025-10-15 10:20:15,2025-10-15 10:20:06,385349,862689070136285,1171,GTIGF,3.84,,698407,11703,80,00,12,6,,0,0,0724,0006,047F,0D72,1.6,163,18.7,-30.054598,-51.167612,2.2,,,,,,,,,,,,,,,,,,,,,,,,,,,,,,,+RESP:
2025-10-15 10:20:09,2025-10-15 10:20:09,2025-10-15 10:20:06,385349,862689070136285,1169,GTIGN,3.84,,698407,14152,81,00,22,,2,8,1,0724,0006,047F,0D72,1.6,163,18.7,-30.054598,-51.167612,2.2,,,,,,,,,,,,,,,,,,,,,,,,,,,,,,,+RESP:
2025-10-15 10:20:08,2025-10-15 10:20:07,2025-10-15 10:20:06,385349,862689070136285,1168,GTERI,3.84,00008200,698407,14152,80,00,12,,,8,1,0724,0006,047F,0D72,1.6,163,18.7,-30.054598,-51.167612,2.2,,19,0,1,850,,,,,,,,,,,,,,,,1,1.6,163,18.7,-51.167612,-30.054598,2025-10-15 10:20:06,8,2.2,10,+RESP:
2025-10-15 10:20:07,2025-10-15 10:20:07,2025-10-15 10:20:05,385349,862689070136285,1167,GTIGF,3.84,,698407,14249,80,00,12,14,,9,0,0724,0006,047F,0D72,1.6,163,18.7,-30.054598,-51.167612,2.2,,,,,,,,,,,,,,,,,,,,,,,,,,,,,,,+RESP:
2025-10-15 10:20:07,2025-10-15 10:20:07,2025-10-15 10:20:05,385349,862689070136285,1166,GTERI,3.84,00008200,698407,14249,81,00,22,,,9,1,0724,0006,047F,0D72,1.6,163,18.7,-30.054598,-51.167612,2.2,,19,0,1,850,,,,,,,,,,,,,,,,1,1.6,163,18.7,-51.167612,-30.054598,2025-10-15 10:20:05,9,2.2,10,+RESP:
2025-10-15 10:19:53,2025-10-15 10:19:53,2025-10-15 09:44:17,385349,862689070136285,1163,GTIGN,3.83,,698407,12527,81,00,22,,2138,9,1,0724,0006,047F,0D72,0.0,328,37.6,-30.053917,-51.167450,2.2,,,,,,,,,,,,,,,,,,,,,,,,,,,,,,,+RESP:
2025-10-15 09:44:18,2025-10-15 09:44:18,2025-10-15 09:44:17,385349,862689070136285,1162,GTERI,3.84,00008200,698407,12794,80,00,12,,,9,1,0724,0006,047F,0D72,0.0,328,37.6,-30.053917,-51.167450,2.2,,19,0,1,850,,,,,,,,,,,,,,,,1,0.0,328,37.6,-51.167450,-30.053917,2025-10-15 09:44:17,9,2.2,10,+RESP:
2025-10-15 09:44:15,2025-10-15 09:44:15,2025-10-15 09:28:40,385349,862689070136285,1161,GTIGF,3.83,,698407,14047,80,00,12,12,,0,0,0724,0006,047F,0D72,0.0,328,37.6,-30.053917,-51.167450,2.2,,,,,,,,,,,,,,,,,,,,,,,,,,,,,,,+RESP:
2025-10-15 09:44:03,2025-10-15 09:44:03,2025-10-15 09:28:40,385349,862689070136285,1158,GTIGN,3.83,,698407,12543,81,00,21,,926,7,0,0724,0006,047F,0D72,0.0,328,37.6,-30.053917,-51.167450,2.2,,,,,,,,,,,,,,,,,,,,,,,,,,,,,,,+RESP:
2025-10-15 09:28:41,2025-10-15 09:28:41,2025-10-15 09:28:40,385349,862689070136285,1157,GTERI,3.84,00008200,698407,12689,80,00,12,,,7,1,0724,0006,047F,0D72,0.0,328,37.6,-30.053917,-51.167450,2.2,,15,0,1,850,,,,,,,,,,,,,,,,1,0.0,328,37.6,-51.167450,-30.053917,2025-10-15 09:28:40,7,2.2,10,+RESP:
2025-10-15 09:28:37,2025-10-15 09:28:37,2025-10-15 09:14:23,385349,862689070136285,1156,GTIGF,3.84,,698407,14209,80,00,12,8,,6,0,0724,0006,047F,0D72,0.0,328,37.6,-30.053917,-51.167450,2.2,,,,,,,,,,,,,,,,,,,,,,,,,,,,,,,+RESP:
2025-10-15 09:28:29,2025-10-15 09:28:29,2025-10-15 09:14:23,385349,862689070136285,1153,GTIGN,3.84,,698407,12592,81,00,21,,846,11,1,0724,0006,047F,0D72,0.0,328,37.6,-30.053917,-51.167450,2.2,,,,,,,,,,,,,,,,,,,,,,,,,,,,,,,+RESP:
2025-10-15 09:14:25,2025-10-15 09:14:24,2025-10-15 09:14:23,385349,862689070136285,1152,GTERI,3.94,00008200,698407,14249,80,00,12,,,11,1,0724,0006,047F,0D72,0.0,328,37.6,-30.053917,-51.167450,2.2,,15,0,1,850,,,,,,,,,,,,,,,,1,0.0,328,37.6,-51.167450,-30.053917,2025-10-15 09:14:23,11,2.2,10,+RESP:
2025-10-15 09:14:23,2025-10-15 09:14:23,2025-10-15 09:14:22,385349,862689070136285,1151,GTIGF,3.94,,698407,14273,80,00,12,90,,12,0,0724,0006,047F,0D72,0.0,328,37.6,-30.053917,-51.167450,2.2,,,,,,,,,,,,,,,,,,,,,,,,,,,,,,,+RESP:
2025-10-15 09:13:11,2025-10-15 09:13:11,2025-10-15 09:13:10,385349,862689070136285,1150,GTERI,3.84,00008200,698407,14314,81,00,22,,,7,1,0724,0006,047F,0D72,0.7,324,98.1,-30.055145,-51.167438,2.0,,18,0,1,850,,,,,,,,,,,,,,,,1,0.7,324,98.1,-51.167438,-30.055145,2025-10-15 09:13:10,7,2.0,10,+RESP:
2025-10-15 09:12:53,2025-10-15 09:12:53,2025-10-15 08:26:36,385349,862689070136285,1147,GTIGN,3.83,,698407,12374,81,00,22,,63844,10,1,0724,0006,047F,0D72,0.0,116,29.5,-30.055072,-51.167607,2.0,,,,,,,,,,,,,,,,,,,,,,,,,,,,,,,+RESP:
2025-10-15 08:28:48,2025-10-15 08:28:48,2025-10-15 08:26:36,385349,862689070136285,1146,GTERI,3.84,00008200,698407,12535,80,00,11,,,10,1,0724,0006,047F,0D72,0.0,116,29.5,-30.055072,-51.167607,2.0,,20,0,1,850,,,,,,,,,,,,,,,,1,0.0,116,29.5,-51.167607,-30.055072,2025-10-15 08:26:36,10,2.0,10,+RESP:
2025-10-15 07:28:48,2025-10-15 07:28:48,2025-10-15 07:26:29,385349,862689070136285,1145,GTERI,3.85,00008200,698407,12535,80,00,11,,,8,1,0724,0006,047F,0D72,0.0,116,29.5,-30.055072,-51.167607,2.0,,19,0,1,850,,,,,,,,,,,,,,,,1,0.0,116,29.5,-51.167607,-30.055072,2025-10-15 07:26:29,8,2.0,10,+RESP:
2025-10-15 06:28:48,2025-10-15 06:28:48,2025-10-15 06:26:26,385349,862689070136285,1144,GTERI,3.87,00008200,698407,12535,80,00,11,,,9,1,0724,0006,047F,0D72,0.0,116,29.5,-30.055072,-51.167607,2.0,,20,0,1,850,,,,,,,,,,,,,,,,1,0.0,116,29.5,-51.167607,-30.055072,2025-10-15 06:26:26,9,2.0,10,+RESP:
2025-10-15 05:28:48,2025-10-15 05:28:48,2025-10-15 05:26:26,385349,862689070136285,1143,GTERI,3.89,00008200,698407,12543,80,00,11,,,6,1,0724,0006,047F,0D72,0.0,116,29.5,-30.055072,-51.167607,2.0,,18,0,1,850,,,,,,,,,,,,,,,,1,0.0,116,29.5,-51.167607,-30.055072,2025-10-15 05:26:26,6,2.0,10,+RESP:
2025-10-15 04:28:48,2025-10-15 04:28:48,2025-10-15 04:26:29,385349,862689070136285,1142,GTERI,3.91,00008200,698407,12543,80,00,11,,,10,1,0724,0006,047F,0D72,0.0,116,29.5,-30.055072,-51.167607,2.0,,19,0,1,850,,,,,,,,,,,,,,,,1,0.0,116,29.5,-51.167607,-30.055072,2025-10-15 04:26:29,10,2.0,10,+RESP:
2025-10-15 03:28:48,2025-10-15 03:28:48,2025-10-15 03:26:42,385349,862689070136285,1141,GTERI,3.93,00008200,698407,12543,80,00,11,,,7,1,0724,0006,047F,0D72,0.0,116,29.5,-30.055072,-51.167607,2.0,,19,0,1,850,,,,,,,,,,,,,,,,1,0.0,116,29.5,-51.167607,-30.055072,2025-10-15 03:26:42,7,2.0,10,+RESP:
2025-10-15 02:28:48,2025-10-15 02:28:48,2025-10-15 02:26:27,385349,862689070136285,1140,GTERI,3.95,00008200,698407,12543,80,00,11,,,7,1,0724,0006,047F,0D72,0.0,116,29.5,-30.055072,-51.167607,2.0,,19,0,1,850,,,,,,,,,,,,,,,,1,0.0,116,29.5,-51.167607,-30.055072,2025-10-15 02:26:27,7,2.0,10,+RESP:
2025-10-15 01:28:48,2025-10-15 01:28:48,2025-10-15 01:26:33,385349,862689070136285,1139,GTERI,3.96,00008200,698407,12543,80,00,11,,,8,1,0724,0006,047F,0D72,0.0,116,29.5,-30.055072,-51.167607,2.0,,17,0,1,850,,,,,,,,,,,,,,,,1,0.0,116,29.5,-51.167607,-30.055072,2025-10-15 01:26:33,8,2.0,10,+RESP:
2025-10-15 00:28:48,2025-10-15 00:28:48,2025-10-15 00:26:41,385349,862689070136285,1138,GTERI,3.98,00008200,698407,12551,80,00,11,,,8,1,0724,0006,047F,0D72,0.0,116,29.5,-30.055072,-51.167607,2.0,,16,0,1,850,,,,,,,,,,,,,,,,1,0.0,116,29.5,-51.167607,-30.055072,2025-10-15 00:26:41,8,2.0,10,+RESP:
