Data/Hora Inclusão,Data/Hora Evento,GNSS UTC Time,IMEI,Sequência,Tipo Serviço,Message Type,Tipo Dispositivo,Event Index,Event Code,Alimentação Externa,Digital Input Status,Ignição,Satélites,HDOP,Fix Status,Velocidade,Azimuth,Altitude,Latitude,Longitude,Hodômetro Total,Accum0,Accum1,Accum2,Accum3,Accum4,Accum5,Accum6,Accum7,Accum8,Accum9,Accum10,Accum11,Accum12,Accum13,Accum14,Accum15,Carrier,RSSI,Comm State
2025-10-20 09:20:33,2025-10-20 09:20:33,2025-10-20 09:20:33,4675529076,2567,01,02,83,75,27,12190,0E,0,13,0.8,00,0,137,666.0,-28.2395139,-52.3990178,1745.0,001AA060,0001800E,00002F9E,1900034A,00000000,00000000,00000000,00000000,00000000,00000000,00000000,00000000,00000000,00000000,00000000,00000000,0006,FF9F,8F
2025-10-20 09:15:46,2025-10-20 08:20:29,2025-10-20 08:20:29,4675529076,2566,01,02,83,75,27,12220,0E,0,15,0.7,20,0,46,671.9,-28.2394454,-52.3989805,1745.0,001AA060,0001800E,00002FBC,1900034A,00000000,00000000,00000000,00000000,00000000,00000000,00000000,00000000,00000000,00000000,00000000,00000000,0006,FFA2,8F
2025-10-20 07:20:25,2025-10-20 07:20:25,2025-10-20 07:20:25,4675529076,2565,01,02,83,75,27,12220,0E,0,18,0.6,00,0,36,680.0,-28.2394216,-52.3989939,1745.0,001AA060,0001800E,00002FBC,1900034A,00000000,00000000,00000000,00000000,00000000,00000000,00000000,00000000,00000000,00000000,00000000,00000000,0006,FFA1,8F
2025-10-20 07:15:39,2025-10-20 06:20:22,2025-10-20 06:20:22,4675529076,2564,01,02,83,75,27,12220,0E,0,17,0.6,20,0,342,683.3,-28.2395232,-52.3990129,1745.0,001AA060,0001800E,00002FBC,1900034A,00000000,00000000,00000000,00000000,00000000,00000000,00000000,00000000,00000000,00000000,00000000,00000000,0006,FFA0,8F
2025-10-20 05:20:19,2025-10-20 05:20:19,2025-10-20 05:20:19,4675529076,2563,01,02,83,75,27,12190,0E,0,17,0.7,00,0,335,657.6,-28.2394493,-52.3990336,1745.0,001AA060,0001800E,00002F9E,1900034A,00000000,00000000,00000000,00000000,00000000,00000000,00000000,00000000,00000000,00000000,00000000,00000000,0006,FFA2,8F
2025-10-20 05:15:32,2025-10-20 04:20:16,2025-10-20 04:20:16,4675529076,2562,01,02,83,75,27,12251,0E,0,19,0.6,20,0,0,668.2,-28.2394826,-52.3989892,1745.0,001AA060,0001800E,00002FDB,1900034A,00000000,00000000,00000000,00000000,00000000,00000000,00000000,00000000,00000000,00000000,00000000,00000000,0006,FFA2,8F
2025-10-20 04:20:17,2025-10-20 04:20:16,2025-10-20 04:20:16,4675529076,2562,01,02,83,75,27,12251,0E,0,19,0.6,00,0,0,668.2,-28.2394826,-52.3989892,1745.0,001AA060,0001800E,00002FDB,1900034A,00000000,00000000,00000000,00000000,00000000,00000000,00000000,00000000,00000000,00000000,00000000,00000000,0006,FFA2,8F
2025-10-20 03:20:13,2025-10-20 03:20:13,2025-10-20 03:20:13,4675529076,2561,01,02,83,75,27,12251,0E,0,18,0.6,00,0,226,662.9,-28.239483,-52.398987,1745.0,001AA060,0001800E,00002FDB,1900034A,00000000,00000000,00000000,00000000,00000000,00000000,00000000,00000000,00000000,00000000,00000000,00000000,0006,FFA2,8F
2025-10-20 03:15:26,2025-10-20 02:20:09,2025-10-20 02:20:09,4675529076,2560,01,02,83,75,27,12251,0E,0,16,0.7,20,0,352,676.4,-28.2394897,-52.398949,1745.0,001AA060,0001800E,00002FDB,1900034A,00000000,00000000,00000000,00000000,00000000,00000000,00000000,00000000,00000000,00000000,00000000,00000000,0006,FFA2,8F
2025-10-20 02:20:09,2025-10-20 02:20:09,2025-10-20 02:20:09,4675529076,2560,01,02,83,75,27,12251,0E,0,16,0.7,00,0,352,676.4,-28.2394897,-52.398949,1745.0,001AA060,0001800E,00002FDB,1900034A,00000000,00000000,00000000,00000000,00000000,00000000,00000000,00000000,00000000,00000000,00000000,00000000,0006,FFA2,8F
2025-10-20 01:20:05,2025-10-20 01:20:05,2025-10-20 01:20:05,4675529076,2559,01,02,83,75,27,12220,0E,0,17,0.6,00,0,5,687.9,-28.2395578,-52.3989952,1745.0,001AA060,0001800E,00002FBC,1900034A,00000000,00000000,00000000,00000000,00000000,00000000,00000000,00000000,00000000,00000000,00000000,00000000,0006,FFA1,8F
2025-10-20 00:20:01,2025-10-20 00:20:01,2025-10-20 00:20:01,4675529076,2558,01,02,83,75,27,12251,0E,0,18,0.6,00,0,0,673.7,-28.2394598,-52.3989848,1745.0,001AA060,0001800E,00002FDB,1900034A,00000000,00000000,00000000,00000000,00000000,00000000,00000000,00000000,00000000,00000000,00000000,00000000,0006,FFA1,8F
2025-10-19 23:19:58,2025-10-19 23:19:58,2025-10-19 23:19:58,4675529076,2557,01,02,83,75,27,12281,0E,0,16,0.6,00,0,305,656.2,-28.2394705,-52.3989614,1745.0,001AA060,0001800E,00002FF9,1900034A,00000000,00000000,00000000,00000000,00000000,00000000,00000000,00000000,00000000,00000000,00000000,00000000,0006,FFA1,8F
2025-10-19 23:15:11,2025-10-19 22:19:55,2025-10-19 22:19:55,4675529076,2556,01,02,83,75,27,12281,0E,0,17,0.6,20,0,228,658.9,-28.2395304,-52.3989632,1745.0,001AA060,0001800E,00002FF9,1900034A,00000000,00000000,00000000,00000000,00000000,00000000,00000000,00000000,00000000,00000000,00000000,00000000,0006,FFA1,8F
2025-10-19 21:19:53,2025-10-19 21:19:52,2025-10-19 21:19:52,4675529076,2555,01,02,83,75,27,12281,0E,0,16,0.7,00,0,32,674.6,-28.2394927,-52.3989443,1745.0,001AA060,0001800E,00002FF9,1900034A,00000000,00000000,00000000,00000000,00000000,00000000,00000000,00000000,00000000,00000000,00000000,00000000,0006,FFA0,8F
2025-10-19 21:15:06,2025-10-19 20:19:49,2025-10-19 20:19:49,4675529076,2554,01,02,83,75,27,12281,0E,0,15,0.7,20,0,2,666.6,-28.2395167,-52.3989263,1745.0,001AA060,0001800E,00002FF9,1900034A,00000000,00000000,00000000,00000000,00000000,00000000,00000000,00000000,00000000,00000000,00000000,00000000,0006,FFA2,8F
2025-10-19 20:19:49,2025-10-19 20:19:49,2025-10-19 20:19:49,4675529076,2554,01,02,83,75,27,12281,0E,0,15,0.7,00,0,2,666.6,-28.2395167,-52.3989263,1745.0,001AA060,0001800E,00002FF9,1900034A,00000000,00000000,00000000,00000000,00000000,00000000,00000000,00000000,00000000,00000000,00000000,00000000,0006,FFA2,8F
2025-10-19 19:19:45,2025-10-19 19:19:45,2025-10-19 19:19:45,4675529076,2553,01,02,83,75,27,12312,0E,0,15,0.7,00,0,0,664.4,-28.239518,-52.398977,1745.0,001AA060,0001800E,00003018,1900034A,00000000,00000000,00000000,00000000,00000000,00000000,00000000,00000000,00000000,00000000,00000000,00000000,0006,FFA1,8F
2025-10-19 18:19:41,2025-10-19 18:19:41,2025-10-19 18:19:41,4675529076,2552,01,02,83,75,27,12281,0E,0,15,0.7,00,0,65,656.9,-28.2394412,-52.3990018,1745.0,001AA060,0001800E,00002FF9,1900034A,00000000,00000000,00000000,00000000,00000000,00000000,00000000,00000000,00000000,00000000,00000000,00000000,0006,FFA1,8F
2025-10-19 18:14:54,2025-10-19 17:19:37,2025-10-19 17:19:37,4675529076,2551,01,02,83,75,27,12312,0E,0,14,0.7,20,0,327,675.0,-28.2395506,-52.3989937,1745.0,001AA060,0001800E,00003018,1900034A,00000000,00000000,00000000,00000000,00000000,00000000,00000000,00000000,00000000,00000000,00000000,00000000,0006,FFA1,8F
2025-10-19 16:19:34,2025-10-19 16:19:34,2025-10-19 16:19:34,4675529076,2550,01,02,83,75,27,12342,0E,0,14,0.7,00,0,311,665.3,-28.2394862,-52.3989598,1745.0,001AA060,0001800E,00003036,1900034A,00000000,00000000,00000000,00000000,00000000,00000000,00000000,00000000,00000000,00000000,00000000,00000000,0006,FFA1,8F
2025-10-19 16:14:47,2025-10-19 15:19:31,2025-10-19 15:19:31,4675529076,2549,01,02,83,75,27,12342,0E,0,17,0.6,20,0,0,669.7,-28.2395175,-52.3989999,1745.0,001AA060,0001800E,00003036,1900034A,00000000,00000000,00000000,00000000,00000000,00000000,00000000,00000000,00000000,00000000,00000000,00000000,0006,FFA1,8F
2025-10-19 15:19:31,2025-10-19 15:19:31,2025-10-19 15:19:31,4675529076,2549,01,02,83,75,27,12342,0E,0,17,0.6,00,0,0,669.7,-28.2395175,-52.3989999,1745.0,001AA060,0001800E,00003036,1900034A,00000000,00000000,00000000,00000000,00000000,00000000,00000000,00000000,00000000,00000000,00000000,00000000,0006,FFA1,8F
2025-10-19 14:19:29,2025-10-19 14:19:28,2025-10-19 14:19:28,4675529076,2548,01,02,83,75,27,12342,0E,0,16,0.7,00,0,0,669.6,-28.2394945,-52.3989347,1745.0,001AA060,0001800E,00003036,1900034A,00000000,00000000,00000000,00000000,00000000,00000000,00000000,00000000,00000000,00000000,00000000,00000000,0006,FFA0,8F
2025-10-19 14:14:42,2025-10-19 13:19:25,2025-10-19 13:19:25,4675529076,2547,01,02,83,75,27,12403,0E,0,16,0.6,20,0,164,669.4,-28.2394718,-52.3989528,1745.0,001AA060,0001800E,00003073,1900034A,00000000,00000000,00000000,00000000,00000000,00000000,00000000,00000000,00000000,00000000,00000000,00000000,0006,FFA1,8F
2025-10-19 13:19:25,2025-10-19 13:19:25,2025-10-19 13:19:25,4675529076,2547,01,02,83,75,27,12403,0E,0,16,0.6,00,0,164,669.4,-28.2394718,-52.3989528,1745.0,001AA060,0001800E,00003073,1900034A,00000000,00000000,00000000,00000000,00000000,00000000,00000000,00000000,00000000,00000000,00000000,00000000,0006,FFA1,8F
2025-10-19 12:19:22,2025-10-19 12:19:21,2025-10-19 12:19:21,4675529076,2546,01,02,83,75,27,12464,0E,0,16,0.6,00,0,0,669.4,-28.2394784,-52.3990166,1745.0,001AA060,0001800E,000030B0,1900034A,00000000,00000000,00000000,00000000,00000000,00000000,00000000,00000000,00000000,00000000,00000000,00000000,0006,FFA1,8F
2025-10-19 12:14:35,2025-10-19 11:19:17,2025-10-19 11:19:17,4675529076,2545,01,02,83,75,27,12555,0E,0,17,0.6,20,0,263,674.8,-28.239489,-52.3989558,1745.0,001AA060,0001800E,0000310B,1900034A,00000000,00000000,00000000,00000000,00000000,00000000,00000000,00000000,00000000,00000000,00000000,00000000,0006,FFA1,8F
2025-10-19 11:14:17,2025-10-19 11:14:17,2025-10-19 11:14:17,4675529076,2544,01,02,83,128,20,12616,0E,0,16,0.7,00,0,263,667.3,-28.2394677,-52.3989856,1745.0,001AA060,0001800E,00003148,1900034A,00000000,00000000,00000000,00000000,00000000,00000000,00000000,00000000,00000000,00000000,00000000,00000000,0006,FF9B,8F
2025-10-19 11:14:16,2025-10-19 11:14:16,2025-10-19 11:14:16,4675529076,2543,01,02,83,255,45,12616,0E,0,16,0.7,00,0,263,667.3,-28.2394678,-52.3989856,1745.0,001AA060,0001800E,00003148,1900034A,00000000,00000000,00000000,00000000,00000000,00000000,00000000,00000000,00000000,00000000,00000000,00000000,0006,FF9B,8F
2025-10-19 11:13:25,2025-10-19 11:13:25,2025-10-19 11:13:25,4675529076,2542,01,02,83,123,30,13163,2F,1,17,0.6,00,31,176,664.6,-28.238809,-52.3990547,1744.9,001AA00D,0001802F,0000336B,1900034A,00000000,00000000,00000000,00000000,00000024,030A66BA,00000000,00000000,00000000,00000000,00000000,00000000,0006,FFA7,8F
2025-10-19 11:10:25,2025-10-19 11:10:25,2025-10-19 11:10:25,4675529076,2541,01,02,83,123,30,13041,2F,1,14,0.8,00,8,278,650.0,-28.247027,-52.4008631,1742.9,001A9832,0001802F,000032F1,1900034A,00000000,00000000,00000000,00000000,00000024,030A66BA,00000000,00000000,00000000,00000000,00000000,00000000,0006,FF8B,8F
2025-10-19 11:07:30,2025-10-19 11:07:25,2025-10-19 11:07:25,4675529076,2540,01,02,83,123,30,13163,2F,1,14,0.8,00,14,85,653.7,-28.2513773,-52.4048936,1741.0,001A90CD,0001802F,0000336B,1900034A,00000000,00000000,00000000,00000000,00000024,030A66BA,00000000,00000000,00000000,00000000,00000000,00000000,0006,FF97,8F
2025-10-19 11:04:52,2025-10-19 11:04:52,2025-10-19 11:04:52,4675529076,2539,01,02,83,255,44,13376,0F,1,14,0.8,00,21,189,653.1,-28.2451549,-52.410318,1739.5,001A8ADB,0001800F,00003440,1900034A,00000000,00000000,00000000,00000000,00000024,030A66BA,00000000,00000000,00000000,00000000,00000000,00000000,0006,FF87,8F
2025-10-19 11:04:25,2025-10-19 11:04:25,2025-10-19 11:04:25,4675529076,2538,01,02,83,112,21,11704,0F,1,14,0.8,00,0,286,657.1,-28.2449959,-52.4098037,1739.4,001A8A95,0001800F,00002DB8,1900034A,00000000,00000000,00000000,00000000,00000000,00000000,00000000,00000000,00000000,00000000,00000000,00000000,0006,FF9A,8F
2025-10-19 11:02:26,2025-10-19 11:02:26,2025-10-19 11:02:26,4675529076,2537,01,02,83,128,20,12190,0E,0,13,0.8,00,0,286,657.8,-28.2449984,-52.4098057,1739.4,001A8A95,0001800E,00002F9E,1900034A,00000000,00000000,00000000,00000000,00000000,00000000,00000000,00000000,00000000,00000000,00000000,00000000,0006,FF9B,8F
2025-10-19 11:02:25,2025-10-19 11:02:25,2025-10-19 11:02:25,4675529076,2536,01,02,83,255,45,12312,0E,0,13,0.8,00,0,286,657.8,-28.2449984,-52.4098057,1739.4,001A8A95,0001800E,00003018,1900034A,00000000,00000000,00000000,00000000,00000000,00000000,00000000,00000000,00000000,00000000,00000000,00000000,0006,FF9B,8F
2025-10-19 11:01:11,2025-10-19 11:01:11,2025-10-19 11:01:11,4675529076,2535,01,02,83,255,44,13193,0F,1,13,0.9,00,0,277,657.2,-28.2443258,-52.4069822,1739.0,001A8913,0001800F,00003389,1900034A,00000000,00000000,00000000,00000000,00000024,030A66BA,00000000,00000000,00000000,00000000,00000000,00000000,0006,FF8D,8F
2025-10-19 11:00:36,2025-10-19 11:00:36,2025-10-19 11:00:36,4675529076,2534,01,02,83,112,21,11704,0F,1,13,0.9,00,0,277,657.1,-28.244326,-52.4069825,1739.0,001A8913,0001800F,00002DB8,1900034A,00000000,00000000,00000000,00000000,00000000,00000000,00000000,00000000,00000000,00000000,00000000,00000000,0006,FF8E,8F
2025-10-19 10:59:27,2025-10-19 10:59:27,2025-10-19 10:59:27,4675529076,2533,01,02,83,128,20,12555,0E,0,15,0.7,00,0,277,656.3,-28.2443214,-52.406993,1739.0,001A8913,0001800E,0000310B,1900034A,00000000,00000000,00000000,00000000,00000000,00000000,00000000,00000000,00000000,00000000,00000000,00000000,0006,FF8E,8F
2025-10-19 10:59:24,2025-10-19 10:59:24,2025-10-19 10:59:24,4675529076,2532,01,02,83,255,45,12403,0E,0,15,0.7,00,0,277,656.3,-28.2443214,-52.406993,1739.0,001A8913,0001800E,00003073,1900034A,00000000,00000000,00000000,00000000,00000000,00000000,00000000,00000000,00000000,00000000,00000000,00000000,0006,FF8E,8F
2025-10-19 10:58:04,2025-10-19 10:58:04,2025-10-19 10:58:04,4675529076,2531,01,02,83,123,30,13376,0F,1,15,0.7,00,15,103,661.5,-28.2460432,-52.4113082,1738.3,001A8623,0001800F,00003440,1900034A,00000000,00000000,00000000,00000000,00000024,030A66BA,00000000,00000000,00000000,00000000,00000000,00000000,0006,FF96,8F
2025-10-19 10:55:04,2025-10-19 10:55:04,2025-10-19 10:55:04,4675529076,2530,01,02,83,123,30,13254,0F,1,12,0.9,00,39,230,649.0,-28.2530453,-52.4000103,1736.6,001A7FB8,0001800F,000033C6,1900034A,00000000,00000000,00000000,00000000,00000024,030A66BA,00000000,00000000,00000000,00000000,00000000,00000000,0006,FF99,8F
2025-10-19 10:52:19,2025-10-19 10:52:04,2025-10-19 10:52:04,4675529076,2529,01,02,83,123,30,13163,2F,1,15,0.8,00,37,143,644.3,-28.2439888,-52.4008974,1734.9,001A790F,0001802F,0000336B,1900034A,00000000,00000000,00000000,00000000,00000024,030A66BA,00000000,00000000,00000000,00000000,00000000,00000000,0006,FF86,8F
2025-10-19 10:52:05,2025-10-19 10:52:04,2025-10-19 10:52:04,4675529076,2529,01,02,83,123,30,13163,2F,1,15,0.8,00,37,143,644.3,-28.2439888,-52.4008974,1734.9,001A790F,0001802F,0000336B,1900034A,00000000,00000000,00000000,00000000,00000024,030A66BA,00000000,00000000,00000000,00000000,00000000,00000000,0006,FF86,8F
2025-10-19 10:49:04,2025-10-19 10:49:04,2025-10-19 10:49:04,4675529076,2528,01,02,83,123,30,13041,0F,1,16,0.7,00,0,75,670.7,-28.2350751,-52.3968864,1733.5,001A736C,0001800F,000032F1,1900034A,00000000,00000000,00000000,00000000,00000024,030A66BA,00000000,00000000,00000000,00000000,00000000,00000000,0006,FFB1,8F
2025-10-19 10:46:04,2025-10-19 10:46:04,2025-10-19 10:46:04,4675529076,2527,01,02,83,123,30,13315,0F,1,14,0.8,00,0,75,670.6,-28.2350755,-52.3968861,1733.5,001A736C,0001800F,00003403,1900034A,00000000,00000000,00000000,00000000,00000024,030A66BA,00000000,00000000,00000000,00000000,00000000,00000000,0006,FFAF,8F
2025-10-19 10:43:13,2025-10-19 10:43:13,2025-10-19 10:43:13,4675529076,2526,01,02,83,255,44,13680,0F,1,15,0.8,00,0,160,667.4,-28.2393573,-52.3989981,1732.8,001A70B1,0001800F,00003570,1900034A,00000000,00000000,00000000,00000000,00000024,030A66BA,00000000,00000000,00000000,00000000,00000000,00000000,0006,FF99,8F
2025-10-19 10:43:04,2025-10-19 10:43:04,2025-10-19 10:43:04,4675529076,2525,01,02,83,112,21,10913,0F,1,15,0.8,00,0,160,667.4,-28.2393571,-52.3989979,1732.8,001A70B1,0001800F,00002AA1,1900034A,00000000,00000000,00000000,00000000,00000000,00000000,00000000,00000000,00000000,00000000,00000000,00000000,0006,FF9A,8F
2025-10-19 10:42:55,2025-10-19 10:42:47,2025-10-19 10:35:26,4675529076,2524,01,02,83,128,20,11977,0E,0,15,0.8,24,0,160,668.6,-28.2393515,-52.3989976,1732.8,001A70B1,0001800E,00002EC9,1900034A,00000000,00000000,00000000,00000000,00000000,00000000,00000000,00000000,00000000,00000000,00000000,00000000,0000,0000,00
2025-10-19 10:42:55,2025-10-19 10:42:46,2025-10-19 10:35:26,4675529076,2523,01,02,83,255,45,11977,0E,0,15,0.8,24,0,160,668.6,-28.2393515,-52.3989976,1732.8,001A70B1,0001800E,00002EC9,1900034A,00000000,00000000,00000000,00000000,00000000,00000000,00000000,00000000,00000000,00000000,00000000,00000000,0000,0000,00
2025-10-19 10:42:54,2025-10-19 10:42:42,2025-10-19 10:35:26,4675529076,2522,01,02,83,112,21,11248,0F,1,15,0.8,24,0,160,668.6,-28.2393515,-52.3989976,1732.8,001A70B1,0001800F,00002BF0,1900034A,00000000,00000000,00000000,00000000,00000000,00000000,00000000,00000000,00000000,00000000,00000000,00000000,0000,0000,00
2025-10-19 10:42:54,2025-10-19 10:35:16,2025-10-19 10:35:16,4675529076,2521,01,02,83,75,27,12220,0E,0,16,0.7,20,0,160,668.6,-28.2393516,-52.3989977,1732.8,001A70B1,0001800E,00002FBC,1900034A,00000000,00000000,00000000,00000000,00000000,00000000,00000000,00000000,00000000,00000000,00000000,00000000,0006,FF9B,8F
2025-10-19 09:35:14,2025-10-19 09:35:13,2025-10-19 09:35:13,4675529076,2520,01,02,83,75,27,12220,0E,0,17,0.6,00,0,289,656.9,-28.2393713,-52.3989638,1732.8,001A70B1,0001800E,00002FBC,1900034A,00000000,00000000,00000000,00000000,00000000,00000000,00000000,00000000,00000000,00000000,00000000,00000000,0006,FF9B,8F
2025-10-19 08:35:10,2025-10-19 08:35:10,2025-10-19 08:35:10,4675529076,2519,01,02,83,75,27,12220,0E,0,15,0.7,00,0,0,680.9,-28.2393795,-52.3989726,1732.8,001A70B1,0001800E,00002FBC,1900034A,00000000,00000000,00000000,00000000,00000000,00000000,00000000,00000000,00000000,00000000,00000000,00000000,0006,FF9B,8F
2025-10-19 08:30:23,2025-10-19 07:35:06,2025-10-19 07:35:06,4675529076,2518,01,02,83,75,27,12251,0E,0,14,0.8,20,0,311,685.1,-28.239389,-52.3989088,1732.8,001A70B1,0001800E,00002FDB,1900034A,00000000,00000000,00000000,00000000,00000000,00000000,00000000,00000000,00000000,00000000,00000000,00000000,0006,FF9C,8F
2025-10-19 06:35:02,2025-10-19 06:35:02,2025-10-19 06:35:02,4675529076,2517,01,02,83,75,27,12251,0E,0,15,0.8,00,0,120,668.3,-28.239423,-52.3989834,1732.8,001A70B1,0001800E,00002FDB,1900034A,00000000,00000000,00000000,00000000,00000000,00000000,00000000,00000000,00000000,00000000,00000000,00000000,0006,FF9C,8F
2025-10-19 06:30:15,2025-10-19 05:34:58,2025-10-19 05:34:58,4675529076,2516,01,02,83,75,27,12251,0E,0,15,0.7,20,0,236,663.3,-28.2394145,-52.3990093,1732.8,001A70B1,0001800E,00002FDB,1900034A,00000000,00000000,00000000,00000000,00000000,00000000,00000000,00000000,00000000,00000000,00000000,00000000,0006,FF9C,8F
2025-10-19 04:34:55,2025-10-19 04:34:55,2025-10-19 04:34:55,4675529076,2515,01,02,83,75,27,12251,0E,0,15,0.7,00,0,0,662.4,-28.2394316,-52.399023,1732.8,001A70B1,0001800E,00002FDB,1900034A,00000000,00000000,00000000,00000000,00000000,00000000,00000000,00000000,00000000,00000000,00000000,00000000,0006,FF9C,8F
2025-10-19 04:30:08,2025-10-19 03:34:52,2025-10-19 03:34:52,4675529076,2514,01,02,83,75,27,12251,0E,0,16,0.7,20,0,0,674.2,-28.239458,-52.3990171,1732.8,001A70B1,0001800E,00002FDB,1900034A,00000000,00000000,00000000,00000000,00000000,00000000,00000000,00000000,00000000,00000000,00000000,00000000,0006,FF9C,8F
2025-10-19 02:34:50,2025-10-19 02:34:49,2025-10-19 02:34:49,4675529076,2513,01,02,83,75,27,12251,0E,0,14,0.8,00,0,60,667.9,-28.2394103,-52.3989416,1732.8,001A70B1,0001800E,00002FDB,1900034A,00000000,00000000,00000000,00000000,00000000,00000000,00000000,00000000,00000000,00000000,00000000,00000000,0006,FF9B,8F
2025-10-19 02:30:03,2025-10-19 01:34:46,2025-10-19 01:34:46,4675529076,2512,01,02,83,75,27,12220,0E,0,17,0.6,20,0,0,671.0,-28.2394115,-52.3990188,1732.8,001A70B1,0001800E,00002FBC,1900034A,00000000,00000000,00000000,00000000,00000000,00000000,00000000,00000000,00000000,00000000,00000000,00000000,0006,FF9C,8F
2025-10-19 00:34:42,2025-10-19 00:34:42,2025-10-19 00:34:42,4675529076,2511,01,02,83,75,27,12251,0E,0,16,0.8,00,0,0,662.6,-28.2393873,-52.3990008,1732.8,001A70B1,0001800E,00002FDB,1900034A,00000000,00000000,00000000,00000000,00000000,00000000,00000000,00000000,00000000,00000000,00000000,00000000,0006,FF9C,8F
2025-10-19 00:29:55,2025-10-18 23:34:38,2025-10-18 23:34:38,4675529076,2510,01,02,83,75,27,12281,0E,0,15,0.7,20,0,0,667.3,-28.2394,-52.3989685,1732.8,001A70B1,0001800E,00002FF9,1900034A,00000000,00000000,00000000,00000000,00000000,00000000,00000000,00000000,00000000,00000000,00000000,00000000,0006,FF9B,8F
2025-10-18 22:34:34,2025-10-18 22:34:34,2025-10-18 22:34:34,4675529076,2509,01,02,83,75,27,12281,0E,0,16,0.7,00,0,277,665.1,-28.2393881,-52.3989702,1732.8,001A70B1,0001800E,00002FF9,1900034A,00000000,00000000,00000000,00000000,00000000,00000000,00000000,00000000,00000000,00000000,00000000,00000000,0006,FF9A,8F
2025-10-18 22:29:47,2025-10-18 21:34:31,2025-10-18 21:34:31,4675529076,2508,01,02,83,75,27,12281,0E,0,15,0.7,20,0,196,678.5,-28.2394974,-52.3989728,1732.8,001A70B1,0001800E,00002FF9,1900034A,00000000,00000000,00000000,00000000,00000000,00000000,00000000,00000000,00000000,00000000,00000000,00000000,0006,FF9B,8F
2025-10-18 20:34:29,2025-10-18 20:34:28,2025-10-18 20:34:28,4675529076,2507,01,02,83,75,27,12281,0E,0,16,0.7,00,0,0,672.7,-28.2394818,-52.398941,1732.8,001A70B1,0001800E,00002FF9,1900034A,00000000,00000000,00000000,00000000,00000000,00000000,00000000,00000000,00000000,00000000,00000000,00000000,0006,FF9A,8F
2025-10-18 20:29:41,2025-10-18 19:34:25,2025-10-18 19:34:25,4675529076,2506,01,02,83,75,27,12251,0E,0,13,0.8,20,0,0,675.6,-28.2393981,-52.3989213,1732.8,001A70B1,0001800E,00002FDB,1900034A,00000000,00000000,00000000,00000000,00000000,00000000,00000000,00000000,00000000,00000000,00000000,00000000,0006,FF9D,8F
2025-10-18 19:34:26,2025-10-18 19:34:25,2025-10-18 19:34:25,4675529076,2506,01,02,83,75,27,12251,0E,0,13,0.8,00,0,0,675.6,-28.2393981,-52.3989213,1732.8,001A70B1,0001800E,00002FDB,1900034A,00000000,00000000,00000000,00000000,00000000,00000000,00000000,00000000,00000000,00000000,00000000,00000000,0006,FF9D,8F
2025-10-18 18:34:22,2025-10-18 18:34:22,2025-10-18 18:34:22,4675529076,2505,01,02,83,75,27,12281,0E,0,15,0.7,00,0,66,651.5,-28.2393758,-52.3989151,1732.8,001A70B1,0001800E,00002FF9,1900034A,00000000,00000000,00000000,00000000,00000000,00000000,00000000,00000000,00000000,00000000,00000000,00000000,0006,FF9D,8F
2025-10-18 17:34:18,2025-10-18 17:34:18,2025-10-18 17:34:18,4675529076,2504,01,02,83,75,27,12281,0E,0,12,0.9,00,0,219,679.9,-28.2395276,-52.3989845,1732.8,001A70B1,0001800E,00002FF9,1900034A,00000000,00000000,00000000,00000000,00000000,00000000,00000000,00000000,00000000,00000000,00000000,00000000,0006,FF9D,8F
2025-10-18 17:29:31,2025-10-18 16:34:14,2025-10-18 16:34:14,4675529076,2503,01,02,83,75,27,12251,0E,0,13,0.7,20,0,260,673.8,-28.2394274,-52.3989818,1732.8,001A70B1,0001800E,00002FDB,1900034A,00000000,00000000,00000000,00000000,00000000,00000000,00000000,00000000,00000000,00000000,00000000,00000000,0006,FF9C,8F
2025-10-18 15:34:10,2025-10-18 15:34:10,2025-10-18 15:34:10,4675529076,2502,01,02,83,75,27,12281,0E,0,15,0.7,00,0,0,669.2,-28.2394375,-52.3990373,1732.8,001A70B1,0001800E,00002FF9,1900034A,00000000,00000000,00000000,00000000,00000000,00000000,00000000,00000000,00000000,00000000,00000000,00000000,0006,FF9C,8F
2025-10-18 15:29:23,2025-10-18 14:34:07,2025-10-18 14:34:07,4675529076,2501,01,02,83,75,27,12281,0E,0,16,0.6,20,0,0,676.2,-28.2394045,-52.3990224,1732.8,001A70B1,0001800E,00002FF9,1900034A,00000000,00000000,00000000,00000000,00000000,00000000,00000000,00000000,00000000,00000000,00000000,00000000,0006,FF9D,8F
2025-10-18 13:34:05,2025-10-18 13:34:04,2025-10-18 13:34:04,4675529076,2500,01,02,83,75,27,12281,0E,0,16,0.7,00,0,6,687.3,-28.2394083,-52.399045,1732.8,001A70B1,0001800E,00002FF9,1900034A,00000000,00000000,00000000,00000000,00000000,00000000,00000000,00000000,00000000,00000000,00000000,00000000,0006,FF9D,8F
2025-10-18 12:34:02,2025-10-18 12:34:01,2025-10-18 12:34:01,4675529076,2499,01,02,83,75,27,12281,0E,0,16,0.6,00,0,0,671.5,-28.2394059,-52.3990139,1732.8,001A70B1,0001800E,00002FF9,1900034A,00000000,00000000,00000000,00000000,00000000,00000000,00000000,00000000,00000000,00000000,00000000,00000000,0006,FF9D,8F
2025-10-18 11:33:58,2025-10-18 11:33:58,2025-10-18 11:33:58,4675529076,2498,01,02,83,75,27,12281,0E,0,15,0.8,00,0,84,668.5,-28.2393643,-52.3990075,1732.8,001A70B1,0001800E,00002FF9,1900034A,00000000,00000000,00000000,00000000,00000000,00000000,00000000,00000000,00000000,00000000,00000000,00000000,0006,FF9D,8F
2025-10-18 11:29:11,2025-10-18 10:33:54,2025-10-18 10:33:54,4675529076,2497,01,02,83,75,27,12281,0E,0,13,0.9,20,0,292,670.4,-28.2394343,-52.3990467,1732.8,001A70B1,0001800E,00002FF9,1900034A,00000000,00000000,00000000,00000000,00000000,00000000,00000000,00000000,00000000,00000000,00000000,00000000,0006,FF9A,8F
2025-10-18 09:33:50,2025-10-18 09:33:50,2025-10-18 09:33:50,4675529076,2496,01,02,83,75,27,12281,0E,0,13,0.8,00,0,195,669.8,-28.2393964,-52.3990445,1732.8,001A70B1,0001800E,00002FF9,1900034A,00000000,00000000,00000000,00000000,00000000,00000000,00000000,00000000,00000000,00000000,00000000,00000000,0006,FF9D,8F
2025-10-18 09:29:03,2025-10-18 08:33:46,2025-10-18 08:33:46,4675529076,2495,01,02,83,75,27,12281,0E,0,15,0.7,20,0,350,678.7,-28.2394404,-52.399019,1732.8,001A70B1,0001800E,00002FF9,1900034A,00000000,00000000,00000000,00000000,00000000,00000000,00000000,00000000,00000000,00000000,00000000,00000000,0006,FF9B,8F
2025-10-18 08:33:46,2025-10-18 08:33:46,2025-10-18 08:33:46,4675529076,2495,01,02,83,75,27,12281,0E,0,15,0.7,00,0,350,678.7,-28.2394404,-52.399019,1732.8,001A70B1,0001800E,00002FF9,1900034A,00000000,00000000,00000000,00000000,00000000,00000000,00000000,00000000,00000000,00000000,00000000,00000000,0006,FF9B,8F
2025-10-18 07:33:43,2025-10-18 07:33:43,2025-10-18 07:33:43,4675529076,2494,01,02,83,75,27,12281,0E,0,15,0.7,00,0,232,657.0,-28.2393803,-52.3990355,1732.8,001A70B1,0001800E,00002FF9,1900034A,00000000,00000000,00000000,00000000,00000000,00000000,00000000,00000000,00000000,00000000,00000000,00000000,0006,FF9B,8F
2025-10-18 06:33:40,2025-10-18 06:33:40,2025-10-18 06:33:40,4675529076,2493,01,02,83,75,27,12281,0E,0,14,0.7,00,0,175,653.2,-28.2394012,-52.3990293,1732.8,001A70B1,0001800E,00002FF9,1900034A,00000000,00000000,00000000,00000000,00000000,00000000,00000000,00000000,00000000,00000000,00000000,00000000,0006,FF99,8F
2025-10-18 06:31:08,2025-10-18 05:33:37,2025-10-18 05:33:37,4675529076,2492,01,02,83,75,27,12312,0E,0,16,0.7,20,0,193,661.4,-28.2394458,-52.3989939,1732.8,001A70B1,0001800E,00003018,1900034A,00000000,00000000,00000000,00000000,00000000,00000000,00000000,00000000,00000000,00000000,00000000,00000000,0006,FF9E,8F
2025-10-18 04:33:34,2025-10-18 04:33:34,2025-10-18 04:33:34,4675529076,2491,01,02,83,75,27,12312,0E,0,18,0.6,00,0,0,662.0,-28.2394485,-52.3990039,1732.8,001A70B1,0001800E,00003018,1900034A,00000000,00000000,00000000,00000000,00000000,00000000,00000000,00000000,00000000,00000000,00000000,00000000,0006,FF9E,8F
2025-10-18 04:28:47,2025-10-18 03:33:30,2025-10-18 03:33:30,4675529076,2490,01,02,83,75,27,12312,0E,0,13,0.8,20,0,0,647.3,-28.2394284,-52.3990447,1732.8,001A70B1,0001800E,00003018,1900034A,00000000,00000000,00000000,00000000,00000000,00000000,00000000,00000000,00000000,00000000,00000000,00000000,0006,FF9E,8F
2025-10-18 02:33:26,2025-10-18 02:33:26,2025-10-18 02:33:26,4675529076,2489,01,02,83,75,27,12342,0E,0,17,0.7,00,0,0,662.1,-28.2392918,-52.3990401,1732.8,001A70B1,0001800E,00003036,1900034A,00000000,00000000,00000000,00000000,00000000,00000000,00000000,00000000,00000000,00000000,00000000,00000000,0006,FF9E,8F
2025-10-18 02:28:39,2025-10-18 01:33:22,2025-10-18 01:33:22,4675529076,2488,01,02,83,75,27,12342,0E,0,15,0.7,20,0,5,684.0,-28.2393959,-52.3990131,1732.8,001A70B1,0001800E,00003036,1900034A,00000000,00000000,00000000,00000000,00000000,00000000,00000000,00000000,00000000,00000000,00000000,00000000,0006,FF9E,8F
2025-10-18 00:33:19,2025-10-18 00:33:19,2025-10-18 00:33:19,4675529076,2487,01,02,83,75,27,12372,0E,0,14,0.8,00,0,194,676.8,-28.239418,-52.3990026,1732.8,001A70B1,0001800E,00003054,1900034A,00000000,00000000,00000000,00000000,00000000,00000000,00000000,00000000,00000000,00000000,00000000,00000000,0006,FF9F,8F
2025-10-18 00:28:32,2025-10-17 23:33:16,2025-10-17 23:33:16,4675529076,2486,01,02,83,75,27,12372,0E,0,16,0.6,20,0,317,667.0,-28.2394474,-52.398989,1732.8,001A70B1,0001800E,00003054,1900034A,00000000,00000000,00000000,00000000,00000000,00000000,00000000,00000000,00000000,00000000,00000000,00000000,0006,FF9E,8F
2025-10-17 22:33:14,2025-10-17 22:33:13,2025-10-17 22:33:13,4675529076,2485,01,02,83,75,27,12403,0E,0,16,0.7,00,0,271,678.4,-28.2394627,-52.3990371,1732.8,001A70B1,0001800E,00003073,1900034A,00000000,00000000,00000000,00000000,00000000,00000000,00000000,00000000,00000000,00000000,00000000,00000000,0006,FF9E,8F
2025-10-17 22:28:27,2025-10-17 21:33:10,2025-10-17 21:33:10,4675529076,2484,01,02,83,75,27,12403,0E,0,16,0.6,20,0,359,670.4,-28.2394388,-52.3989949,1732.8,001A70B1,0001800E,00003073,1900034A,00000000,00000000,00000000,00000000,00000000,00000000,00000000,00000000,00000000,00000000,00000000,00000000,0006,FF9A,8F
2025-10-17 20:33:06,2025-10-17 20:33:06,2025-10-17 20:33:06,4675529076,2483,01,02,83,75,27,12403,0E,0,15,0.7,00,0,336,649.3,-28.2393943,-52.3989796,1732.8,001A70B1,0001800E,00003073,1900034A,00000000,00000000,00000000,00000000,00000000,00000000,00000000,00000000,00000000,00000000,00000000,00000000,0006,FF9D,8F
2025-10-17 20:28:19,2025-10-17 19:33:02,2025-10-17 19:33:02,4675529076,2482,01,02,83,75,27,12403,0E,0,13,0.8,20,0,232,657.2,-28.2394219,-52.3989495,1732.8,001A70B1,0001800E,00003073,1900034A,00000000,00000000,00000000,00000000,00000000,00000000,00000000,00000000,00000000,00000000,00000000,00000000,0006,FF9D,8F
2025-10-17 19:33:02,2025-10-17 19:33:02,2025-10-17 19:33:02,4675529076,2482,01,02,83,75,27,12403,0E,0,13,0.8,00,0,232,657.2,-28.2394219,-52.3989495,1732.8,001A70B1,0001800E,00003073,1900034A,00000000,00000000,00000000,00000000,00000000,00000000,00000000,00000000,00000000,00000000,00000000,00000000,0006,FF9D,8F
2025-10-17 18:32:59,2025-10-17 18:32:59,2025-10-17 18:32:59,4675529076,2481,01,02,83,75,27,12433,0E,0,14,0.7,00,0,258,677.9,-28.2394539,-52.398988,1732.8,001A70B1,0001800E,00003091,1900034A,00000000,00000000,00000000,00000000,00000000,00000000,00000000,00000000,00000000,00000000,00000000,00000000,0006,FF9F,8F
2025-10-17 17:32:56,2025-10-17 17:32:55,2025-10-17 17:32:55,4675529076,2480,01,02,83,75,27,12464,0E,0,10,1.1,00,0,163,674.2,-28.2394289,-52.3989976,1732.8,001A70B1,0001800E,000030B0,1900034A,00000000,00000000,00000000,00000000,00000000,00000000,00000000,00000000,00000000,00000000,00000000,00000000,0006,FF9E,8F
2025-10-17 17:28:09,2025-10-17 16:32:52,2025-10-17 16:32:52,4675529076,2479,01,02,83,75,27,12555,0E,0,13,0.8,20,0,18,668.2,-28.2393994,-52.3989627,1732.8,001A70B1,0001800E,0000310B,1900034A,00000000,00000000,00000000,00000000,00000000,00000000,00000000,00000000,00000000,00000000,00000000,00000000,0006,FF9D,8F
2025-10-17 16:27:52,2025-10-17 16:27:52,2025-10-17 16:27:52,4675529076,2478,01,02,83,128,20,12737,0E,0,13,0.8,00,0,18,666.3,-28.2393998,-52.3989534,1732.8,001A70B1,0001800E,000031C1,1900034A,00000000,00000000,00000000,00000000,00000000,00000000,00000000,00000000,00000000,00000000,00000000,00000000,0006,FF9A,8F
2025-10-17 16:27:49,2025-10-17 16:27:48,2025-10-17 16:27:48,4675529076,2477,01,02,83,255,45,12707,0E,0,13,0.8,00,0,18,666.3,-28.2393998,-52.3989534,1732.8,001A70B1,0001800E,000031A3,1900034A,00000000,00000000,00000000,00000000,00000000,00000000,00000000,00000000,00000000,00000000,00000000,00000000,0006,FF9A,8F
2025-10-17 16:25:41,2025-10-17 16:25:31,2025-10-17 16:24:08,4675529076,2476,01,02,83,255,44,12068,0F,1,12,0.8,24,0,262,680.4,-28.2405408,-52.4006524,1732.5,001A6F64,0001800F,00002F24,1900034A,00000000,00000000,00000000,00000000,00000024,030A400A,00000000,00000000,00000000,00000000,00000000,00000000,0000,0000,00
2025-10-17 16:25:40,2025-10-17 16:25:30,2025-10-17 16:24:08,4675529076,2475,01,02,83,112,21,12068,0F,1,12,0.8,24,0,262,680.4,-28.2405408,-52.4006524,1732.5,001A6F64,0001800F,00002F24,1900034A,00000000,00000000,00000000,00000000,00000000,00000000,00000000,00000000,00000000,00000000,00000000,00000000,0000,0000,00
2025-10-17 16:25:40,2025-10-17 16:23:58,2025-10-17 16:23:58,4675529076,2474,01,02,83,75,27,12524,0E,0,10,1.1,20,0,262,680.7,-28.2405414,-52.4006519,1732.5,001A6F64,0001800E,000030EC,1900034A,00000000,00000000,00000000,00000000,00000000,00000000,00000000,00000000,00000000,00000000,00000000,00000000,0006,FF9A,8F
2025-10-17 16:23:59,2025-10-17 16:23:58,2025-10-17 16:23:58,4675529076,2474,01,02,83,75,27,12524,0E,0,10,1.1,00,0,262,680.7,-28.2405414,-52.4006519,1732.5,001A6F64,0001800E,000030EC,1900034A,00000000,00000000,00000000,00000000,00000000,00000000,00000000,00000000,00000000,00000000,00000000,00000000,0006,FF9A,8F
2025-10-17 16:18:59,2025-10-17 16:18:58,2025-10-17 16:18:58,4675529076,2473,01,02,83,128,20,12768,0E,0,7,1.3,00,0,262,671.4,-28.2405366,-52.4006446,1732.5,001A6F64,0001800E,000031E0,1900034A,00000000,00000000,00000000,00000000,00000000,00000000,00000000,00000000,00000000,00000000,00000000,00000000,0006,FF9B,8F
2025-10-17 16:18:58,2025-10-17 16:18:58,2025-10-17 16:18:58,4675529076,2472,01,02,83,255,45,12798,0E,0,7,1.3,00,0,262,670.9,-28.2405352,-52.4006492,1732.5,001A6F64,0001800E,000031FE,1900034A,00000000,00000000,00000000,00000000,00000000,00000000,00000000,00000000,00000000,00000000,00000000,00000000,0006,FF9B,8F
2025-10-17 16:17:54,2025-10-17 16:17:33,2025-10-17 15:55:34,4675529076,2471,01,02,83,255,44,11886,0F,1,15,0.7,24,0,109,669.2,-28.2394108,-52.3989901,1732.1,001A6E35,0001800F,00002E6E,1900034A,00000000,00000000,00000000,00000000,00000024,030A400A,00000000,00000000,00000000,00000000,00000000,00000000,0000,0000,00
2025-10-17 16:17:54,2025-10-17 16:17:32,2025-10-17 15:55:34,4675529076,2470,01,02,83,112,21,11886,0F,1,15,0.7,24,0,109,669.2,-28.2394108,-52.3989901,1732.1,001A6E35,0001800F,00002E6E,1900034A,00000000,00000000,00000000,00000000,00000000,00000000,00000000,00000000,00000000,00000000,00000000,00000000,0000,0000,00
2025-10-17 16:17:54,2025-10-17 15:55:24,2025-10-17 15:55:24,4675529076,2469,01,02,83,75,27,12403,0E,0,15,0.7,20,0,109,669.2,-28.2394109,-52.3989899,1732.1,001A6E35,0001800E,00003073,1900034A,00000000,00000000,00000000,00000000,00000000,00000000,00000000,00000000,00000000,00000000,00000000,00000000,0006,FF9B,8F
2025-10-17 15:50:24,2025-10-17 15:50:24,2025-10-17 15:50:24,4675529076,2468,01,02,83,128,20,12646,0E,0,15,0.7,00,0,109,665.9,-28.2393799,-52.3989919,1732.1,001A6E35,0001800E,00003166,1900034A,00000000,00000000,00000000,00000000,00000000,00000000,00000000,00000000,00000000,00000000,00000000,00000000,0006,FF98,8F
2025-10-17 15:50:23,2025-10-17 15:50:23,2025-10-17 15:50:23,4675529076,2467,01,02,83,255,45,12707,0E,0,14,0.7,00,0,109,666.2,-28.2393693,-52.3989905,1732.1,001A6E35,0001800E,000031A3,1900034A,00000000,00000000,00000000,00000000,00000000,00000000,00000000,00000000,00000000,00000000,00000000,00000000,0006,FF98,8F
2025-10-17 15:49:43,2025-10-17 15:49:32,2025-10-17 15:48:43,4675529076,2466,01,02,83,255,44,11673,0F,1,16,0.6,24,0,171,663.0,-28.2389829,-52.3988998,1732.0,001A6D92,0001800F,00002D99,1900034A,00000000,00000000,00000000,00000000,00000005,00628380,00000000,00000000,00000000,00000000,00000000,00000000,0000,0000,00
2025-10-17 15:49:43,2025-10-17 15:49:31,2025-10-17 15:48:43,4675529076,2465,01,02,83,112,21,11673,0F,1,16,0.6,24,0,171,663.0,-28.2389829,-52.3988998,1732.0,001A6D92,0001800F,00002D99,1900034A,00000000,00000000,00000000,00000000,00000000,00000000,00000000,00000000,00000000,00000000,00000000,00000000,0000,0000,00
2025-10-17 15:49:42,2025-10-17 15:48:33,2025-10-17 15:48:33,4675529076,2464,01,02,83,75,27,12403,0E,0,16,0.6,20,0,171,663.0,-28.2389831,-52.3988999,1732.0,001A6D92,0001800E,00003073,1900034A,00000000,00000000,00000000,00000000,00000000,00000000,00000000,00000000,00000000,00000000,00000000,00000000,0006,FFA1,8F
2025-10-17 15:43:33,2025-10-17 15:43:33,2025-10-17 15:43:33,4675529076,2463,01,02,83,128,20,12464,0E,0,15,0.7,00,0,171,665.8,-28.239,-52.3988844,1732.0,001A6D92,0001800E,000030B0,1900034A,00000000,00000000,00000000,00000000,00000000,00000000,00000000,00000000,00000000,00000000,00000000,00000000,0006,FFA3,8F
2025-10-17 15:43:33,2025-10-17 15:43:32,2025-10-17 15:43:32,4675529076,2462,01,02,83,255,45,12464,0E,0,15,0.7,00,0,171,665.7,-28.239,-52.3988843,1732.0,001A6D92,0001800E,000030B0,1900034A,00000000,00000000,00000000,00000000,00000000,00000000,00000000,00000000,00000000,00000000,00000000,00000000,0006,FFA3,8F
2025-10-17 15:42:41,2025-10-17 15:42:31,2025-10-17 15:39:18,4675529076,2461,01,02,83,255,44,11582,0F,1,16,0.7,24,0,77,676.5,-28.2405222,-52.3995439,1731.8,001A6CB8,0001800F,00002D3E,1900034A,00000000,00000000,00000000,00000000,00000005,00628380,00000000,00000000,00000000,00000000,00000000,00000000,0000,0000,00
2025-10-17 15:42:41,2025-10-17 15:42:29,2025-10-17 15:39:18,4675529076,2460,01,02,83,112,21,11764,0F,1,16,0.7,24,0,77,676.5,-28.2405222,-52.3995439,1731.8,001A6CB8,0001800F,00002DF4,1900034A,00000000,00000000,00000000,00000000,00000000,00000000,00000000,00000000,00000000,00000000,00000000,00000000,0000,0000,00
2025-10-17 15:42:41,2025-10-17 15:39:08,2025-10-17 15:39:08,4675529076,2459,01,02,83,75,27,12220,0E,0,19,0.6,20,0,77,676.4,-28.2405222,-52.3995438,1731.8,001A6CB8,0001800E,00002FBC,1900034A,00000000,00000000,00000000,00000000,00000000,00000000,00000000,00000000,00000000,00000000,00000000,00000000,0006,FFA2,8F
2025-10-17 15:39:08,2025-10-17 15:39:08,2025-10-17 15:39:08,4675529076,2459,01,02,83,75,27,12220,0E,0,19,0.6,00,0,77,676.4,-28.2405222,-52.3995438,1731.8,001A6CB8,0001800E,00002FBC,1900034A,00000000,00000000,00000000,00000000,00000000,00000000,00000000,00000000,00000000,00000000,00000000,00000000,0006,FFA2,8F
2025-10-17 15:34:08,2025-10-17 15:34:08,2025-10-17 15:34:08,4675529076,2458,01,02,83,128,20,12372,0E,0,15,0.7,00,0,77,663.5,-28.2405204,-52.3995269,1731.8,001A6CB8,0001800E,00003054,1900034A,00000000,00000000,00000000,00000000,00000000,00000000,00000000,00000000,00000000,00000000,00000000,00000000,0006,FFA1,8F
2025-10-17 15:34:07,2025-10-17 15:34:07,2025-10-17 15:34:07,4675529076,2457,01,02,83,255,45,12555,0E,0,14,0.7,00,0,77,663.8,-28.2405092,-52.3995225,1731.8,001A6CB8,0001800E,0000310B,1900034A,00000000,00000000,00000000,00000000,00000000,00000000,00000000,00000000,00000000,00000000,00000000,00000000,0006,FFA1,8F
2025-10-17 15:33:59,2025-10-17 15:33:46,2025-10-17 15:27:52,4675529076,2456,01,02,83,255,44,11673,0F,1,17,0.6,24,0,0,667.4,-28.240631,-52.399917,1731.7,001A6C88,0001800F,00002D99,1900034A,00000000,00000000,00000000,00000000,00000005,00628380,00000000,00000000,00000000,00000000,00000000,00000000,0000,0000,00
2025-10-17 15:33:59,2025-10-17 15:33:46,2025-10-17 15:27:52,4675529076,2455,01,02,83,112,21,11673,0F,1,17,0.6,24,0,0,667.4,-28.240631,-52.399917,1731.7,001A6C88,0001800F,00002D99,1900034A,00000000,00000000,00000000,00000000,00000000,00000000,00000000,00000000,00000000,00000000,00000000,00000000,0000,0000,00
2025-10-17 15:33:59,2025-10-17 15:27:43,2025-10-17 15:27:43,4675529076,2454,01,02,83,75,27,12281,0E,0,17,0.6,20,0,0,666.9,-28.2406323,-52.3999168,1731.7,001A6C88,0001800E,00002FF9,1900034A,00000000,00000000,00000000,00000000,00000000,00000000,00000000,00000000,00000000,00000000,00000000,00000000,0006,FFA0,8F
2025-10-17 15:23:28,2025-10-17 15:22:41,2025-10-17 15:06:28,4675529076,2453,01,02,83,128,20,12494,0E,0,14,0.7,24,0,266,669.0,-28.2405194,-52.4008521,1731.7,001A6C88,0001800E,000030CE,1900034A,00000000,00000000,00000000,00000000,00000000,00000000,00000000,00000000,00000000,00000000,00000000,00000000,0000,0000,86
2025-10-17 15:23:28,2025-10-17 15:22:40,2025-10-17 15:06:28,4675529076,2452,01,02,83,255,45,12616,0E,0,14,0.7,24,0,266,669.0,-28.2405194,-52.4008521,1731.7,001A6C88,0001800E,00003148,1900034A,00000000,00000000,00000000,00000000,00000000,00000000,00000000,00000000,00000000,00000000,00000000,00000000,0000,0000,86
2025-10-17 15:23:28,2025-10-17 15:22:06,2025-10-17 15:06:28,4675529076,2451,01,02,83,255,44,11764,0F,1,14,0.7,24,0,266,669.0,-28.2405194,-52.4008521,1731.7,001A6C88,0001800F,00002DF4,1900034A,00000000,00000000,00000000,00000000,00000005,00628380,00000000,00000000,00000000,00000000,00000000,00000000,0000,0000,00
2025-10-17 15:23:28,2025-10-17 15:22:04,2025-10-17 15:06:28,4675529076,2450,01,02,83,112,21,11734,0F,1,14,0.7,24,0,266,669.0,-28.2405194,-52.4008521,1731.7,001A6C88,0001800F,00002DD6,1900034A,00000000,00000000,00000000,00000000,00000000,00000000,00000000,00000000,00000000,00000000,00000000,00000000,0000,0000,00
2025-10-17 15:23:28,2025-10-17 15:06:18,2025-10-17 15:06:18,4675529076,2449,01,02,83,75,27,12555,0E,0,15,0.7,20,0,266,669.0,-28.2405195,-52.4008519,1731.7,001A6C88,0001800E,0000310B,1900034A,00000000,00000000,00000000,00000000,00000000,00000000,00000000,00000000,00000000,00000000,00000000,00000000,0006,FF9A,8F
2025-10-17 15:01:18,2025-10-17 15:01:18,2025-10-17 15:01:18,4675529076,2448,01,02,83,128,20,12646,0E,0,10,0.9,00,0,266,667.4,-28.2405411,-52.4008244,1731.7,001A6C88,0001800E,00003166,1900034A,00000000,00000000,00000000,00000000,00000000,00000000,00000000,00000000,00000000,00000000,00000000,00000000,0006,FF98,8F
2025-10-17 15:01:17,2025-10-17 15:01:17,2025-10-17 15:01:17,4675529076,2447,01,02,83,255,45,12646,0E,0,10,0.9,00,0,266,668.3,-28.2405363,-52.4008182,1731.7,001A6C88,0001800E,00003166,1900034A,00000000,00000000,00000000,00000000,00000000,00000000,00000000,00000000,00000000,00000000,00000000,00000000,0006,FF98,8F
2025-10-17 14:59:37,2025-10-17 14:59:36,2025-10-17 14:59:36,4675529076,2446,01,02,83,123,30,13284,2F,1,10,0.9,00,14,189,664.0,-28.238942,-52.3991415,1731.1,001A6A08,0001802F,000033E4,1900034A,00000000,00000000,00000000,00000000,00000005,00628380,00000000,00000000,00000000,00000000,00000000,00000000,0006,FF9F,8F
2025-10-17 14:56:47,2025-10-17 14:56:38,2025-10-17 14:27:32,4675529076,2445,01,02,83,255,44,12190,0F,1,17,0.6,24,0,259,678.7,-28.2404521,-52.3995139,1730.2,001A6695,0001800F,00002F9E,1900034A,00000000,00000000,00000000,00000000,00000005,00628380,00000000,00000000,00000000,00000000,00000000,00000000,0000,0000,00
2025-10-17 14:56:46,2025-10-17 14:56:34,2025-10-17 14:27:32,4675529076,2444,01,02,83,112,21,11673,0F,1,17,0.6,24,0,259,678.7,-28.2404521,-52.3995139,1730.2,001A6695,0001800F,00002D99,1900034A,00000000,00000000,00000000,00000000,00000000,00000000,00000000,00000000,00000000,00000000,00000000,00000000,0000,0000,00
2025-10-17 14:27:23,2025-10-17 14:27:23,2025-10-17 14:27:23,4675529076,2443,01,02,83,75,27,12524,0E,0,17,0.6,00,0,259,678.7,-28.2404522,-52.3995139,1730.2,001A6695,0001800E,000030EC,1900034A,00000000,00000000,00000000,00000000,00000000,00000000,00000000,00000000,00000000,00000000,00000000,00000000,0006,FFA1,8F
2025-10-17 14:22:23,2025-10-17 14:22:23,2025-10-17 14:22:23,4675529076,2442,01,02,83,128,20,12616,0E,0,14,0.7,00,0,259,677.4,-28.2404537,-52.3995117,1730.2,001A6695,0001800E,00003148,1900034A,00000000,00000000,00000000,00000000,00000000,00000000,00000000,00000000,00000000,00000000,00000000,00000000,0006,FF9F,8F
2025-10-17 14:22:22,2025-10-17 14:22:22,2025-10-17 14:22:22,4675529076,2441,01,02,83,255,45,12646,0E,0,15,0.7,00,0,259,677.6,-28.2404543,-52.3995125,1730.2,001A6695,0001800E,00003166,1900034A,00000000,00000000,00000000,00000000,00000000,00000000,00000000,00000000,00000000,00000000,00000000,00000000,0006,FF9F,8F
2025-10-17 14:21:08,2025-10-17 14:21:00,2025-10-17 14:11:06,4675529076,2440,01,02,83,255,44,11734,0F,1,14,0.8,24,0,168,665.5,-28.2389658,-52.3989293,1730.0,001A65AE,0001800F,00002DD6,1900034A,00000000,00000000,00000000,00000000,00000005,00628380,00000000,00000000,00000000,00000000,00000000,00000000,0000,0000,00
2025-10-17 14:21:07,2025-10-17 14:20:58,2025-10-17 14:11:06,4675529076,2439,01,02,83,112,21,11947,0F,1,14,0.8,24,0,168,665.5,-28.2389658,-52.3989293,1730.0,001A65AE,0001800F,00002EAB,1900034A,00000000,00000000,00000000,00000000,00000000,00000000,00000000,00000000,00000000,00000000,00000000,00000000,0000,0000,00
2025-10-17 14:21:07,2025-10-17 14:10:57,2025-10-17 14:10:57,4675529076,2438,01,02,83,75,27,12555,0E,0,15,0.7,20,0,168,665.5,-28.2389662,-52.3989294,1730.0,001A65AE,0001800E,0000310B,1900034A,00000000,00000000,00000000,00000000,00000000,00000000,00000000,00000000,00000000,00000000,00000000,00000000,0006,FFA5,8F
2025-10-17 14:05:57,2025-10-17 14:05:57,2025-10-17 14:05:57,4675529076,2437,01,02,83,128,20,12646,0E,0,15,0.7,00,0,168,667.4,-28.2389566,-52.3989028,1730.0,001A65AE,0001800E,00003166,1900034A,00000000,00000000,00000000,00000000,00000000,00000000,00000000,00000000,00000000,00000000,00000000,00000000,0006,FFA1,8F
2025-10-17 14:05:55,2025-10-17 14:05:55,2025-10-17 14:05:55,4675529076,2436,01,02,83,255,45,12646,0E,0,15,0.7,00,0,168,667.4,-28.2389566,-52.3989028,1730.0,001A65AE,0001800E,00003166,1900034A,00000000,00000000,00000000,00000000,00000000,00000000,00000000,00000000,00000000,00000000,00000000,00000000,0006,FFA1,8F
2025-10-17 14:04:25,2025-10-17 14:04:25,2025-10-17 14:04:25,4675529076,2435,01,02,83,123,30,13193,2F,1,16,0.7,00,45,351,680.0,-28.2357782,-52.3934727,1728.9,001A6167,0001802F,00003389,1900034A,00000000,00000000,00000000,00000000,00000005,00628380,00000000,00000000,00000000,00000000,00000000,00000000,0006,FFAC,8F
2025-10-17 14:01:32,2025-10-17 14:01:32,2025-10-17 14:01:32,4675529076,2434,01,02,83,255,44,12768,0F,1,14,0.7,00,0,122,697.8,-28.2415433,-52.3798071,1726.9,001A59D0,0001800F,000031E0,1900034A,00000000,00000000,00000000,00000000,00000005,00628380,00000000,00000000,00000000,00000000,00000000,00000000,0006,FFB0,8F
2025-10-17 14:01:25,2025-10-17 14:01:25,2025-10-17 14:01:25,4675529076,2433,01,02,83,112,21,11886,0F,1,15,0.7,00,0,122,697.5,-28.2415432,-52.3798112,1726.9,001A59D0,0001800F,00002E6E,1900034A,00000000,00000000,00000000,00000000,00000000,00000000,00000000,00000000,00000000,00000000,00000000,00000000,0006,FFAF,8F
2025-10-17 13:58:27,2025-10-17 13:58:27,2025-10-17 13:58:27,4675529076,2432,01,02,83,128,20,12585,0E,0,15,0.7,00,0,122,698.5,-28.241553,-52.3798054,1726.9,001A59D0,0001800E,00003129,1900034A,00000000,00000000,00000000,00000000,00000000,00000000,00000000,00000000,00000000,00000000,00000000,00000000,0006,FFAE,8F
2025-10-17 13:58:25,2025-10-17 13:58:25,2025-10-17 13:58:25,4675529076,2431,01,02,83,255,45,12555,0E,0,14,0.7,00,0,122,698.3,-28.241554,-52.3798041,1726.9,001A59D0,0001800E,0000310B,1900034A,00000000,00000000,00000000,00000000,00000000,00000000,00000000,00000000,00000000,00000000,00000000,00000000,0006,FFAE,8F
2025-10-17 13:56:04,2025-10-17 13:55:54,2025-10-17 13:55:15,4675529076,2430,01,02,83,255,44,11916,0F,1,18,0.6,24,0,271,682.8,-28.2472782,-52.3872613,1726.0,001A5629,0001800F,00002E8C,1900034A,00000000,00000000,00000000,00000000,00000005,00628380,00000000,00000000,00000000,00000000,00000000,00000000,0000,0000,00
2025-10-17 13:56:04,2025-10-17 13:55:53,2025-10-17 13:55:15,4675529076,2429,01,02,83,112,21,11916,0F,1,18,0.6,24,0,271,682.8,-28.2472782,-52.3872613,1726.0,001A5629,0001800F,00002E8C,1900034A,00000000,00000000,00000000,00000000,00000000,00000000,00000000,00000000,00000000,00000000,00000000,00000000,0000,0000,00
2025-10-17 13:56:04,2025-10-17 13:55:05,2025-10-17 13:55:05,4675529076,2428,01,02,83,75,27,12403,0E,0,17,0.6,20,0,271,682.8,-28.2472797,-52.3872617,1726.0,001A5629,0001800E,00003073,1900034A,00000000,00000000,00000000,00000000,00000000,00000000,00000000,00000000,00000000,00000000,00000000,00000000,0006,FFA6,8F
2025-10-17 13:50:06,2025-10-17 13:50:05,2025-10-17 13:50:05,4675529076,2427,01,02,83,128,20,12524,0E,0,10,1.0,00,0,83,682.4,-28.2472079,-52.3871212,1726.0,001A5629,0001800E,000030EC,1900034A,00000000,00000000,00000000,00000000,00000000,00000000,00000000,00000000,00000000,00000000,00000000,00000000,0006,FFA0,8F
2025-10-17 13:50:05,2025-10-17 13:50:05,2025-10-17 13:50:05,4675529076,2426,01,02,83,255,45,12524,0E,0,10,1.0,00,0,83,682.4,-28.2472079,-52.3871212,1726.0,001A5629,0001800E,000030EC,1900034A,00000000,00000000,00000000,00000000,00000000,00000000,00000000,00000000,00000000,00000000,00000000,00000000,0006,FFA0,8F
2025-10-17 13:47:10,2025-10-17 13:47:09,2025-10-17 13:47:09,4675529076,2425,01,02,83,123,30,13163,0F,1,16,0.7,00,20,49,650.1,-28.2553084,-52.3942499,1724.7,001A513E,0001800F,0000336B,1900034A,00000000,00000000,00000000,00000000,00000005,00628380,00000000,00000000,00000000,00000000,00000000,00000000,0006,FF9E,8F
2025-10-17 13:44:10,2025-10-17 13:44:09,2025-10-17 13:44:09,4675529076,2424,01,02,83,123,30,13193,0F,1,15,0.7,00,0,313,715.7,-28.2619267,-52.4035153,1723.4,001A4C29,0001800F,00003389,1900034A,00000000,00000000,00000000,00000000,00000005,00628380,00000000,00000000,00000000,00000000,00000000,00000000,0006,FF9E,8F
2025-10-17 13:41:12,2025-10-17 13:41:12,2025-10-17 13:41:12,4675529076,2423,01,02,83,255,44,11673,0F,1,13,0.7,00,0,343,712.1,-28.2639742,-52.4078087,1723.0,001A4A4F,0001800F,00002D99,1900034A,00000000,00000000,00000000,00000000,00000005,00628380,00000000,00000000,00000000,00000000,00000000,00000000,0006,FF96,8F
2025-10-17 13:41:10,2025-10-17 13:41:09,2025-10-17 13:41:09,4675529076,2422,01,02,83,112,21,11856,0F,1,11,0.9,00,0,29,709.5,-28.2639707,-52.4078207,1723.0,001A4A4F,0001800F,00002E50,1900034A,00000000,00000000,00000000,00000000,00000000,00000000,00000000,00000000,00000000,00000000,00000000,00000000,0006,FF96,8F
2025-10-17 13:40:53,2025-10-17 13:40:52,2025-10-17 13:40:52,4675529076,2421,01,02,83,75,27,12464,0E,0,10,0.9,00,0,295,708.5,-28.26397,-52.4078346,1723.0,001A4A4F,0001800E,000030B0,1900034A,00000000,00000000,00000000,00000000,00000000,00000000,00000000,00000000,00000000,00000000,00000000,00000000,0006,FF9D,8F
2025-10-17 13:35:53,2025-10-17 13:35:52,2025-10-17 13:35:52,4675529076,2420,01,02,83,128,20,12524,0F,1,10,0.9,00,0,59,694.7,-28.263903,-52.4078118,1723.0,001A4A4F,0001800F,000030EC,1900034A,00000000,00000000,00000000,00000000,00000000,00000000,00000000,00000000,00000000,00000000,00000000,00000000,0006,FF9C,8F
2025-10-17 13:35:51,2025-10-17 13:35:51,2025-10-17 13:35:51,4675529076,2419,01,02,83,255,45,12524,0E,0,10,0.9,00,0,59,694.7,-28.2639029,-52.4078117,1723.0,001A4A4F,0001800E,000030EC,1900034A,00000000,00000000,00000000,00000000,00000000,00000000,00000000,00000000,00000000,00000000,00000000,00000000,0006,FF9C,8F
2025-10-17 13:35:33,2025-10-17 13:35:32,2025-10-17 13:35:32,4675529076,2418,01,02,83,123,30,13193,0F,1,13,0.8,00,20,326,697.3,-28.2642346,-52.40783,1722.9,001A4A21,0001800F,00003389,1900034A,00000000,00000000,00000000,00000000,00000005,00628380,00000000,00000000,00000000,00000000,00000000,00000000,0006,FF8B,8F
2025-10-17 13:32:33,2025-10-17 13:32:32,2025-10-17 13:32:32,4675529076,2417,01,02,83,123,30,13284,0F,1,12,0.9,00,0,355,669.8,-28.2664614,-52.4068028,1722.7,001A491C,0001800F,000033E4,1900034A,00000000,00000000,00000000,00000000,00000005,00628380,00000000,00000000,00000000,00000000,00000000,00000000,0006,FF9E,8F
2025-10-17 13:29:33,2025-10-17 13:29:32,2025-10-17 13:29:32,4675529076,2416,01,02,83,123,30,13284,0F,1,13,0.8,00,0,355,651.5,-28.2682799,-52.40663,1722.5,001A485C,0001800F,000033E4,1900034A,00000000,00000000,00000000,00000000,00000005,00628380,00000000,00000000,00000000,00000000,00000000,00000000,0006,FFA3,8F
2025-10-17 13:26:39,2025-10-17 13:26:36,2025-10-17 13:24:46,4675529076,2415,01,02,83,255,44,12068,0F,1,13,0.8,04,0,100,666.0,-28.2758411,-52.4098321,1721.4,001A4429,0001800F,00002F24,1900034A,00000000,00000000,00000000,00000000,00000005,00628380,00000000,00000000,00000000,00000000,00000000,00000000,0006,FFA2,8F
2025-10-17 13:26:38,2025-10-17 13:26:30,2025-10-17 13:24:46,4675529076,2414,01,02,83,112,21,11764,0F,1,13,0.8,24,0,100,666.0,-28.2758411,-52.4098321,1721.4,001A4429,0001800F,00002DF4,1900034A,00000000,00000000,00000000,00000000,00000000,00000000,00000000,00000000,00000000,00000000,00000000,00000000,0000,0000,00
2025-10-17 13:24:37,2025-10-17 13:24:37,2025-10-17 13:24:37,4675529076,2413,01,02,83,75,27,12433,0E,0,14,0.7,00,0,100,666.1,-28.2758411,-52.409832,1721.4,001A4429,0001800E,00003091,1900034A,00000000,00000000,00000000,00000000,00000000,00000000,00000000,00000000,00000000,00000000,00000000,00000000,0006,FFA6,8F
2025-10-17 12:24:33,2025-10-17 12:24:33,2025-10-17 12:24:33,4675529076,2412,01,02,83,75,27,12585,0E,0,14,0.7,00,0,285,653.3,-28.2757659,-52.4098526,1721.4,001A4429,0001800E,00003129,1900034A,00000000,00000000,00000000,00000000,00000000,00000000,00000000,00000000,00000000,00000000,00000000,00000000,0006,FFA3,8F
2025-10-17 12:19:33,2025-10-17 12:19:33,2025-10-17 12:19:33,4675529076,2411,01,02,83,128,20,12524,0E,0,13,0.8,00,0,285,655.1,-28.275779,-52.409839,1721.4,001A4429,0001800E,000030EC,1900034A,00000000,00000000,00000000,00000000,00000000,00000000,00000000,00000000,00000000,00000000,00000000,00000000,0006,FFA0,8F
2025-10-17 12:19:33,2025-10-17 12:19:32,2025-10-17 12:19:32,4675529076,2410,01,02,83,255,45,12524,0E,0,13,0.8,00,0,285,655.1,-28.2757791,-52.409839,1721.4,001A4429,0001800E,000030EC,1900034A,00000000,00000000,00000000,00000000,00000000,00000000,00000000,00000000,00000000,00000000,00000000,00000000,0006,FFA0,8F
2025-10-17 12:16:52,2025-10-17 12:16:52,2025-10-17 12:16:52,4675529076,2409,01,02,83,123,30,13224,0F,1,14,0.7,00,37,196,654.9,-28.2738401,-52.4019528,1720.4,001A407A,0001800F,000033A8,1900034A,00000000,00000000,00000000,00000000,00000005,00628380,00000000,00000000,00000000,00000000,00000000,00000000,0006,FFA5,8F
2025-10-17 12:13:52,2025-10-17 12:13:52,2025-10-17 12:13:52,4675529076,2408,01,02,83,123,30,13132,0F,1,13,0.8,00,37,196,686.1,-28.2671524,-52.3997666,1719.7,001A3D7A,0001800F,0000334C,1900034A,00000000,00000000,00000000,00000000,00000005,00628380,00000000,00000000,00000000,00000000,00000000,00000000,0006,FF8C,8F
2025-10-17 12:10:52,2025-10-17 12:10:52,2025-10-17 12:10:52,4675529076,2407,01,02,83,123,30,13224,0F,1,16,0.7,00,43,190,668.3,-28.2594362,-52.3964537,1718.7,001A397A,0001800F,000033A8,1900034A,00000000,00000000,00000000,00000000,00000005,00628380,00000000,00000000,00000000,00000000,00000000,00000000,0006,FFA9,8F
2025-10-17 12:07:52,2025-10-17 12:07:52,2025-10-17 12:07:52,4675529076,2406,01,02,83,123,30,12920,0F,1,15,0.7,00,0,142,656.9,-28.2542364,-52.3978504,1717.9,001A36A3,0001800F,00003278,1900034A,00000000,00000000,00000000,00000000,00000005,00628380,00000000,00000000,00000000,00000000,00000000,00000000,0006,FFA9,8F
2025-10-17 12:04:52,2025-10-17 12:04:52,2025-10-17 12:04:52,4675529076,2405,01,02,83,123,30,13102,0F,1,16,0.7,00,0,133,667.3,-28.2484295,-52.3900817,1716.7,001A31C8,0001800F,0000332E,1900034A,00000000,00000000,00000000,00000000,00000005,00628380,00000000,00000000,00000000,00000000,00000000,00000000,0006,FF99,8F
2025-10-17 12:01:52,2025-10-17 12:01:52,2025-10-17 12:01:52,4675529076,2404,01,02,83,123,30,13193,0F,1,16,0.7,00,37,171,686.2,-28.2381477,-52.3930463,1715.2,001A2C2E,0001800F,00003389,1900034A,00000000,00000000,00000000,00000000,00000005,00628380,00000000,00000000,00000000,00000000,00000000,00000000,0006,FFA3,8F
2025-10-17 11:59:06,2025-10-17 11:59:06,2025-10-17 11:59:06,4675529076,2403,01,02,83,255,44,13649,0F,1,16,0.7,00,0,0,667.5,-28.2395275,-52.3990219,1713.9,001A26C9,0001800F,00003551,1900034A,00000000,00000000,00000000,00000000,00000005,00628380,00000000,00000000,00000000,00000000,00000000,00000000,0006,FF99,8F
2025-10-17 11:58:59,2025-10-17 11:58:50,2025-10-17 11:46:16,4675529076,2402,01,02,83,112,21,11612,0F,1,16,0.7,24,0,0,679.4,-28.239548,-52.3990367,1713.9,001A26C9,0001800F,00002D5C,1900034A,00000000,00000000,00000000,00000000,00000000,00000000,00000000,00000000,00000000,00000000,00000000,00000000,0000,0000,00
2025-10-17 11:46:07,2025-10-17 11:46:07,2025-10-17 11:46:07,4675529076,2401,01,02,83,75,27,12281,0E,0,16,0.7,00,0,0,679.5,-28.2395484,-52.399037,1713.9,001A26C9,0001800E,00002FF9,1900034A,00000000,00000000,00000000,00000000,00000000,00000000,00000000,00000000,00000000,00000000,00000000,00000000,0006,FFA1,8F
2025-10-17 11:41:20,2025-10-17 10:46:03,2025-10-17 10:46:03,4675529076,2400,01,02,83,75,27,12281,0E,0,15,0.7,20,0,303,659.1,-28.2394931,-52.3990038,1713.9,001A26C9,0001800E,00002FF9,1900034A,00000000,00000000,00000000,00000000,00000000,00000000,00000000,00000000,00000000,00000000,00000000,00000000,0006,FFA1,8F
2025-10-17 09:46:01,2025-10-17 09:46:00,2025-10-17 09:46:00,4675529076,2399,01,02,83,75,27,12281,0E,0,16,0.7,00,0,202,650.6,-28.2394981,-52.399011,1713.9,001A26C9,0001800E,00002FF9,1900034A,00000000,00000000,00000000,00000000,00000000,00000000,00000000,00000000,00000000,00000000,00000000,00000000,0006,FFA0,8F
2025-10-17 09:41:13,2025-10-17 08:45:57,2025-10-17 08:45:57,4675529076,2398,01,02,83,75,27,12281,0E,0,15,0.7,20,0,0,685.7,-28.2395071,-52.3989188,1713.9,001A26C9,0001800E,00002FF9,1900034A,00000000,00000000,00000000,00000000,00000000,00000000,00000000,00000000,00000000,00000000,00000000,00000000,0006,FF9F,8F
2025-10-17 08:45:57,2025-10-17 08:45:57,2025-10-17 08:45:57,4675529076,2398,01,02,83,75,27,12281,0E,0,15,0.7,00,0,0,685.7,-28.2395071,-52.3989188,1713.9,001A26C9,0001800E,00002FF9,1900034A,00000000,00000000,00000000,00000000,00000000,00000000,00000000,00000000,00000000,00000000,00000000,00000000,0006,FF9F,8F
2025-10-17 07:45:55,2025-10-17 07:45:54,2025-10-17 07:45:54,4675529076,2397,01,02,83,75,27,12281,0E,0,16,0.6,00,0,21,650.7,-28.239505,-52.39892,1713.9,001A26C9,0001800E,00002FF9,1900034A,00000000,00000000,00000000,00000000,00000000,00000000,00000000,00000000,00000000,00000000,00000000,00000000,0006,FF9E,8F
2025-10-17 07:41:08,2025-10-17 06:45:51,2025-10-17 06:45:51,4675529076,2396,01,02,83,75,27,12312,0E,0,18,0.6,20,0,355,687.9,-28.2394933,-52.3990073,1713.9,001A26C9,0001800E,00003018,1900034A,00000000,00000000,00000000,00000000,00000000,00000000,00000000,00000000,00000000,00000000,00000000,00000000,0006,FFA2,8F
2025-10-17 06:45:51,2025-10-17 06:45:51,2025-10-17 06:45:51,4675529076,2396,01,02,83,75,27,12312,0E,0,18,0.6,00,0,355,687.9,-28.2394933,-52.3990073,1713.9,001A26C9,0001800E,00003018,1900034A,00000000,00000000,00000000,00000000,00000000,00000000,00000000,00000000,00000000,00000000,00000000,00000000,0006,FFA2,8F
2025-10-17 05:45:47,2025-10-17 05:45:47,2025-10-17 05:45:47,4675529076,2395,01,02,83,75,27,12312,0E,0,18,0.6,00,0,0,665.1,-28.2395355,-52.3989934,1713.9,001A26C9,0001800E,00003018,1900034A,00000000,00000000,00000000,00000000,00000000,00000000,00000000,00000000,00000000,00000000,00000000,00000000,0006,FFA2,8F
2025-10-17 05:41:00,2025-10-17 04:45:43,2025-10-17 04:45:43,4675529076,2394,01,02,83,75,27,12312,0E,0,20,0.6,20,0,0,662.3,-28.2395021,-52.3989739,1713.9,001A26C9,0001800E,00003018,1900034A,00000000,00000000,00000000,00000000,00000000,00000000,00000000,00000000,00000000,00000000,00000000,00000000,0006,FFA2,8F
2025-10-17 04:45:43,2025-10-17 04:45:43,2025-10-17 04:45:43,4675529076,2394,01,02,83,75,27,12312,0E,0,20,0.6,00,0,0,662.3,-28.2395021,-52.3989739,1713.9,001A26C9,0001800E,00003018,1900034A,00000000,00000000,00000000,00000000,00000000,00000000,00000000,00000000,00000000,00000000,00000000,00000000,0006,FFA2,8F
2025-10-17 03:45:39,2025-10-17 03:45:39,2025-10-17 03:45:39,4675529076,2393,01,02,83,75,27,12342,0E,0,16,0.7,00,0,254,670.8,-28.2394906,-52.3990088,1713.9,001A26C9,0001800E,00003036,1900034A,00000000,00000000,00000000,00000000,00000000,00000000,00000000,00000000,00000000,00000000,00000000,00000000,0006,FFA2,8F
2025-10-17 03:40:52,2025-10-17 02:45:36,2025-10-17 02:45:36,4675529076,2392,01,02,83,75,27,12342,0E,0,16,0.8,20,0,0,681.7,-28.2394533,-52.3989604,1713.9,001A26C9,0001800E,00003036,1900034A,00000000,00000000,00000000,00000000,00000000,00000000,00000000,00000000,00000000,00000000,00000000,00000000,0006,FFA2,8F
2025-10-17 01:45:34,2025-10-17 01:45:33,2025-10-17 01:45:33,4675529076,2391,01,02,83,75,27,12342,0E,0,15,0.7,00,0,0,688.4,-28.2395181,-52.3989987,1713.9,001A26C9,0001800E,00003036,1900034A,00000000,00000000,00000000,00000000,00000000,00000000,00000000,00000000,00000000,00000000,00000000,00000000,0006,FFA2,8F
2025-10-17 01:40:47,2025-10-17 00:45:30,2025-10-17 00:45:30,4675529076,2390,01,02,83,75,27,12342,0E,0,15,0.7,20,0,233,668.6,-28.2395405,-52.3989976,1713.9,001A26C9,0001800E,00003036,1900034A,00000000,00000000,00000000,00000000,00000000,00000000,00000000,00000000,00000000,00000000,00000000,00000000,0006,FFA1,8F
2025-10-17 00:45:30,2025-10-17 00:45:30,2025-10-17 00:45:30,4675529076,2390,01,02,83,75,27,12342,0E,0,15,0.7,00,0,233,668.6,-28.2395405,-52.3989976,1713.9,001A26C9,0001800E,00003036,1900034A,00000000,00000000,00000000,00000000,00000000,00000000,00000000,00000000,00000000,00000000,00000000,00000000,0006,FFA1,8F
2025-10-16 23:45:26,2025-10-16 23:45:26,2025-10-16 23:45:26,4675529076,2389,01,02,83,75,27,12372,0E,0,14,0.7,00,0,359,673.1,-28.2395239,-52.3989631,1713.9,001A26C9,0001800E,00003054,1900034A,00000000,00000000,00000000,00000000,00000000,00000000,00000000,00000000,00000000,00000000,00000000,00000000,0006,FFA2,8F
2025-10-16 23:40:39,2025-10-16 22:45:22,2025-10-16 22:45:22,4675529076,2388,01,02,83,75,27,12403,0E,0,16,0.6,20,0,73,678.9,-28.239554,-52.3989849,1713.9,001A26C9,0001800E,00003073,1900034A,00000000,00000000,00000000,00000000,00000000,00000000,00000000,00000000,00000000,00000000,00000000,00000000,0006,FFA1,8F
2025-10-16 22:45:22,2025-10-16 22:45:22,2025-10-16 22:45:22,4675529076,2388,01,02,83,75,27,12403,0E,0,16,0.6,00,0,73,678.9,-28.239554,-52.3989849,1713.9,001A26C9,0001800E,00003073,1900034A,00000000,00000000,00000000,00000000,00000000,00000000,00000000,00000000,00000000,00000000,00000000,00000000,0006,FFA1,8F
2025-10-16 21:45:18,2025-10-16 21:45:18,2025-10-16 21:45:18,4675529076,2387,01,02,83,75,27,12403,0E,0,18,0.6,00,0,271,661.6,-28.2395742,-52.398983,1713.9,001A26C9,0001800E,00003073,1900034A,00000000,00000000,00000000,00000000,00000000,00000000,00000000,00000000,00000000,00000000,00000000,00000000,0006,FFA3,8F
2025-10-16 21:40:31,2025-10-16 20:45:15,2025-10-16 20:45:15,4675529076,2386,01,02,83,75,27,12433,0E,0,14,0.7,20,0,0,677.1,-28.2395828,-52.3989098,1713.9,001A26C9,0001800E,00003091,1900034A,00000000,00000000,00000000,00000000,00000000,00000000,00000000,00000000,00000000,00000000,00000000,00000000,0006,FFA2,8F
2025-10-16 19:45:13,2025-10-16 19:45:12,2025-10-16 19:45:12,4675529076,2385,01,02,83,75,27,12464,0E,0,12,0.8,00,0,276,682.5,-28.2395495,-52.3989146,1713.9,001A26C9,0001800E,000030B0,1900034A,00000000,00000000,00000000,00000000,00000000,00000000,00000000,00000000,00000000,00000000,00000000,00000000,0006,FFA2,8F
2025-10-16 19:40:26,2025-10-16 18:45:09,2025-10-16 18:45:09,4675529076,2384,01,02,83,75,27,12494,0E,0,13,0.7,20,0,325,654.3,-28.2395008,-52.3989722,1713.9,001A26C9,0001800E,000030CE,1900034A,00000000,00000000,00000000,00000000,00000000,00000000,00000000,00000000,00000000,00000000,00000000,00000000,0006,FFA2,8F
2025-10-16 17:45:06,2025-10-16 17:45:06,2025-10-16 17:45:06,4675529076,2383,01,02,83,75,27,12494,0E,0,15,0.7,00,0,139,674.3,-28.239568,-52.3990223,1713.9,001A26C9,0001800E,000030CE,1900034A,00000000,00000000,00000000,00000000,00000000,00000000,00000000,00000000,00000000,00000000,00000000,00000000,0006,FFA0,8F
2025-10-16 16:45:02,2025-10-16 16:45:02,2025-10-16 16:45:02,4675529076,2382,01,02,83,75,27,12524,0E,0,13,0.8,00,0,352,662.3,-28.239466,-52.3990555,1713.9,001A26C9,0001800E,000030EC,1900034A,00000000,00000000,00000000,00000000,00000000,00000000,00000000,00000000,00000000,00000000,00000000,00000000,0006,FF9D,8F
2025-10-16 15:44:59,2025-10-16 15:44:59,2025-10-16 15:44:59,4675529076,2381,01,02,83,75,27,12555,0E,0,17,0.6,00,0,68,661.9,-28.2394871,-52.3989705,1713.9,001A26C9,0001800E,0000310B,1900034A,00000000,00000000,00000000,00000000,00000000,00000000,00000000,00000000,00000000,00000000,00000000,00000000,0006,FFA0,8F
2025-10-16 15:40:04,2025-10-16 15:39:59,2025-10-16 15:39:59,4675529076,2380,01,02,83,128,20,12372,0E,0,18,0.6,00,0,68,660.7,-28.2394724,-52.3989739,1713.9,001A26C9,0001800E,00003054,1900034A,00000000,00000000,00000000,00000000,00000000,00000000,00000000,00000000,00000000,00000000,00000000,00000000,0006,FF9D,0F
2025-10-16 15:40:04,2025-10-16 15:39:58,2025-10-16 15:39:58,4675529076,2379,01,02,83,255,45,12372,0E,0,18,0.6,00,0,68,660.7,-28.2394724,-52.3989738,1713.9,001A26C9,0001800E,00003054,1900034A,00000000,00000000,00000000,00000000,00000000,00000000,00000000,00000000,00000000,00000000,00000000,00000000,0006,FF9D,0F
2025-10-16 15:37:30,2025-10-16 15:37:16,2025-10-16 15:37:16,4675529076,2378,01,02,83,123,30,13102,0F,1,15,0.7,00,27,271,662.6,-28.2351478,-52.3979972,1713.2,001A245E,0001800F,0000332E,1900034A,00000000,00000000,00000000,00000000,00000024,0302A20A,00000000,00000000,00000000,00000000,00000000,00000000,0006,FF9C,0F
2025-10-16 15:34:17,2025-10-16 15:34:16,2025-10-16 15:34:16,4675529076,2377,01,02,83,123,30,13163,0F,1,18,0.6,00,10,216,663.2,-28.2329632,-52.3917071,1712.5,001A2166,0001800F,0000336B,1900034A,00000000,00000000,00000000,00000000,00000024,0302A20A,00000000,00000000,00000000,00000000,00000000,00000000,0006,FFAA,0F
2025-10-16 15:31:17,2025-10-16 15:31:16,2025-10-16 15:31:16,4675529076,2376,01,02,83,123,30,13163,0F,1,18,0.6,00,73,82,630.9,-28.2364369,-52.4233638,1709.1,001A144C,0001800F,0000336B,1900034A,00000000,00000000,00000000,00000000,00000024,0302A20A,00000000,00000000,00000000,00000000,00000000,00000000,0006,FFA3,0F
2025-10-16 15:28:17,2025-10-16 15:28:16,2025-10-16 15:28:16,4675529076,2375,01,02,83,123,30,13163,2F,1,17,0.6,00,29,324,661.0,-28.2458319,-52.4275896,1707.5,001A0DE8,0001802F,0000336B,1900034A,00000000,00000000,00000000,00000000,00000024,0302A20A,00000000,00000000,00000000,00000000,00000000,00000000,0006,FFA2,0F
2025-10-16 15:25:17,2025-10-16 15:25:16,2025-10-16 15:25:16,4675529076,2374,01,02,83,123,30,13193,0F,1,18,0.6,00,40,51,624.9,-28.2544192,-52.4338292,1706.1,001A0868,0001800F,00003389,1900034A,00000000,00000000,00000000,00000000,00000024,0302A20A,00000000,00000000,00000000,00000000,00000000,00000000,0006,FF9B,0F
2025-10-16 15:22:17,2025-10-16 15:22:16,2025-10-16 15:22:16,4675529076,2373,01,02,83,123,30,13254,0F,1,16,0.6,00,46,46,650.1,-28.2625101,-52.43649,1704.8,001A0381,0001800F,000033C6,1900034A,00000000,00000000,00000000,00000000,00000024,0302A20A,00000000,00000000,00000000,00000000,00000000,00000000,0006,FFA6,0F
2025-10-16 15:19:17,2025-10-16 15:19:16,2025-10-16 15:19:16,4675529076,2372,01,02,83,123,30,13284,0F,1,16,0.6,00,31,37,670.1,-28.2714818,-52.4412719,1703.2,0019FD10,0001800F,000033E4,1900034A,00000000,00000000,00000000,00000000,00000024,0302A20A,00000000,00000000,00000000,00000000,00000000,00000000,0006,FFC4,0F
2025-10-16 15:16:25,2025-10-16 15:16:16,2025-10-16 15:16:16,4675529076,2371,01,02,83,123,30,13254,2F,1,16,0.6,00,25,11,642.6,-28.2896238,-52.4548264,1700.6,0019F320,0001802F,000033C6,1900034A,00000000,00000000,00000000,00000000,00000024,0302A20A,00000000,00000000,00000000,00000000,00000000,00000000,0006,FF9D,0F
2025-10-16 15:15:28,2025-10-16 15:13:16,2025-10-16 15:13:16,4675529076,2370,01,02,83,123,30,13224,0F,1,16,0.6,20,35,105,631.0,-28.2916499,-52.4510216,1699.2,0019ED78,0001800F,000033A8,1900034A,00000000,00000000,00000000,00000000,00000024,0302A20A,00000000,00000000,00000000,00000000,00000000,00000000,0006,0000,00
2025-10-16 15:10:19,2025-10-16 15:10:16,2025-10-16 15:10:16,4675529076,2369,01,02,83,123,30,13254,0F,1,16,0.6,00,54,248,660.4,-28.2732278,-52.4447904,1696.6,0019E338,0001800F,000033C6,1900034A,00000000,00000000,00000000,00000000,00000024,0302A20A,00000000,00000000,00000000,00000000,00000000,00000000,0006,FFAC,0F
2025-10-16 15:07:17,2025-10-16 15:07:16,2025-10-16 15:07:16,4675529076,2368,01,02,83,123,30,13254,0F,1,16,0.6,00,38,273,671.2,-28.2693815,-52.4273498,1694.5,0019DB41,0001800F,000033C6,1900034A,00000000,00000000,00000000,00000000,00000024,0302A20A,00000000,00000000,00000000,00000000,00000000,00000000,0006,FFA1,0F
2025-10-16 15:04:16,2025-10-16 15:04:16,2025-10-16 15:04:16,4675529076,2367,01,02,83,123,30,13193,0F,1,14,0.7,00,35,242,680.3,-28.2637556,-52.4137871,1693.0,0019D568,0001800F,00003389,1900034A,00000000,00000000,00000000,00000000,00000024,0302A20A,00000000,00000000,00000000,00000000,00000000,00000000,0006,FFA5,8F
2025-10-16 15:01:16,2025-10-16 15:01:16,2025-10-16 15:01:16,4675529076,2366,01,02,83,123,30,12980,0F,1,11,0.9,00,0,237,685.8,-28.2613039,-52.4085389,1692.5,0019D333,0001800F,000032B4,1900034A,00000000,00000000,00000000,00000000,00000024,0302A20A,00000000,00000000,00000000,00000000,00000000,00000000,0006,FFA7,8F
2025-10-16 14:58:17,2025-10-16 14:58:16,2025-10-16 14:58:16,4675529076,2365,01,02,83,123,30,13284,0F,1,17,0.6,00,33,229,675.3,-28.2582191,-52.4024672,1691.8,0019D091,0001800F,000033E4,1900034A,00000000,00000000,00000000,00000000,00000024,0302A20A,00000000,00000000,00000000,00000000,00000000,00000000,0006,FF74,8F
2025-10-16 14:55:16,2025-10-16 14:55:16,2025-10-16 14:55:16,4675529076,2364,01,02,83,123,30,13163,0F,1,14,0.7,00,0,229,643.5,-28.2527081,-52.3951244,1690.9,0019CCEC,0001800F,0000336B,1900034A,00000000,00000000,00000000,00000000,00000024,0302A20A,00000000,00000000,00000000,00000000,00000000,00000000,0006,FFA5,8F
2025-10-16 14:52:17,2025-10-16 14:52:16,2025-10-16 14:52:16,4675529076,2363,01,02,83,123,30,13224,0F,1,15,0.7,00,0,142,661.7,-28.2485763,-52.3899842,1690.2,0019CA39,0001800F,000033A8,1900034A,00000000,00000000,00000000,00000000,00000024,0302A20A,00000000,00000000,00000000,00000000,00000000,00000000,0006,FF9B,8F
2025-10-16 14:49:17,2025-10-16 14:49:16,2025-10-16 14:49:16,4675529076,2362,01,02,83,123,30,13406,0F,1,15,0.7,00,31,145,684.8,-28.240061,-52.3917884,1689.0,0019C57E,0001800F,0000345E,1900034A,00000000,00000000,00000000,00000000,00000024,0302A20A,00000000,00000000,00000000,00000000,00000000,00000000,0006,FFA1,8F
2025-10-16 14:46:16,2025-10-16 14:46:16,2025-10-16 14:46:16,4675529076,2361,01,02,83,123,30,13436,0F,1,15,0.7,00,24,27,662.2,-28.2353943,-52.3995777,1687.8,0019C0DC,0001800F,0000347C,1900034A,00000000,00000000,00000000,00000000,00000024,0302A20A,00000000,00000000,00000000,00000000,00000000,00000000,0006,FFB3,8F
2025-10-16 14:43:38,2025-10-16 14:43:38,2025-10-16 14:43:38,4675529076,2360,01,02,83,255,44,13619,0F,1,8,1.0,00,0,32,676.1,-28.2394868,-52.3989317,1687.3,0019BF23,0001800F,00003533,1900034A,00000000,00000000,00000000,00000000,00000024,0302A20A,00000000,00000000,00000000,00000000,00000000,00000000,0006,FF9A,8F
2025-10-16 14:43:16,2025-10-16 14:43:16,2025-10-16 14:43:16,4675529076,2359,01,02,83,112,21,11582,0F,1,7,1.2,00,0,0,677.1,-28.2394863,-52.3989309,1687.3,0019BF23,0001800F,00002D3E,1900034A,00000000,00000000,00000000,00000000,00000000,00000000,00000000,00000000,00000000,00000000,00000000,00000000,0006,FF9B,8F
2025-10-16 13:58:19,2025-10-16 13:58:19,2025-10-16 13:58:19,4675529076,2358,01,02,83,75,27,12281,0E,0,14,0.7,00,0,350,685.8,-28.2395484,-52.3990252,1687.3,0019BF23,0001800E,00002FF9,1900034A,00000000,00000000,00000000,00000000,00000000,00000000,00000000,00000000,00000000,00000000,00000000,00000000,0006,FF9D,8F
2025-10-16 13:53:33,2025-10-16 12:58:15,2025-10-16 12:58:15,4675529076,2357,01,02,83,75,27,12312,0E,0,17,0.6,20,0,0,671.5,-28.239493,-52.3990032,1687.3,0019BF23,0001800E,00003018,1900034A,00000000,00000000,00000000,00000000,00000000,00000000,00000000,00000000,00000000,00000000,00000000,00000000,0006,FF9A,8F
2025-10-16 11:58:12,2025-10-16 11:58:12,2025-10-16 11:58:12,4675529076,2356,01,02,83,75,27,12281,0E,0,13,0.7,00,0,26,673.5,-28.2395043,-52.3990018,1687.3,0019BF23,0001800E,00002FF9,1900034A,00000000,00000000,00000000,00000000,00000000,00000000,00000000,00000000,00000000,00000000,00000000,00000000,0006,FF9A,8F
2025-10-16 11:53:27,2025-10-16 10:58:09,2025-10-16 10:58:09,4675529076,2355,01,02,83,75,27,12312,0E,0,16,0.7,20,0,7,672.0,-28.2394596,-52.3990065,1687.3,0019BF23,0001800E,00003018,1900034A,00000000,00000000,00000000,00000000,00000000,00000000,00000000,00000000,00000000,00000000,00000000,00000000,0006,FF9A,8F
2025-10-16 09:58:07,2025-10-16 09:58:06,2025-10-16 09:58:06,4675529076,2354,01,02,83,75,27,12342,0E,0,15,0.7,00,0,123,668.8,-28.2394278,-52.3990194,1687.3,0019BF23,0001800E,00003036,1900034A,00000000,00000000,00000000,00000000,00000000,00000000,00000000,00000000,00000000,00000000,00000000,00000000,0006,FF9D,8F
2025-10-16 09:53:21,2025-10-16 08:58:03,2025-10-16 08:58:03,4675529076,2353,01,02,83,75,27,12312,0E,0,14,0.7,20,0,0,676.0,-28.2395214,-52.3989917,1687.3,0019BF23,0001800E,00003018,1900034A,00000000,00000000,00000000,00000000,00000000,00000000,00000000,00000000,00000000,00000000,00000000,00000000,0006,FF9B,8F
2025-10-16 07:57:59,2025-10-16 07:57:59,2025-10-16 07:57:59,4675529076,2352,01,02,83,75,27,12342,0E,0,17,0.6,00,0,298,645.1,-28.2394458,-52.3989837,1687.3,0019BF23,0001800E,00003036,1900034A,00000000,00000000,00000000,00000000,00000000,00000000,00000000,00000000,00000000,00000000,00000000,00000000,0006,FF9C,8F
2025-10-16 07:53:13,2025-10-16 06:57:55,2025-10-16 06:57:55,4675529076,2351,01,02,83,75,27,12342,0E,0,15,0.7,20,0,251,669.0,-28.239473,-52.3989963,1687.3,0019BF23,0001800E,00003036,1900034A,00000000,00000000,00000000,00000000,00000000,00000000,00000000,00000000,00000000,00000000,00000000,00000000,0006,FF9C,8F
2025-10-16 05:57:53,2025-10-16 05:57:52,2025-10-16 05:57:52,4675529076,2350,01,02,83,75,27,12372,0E,0,15,0.8,00,0,0,673.7,-28.2394451,-52.3989799,1687.3,0019BF23,0001800E,00003054,1900034A,00000000,00000000,00000000,00000000,00000000,00000000,00000000,00000000,00000000,00000000,00000000,00000000,0006,FF9D,8F
2025-10-16 05:53:06,2025-10-16 04:57:49,2025-10-16 04:57:49,4675529076,2349,01,02,83,75,27,12342,0E,0,20,0.6,20,0,0,677.4,-28.2394537,-52.3989471,1687.3,0019BF23,0001800E,00003036,1900034A,00000000,00000000,00000000,00000000,00000000,00000000,00000000,00000000,00000000,00000000,00000000,00000000,0006,FF9D,8F
2025-10-16 03:57:47,2025-10-16 03:57:46,2025-10-16 03:57:46,4675529076,2348,01,02,83,75,27,12342,0E,0,10,0.9,00,0,151,659.8,-28.2395358,-52.3990092,1687.3,0019BF23,0001800E,00003036,1900034A,00000000,00000000,00000000,00000000,00000000,00000000,00000000,00000000,00000000,00000000,00000000,00000000,0006,FF9E,8F
2025-10-16 03:53:01,2025-10-16 02:57:43,2025-10-16 02:57:43,4675529076,2347,01,02,83,75,27,12342,0E,0,9,1.0,20,0,0,665.9,-28.2394886,-52.3989506,1687.3,0019BF23,0001800E,00003036,1900034A,00000000,00000000,00000000,00000000,00000000,00000000,00000000,00000000,00000000,00000000,00000000,00000000,0006,FF9D,8F
2025-10-16 01:57:39,2025-10-16 01:57:39,2025-10-16 01:57:39,4675529076,2346,01,02,83,75,27,12372,0E,0,16,0.7,00,0,265,674.2,-28.239492,-52.3989749,1687.3,0019BF23,0001800E,00003054,1900034A,00000000,00000000,00000000,00000000,00000000,00000000,00000000,00000000,00000000,00000000,00000000,00000000,0006,FF9D,8F
2025-10-16 01:52:53,2025-10-16 00:57:35,2025-10-16 00:57:35,4675529076,2345,01,02,83,75,27,12372,0E,0,17,0.6,20,0,120,674.7,-28.2394599,-52.3989877,1687.3,0019BF23,0001800E,00003054,1900034A,00000000,00000000,00000000,00000000,00000000,00000000,00000000,00000000,00000000,00000000,00000000,00000000,0006,FF9D,8F
2025-10-15 23:57:30,2025-10-15 23:57:30,2025-10-15 23:57:30,4675529076,2344,01,02,83,75,27,12403,0E,0,15,0.7,00,0,324,679.3,-28.239466,-52.3989236,1687.3,0019BF23,0001800E,00003073,1900034A,00000000,00000000,00000000,00000000,00000000,00000000,00000000,00000000,00000000,00000000,00000000,00000000,0006,FF9D,8F
2025-10-15 23:52:44,2025-10-15 22:57:27,2025-10-15 22:57:27,4675529076,2343,01,02,83,75,27,12433,0E,0,13,0.8,20,0,0,670.4,-28.2395697,-52.3989645,1687.3,0019BF23,0001800E,00003091,1900034A,00000000,00000000,00000000,00000000,00000000,00000000,00000000,00000000,00000000,00000000,00000000,00000000,0006,FF9D,8F
2025-10-15 22:53:57,2025-10-15 21:57:24,2025-10-15 21:57:24,4675529076,2342,01,02,83,75,27,12403,0E,0,17,0.6,20,0,218,662.3,-28.2395277,-52.3989576,1687.3,0019BF23,0001800E,00003073,1900034A,00000000,00000000,00000000,00000000,00000000,00000000,00000000,00000000,00000000,00000000,00000000,00000000,0006,FF9C,8F
2025-10-15 21:57:24,2025-10-15 21:57:24,2025-10-15 21:57:24,4675529076,2342,01,02,83,75,27,12403,0E,0,17,0.6,00,0,218,662.3,-28.2395277,-52.3989576,1687.3,0019BF23,0001800E,00003073,1900034A,00000000,00000000,00000000,00000000,00000000,00000000,00000000,00000000,00000000,00000000,00000000,00000000,0006,FF9C,8F
2025-10-15 21:52:38,2025-10-15 20:57:21,2025-10-15 20:57:21,4675529076,2341,01,02,83,75,27,12433,0E,0,14,0.8,20,0,156,675.8,-28.2394458,-52.3989582,1687.3,0019BF23,0001800E,00003091,1900034A,00000000,00000000,00000000,00000000,00000000,00000000,00000000,00000000,00000000,00000000,00000000,00000000,0006,FF9C,8F
2025-10-15 19:57:19,2025-10-15 19:57:18,2025-10-15 19:57:18,4675529076,2340,01,02,83,75,27,12433,0E,0,10,0.9,00,0,12,671.7,-28.2396271,-52.3989667,1687.3,0019BF23,0001800E,00003091,1900034A,00000000,00000000,00000000,00000000,00000000,00000000,00000000,00000000,00000000,00000000,00000000,00000000,0006,FF9C,8F
2025-10-15 18:57:15,2025-10-15 18:57:15,2025-10-15 18:57:15,4675529076,2339,01,02,83,75,27,12464,0E,0,15,0.7,00,0,293,678.7,-28.2394595,-52.3989219,1687.3,0019BF23,0001800E,000030B0,1900034A,00000000,00000000,00000000,00000000,00000000,00000000,00000000,00000000,00000000,00000000,00000000,00000000,0006,FF9E,8F
2025-10-15 18:52:29,2025-10-15 17:57:11,2025-10-15 17:57:11,4675529076,2338,01,02,83,75,27,12464,0E,0,13,0.8,20,0,20,677.6,-28.2395281,-52.3989936,1687.3,0019BF23,0001800E,000030B0,1900034A,00000000,00000000,00000000,00000000,00000000,00000000,00000000,00000000,00000000,00000000,00000000,00000000,0006,FF9D,8F
2025-10-15 16:57:07,2025-10-15 16:57:07,2025-10-15 16:57:07,4675529076,2337,01,02,83,75,27,12494,0E,0,14,0.7,00,0,0,679.1,-28.2394821,-52.3989246,1687.3,0019BF23,0001800E,000030CE,1900034A,00000000,00000000,00000000,00000000,00000000,00000000,00000000,00000000,00000000,00000000,00000000,00000000,0006,FF9D,8F
2025-10-15 15:57:03,2025-10-15 15:57:03,2025-10-15 15:57:03,4675529076,2336,01,02,83,75,27,12494,0E,0,15,0.7,00,0,0,665.1,-28.2394618,-52.3989517,1687.3,0019BF23,0001800E,000030CE,1900034A,00000000,00000000,00000000,00000000,00000000,00000000,00000000,00000000,00000000,00000000,00000000,00000000,0006,FF9B,8F
2025-10-15 15:52:17,2025-10-15 14:57:00,2025-10-15 14:57:00,4675529076,2335,01,02,83,75,27,12585,0E,0,17,0.6,20,0,232,661.4,-28.2394761,-52.3990044,1687.3,0019BF23,0001800E,00003129,1900034A,00000000,00000000,00000000,00000000,00000000,00000000,00000000,00000000,00000000,00000000,00000000,00000000,0006,FF9B,8F
2025-10-15 14:52:00,2025-10-15 14:52:00,2025-10-15 14:52:00,4675529076,2334,01,02,83,128,20,12646,0E,0,15,0.8,00,0,232,662.0,-28.2394853,-52.398988,1687.3,0019BF23,0001800E,00003166,1900034A,00000000,00000000,00000000,00000000,00000000,00000000,00000000,00000000,00000000,00000000,00000000,00000000,0006,FF9B,8F
2025-10-15 14:51:59,2025-10-15 14:51:59,2025-10-15 14:51:59,4675529076,2333,01,02,83,255,45,12646,0E,0,15,0.8,00,0,232,662.0,-28.2394853,-52.398988,1687.3,0019BF23,0001800E,00003166,1900034A,00000000,00000000,00000000,00000000,00000000,00000000,00000000,00000000,00000000,00000000,00000000,00000000,0006,FF9C,8F
2025-10-15 14:49:32,2025-10-15 14:49:32,2025-10-15 14:49:32,4675529076,2332,01,02,83,123,30,13041,0F,1,11,0.9,00,0,93,662.1,-28.2414189,-52.4012933,1686.9,0019BD4A,0001800F,000032F1,1900034A,00000000,00000000,00000000,00000000,00000002,0286BBB5,00000000,00000000,00000000,00000000,00000000,00000000,0006,FF92,8F
2025-10-15 14:46:32,2025-10-15 14:46:32,2025-10-15 14:46:32,4675529076,2331,01,02,83,123,30,13163,0F,1,18,0.6,00,29,259,674.8,-28.2404685,-52.3993219,1686.6,0019BC1F,0001800F,0000336B,1900034A,00000000,00000000,00000000,00000000,00000002,0286BBB5,00000000,00000000,00000000,00000000,00000000,00000000,0006,FFA4,8F
2025-10-15 14:43:33,2025-10-15 14:43:32,2025-10-15 14:43:32,4675529076,2330,01,02,83,123,30,13163,2F,1,18,0.6,00,45,348,679.6,-28.2376654,-52.3930974,1685.1,0019B63F,0001802F,0000336B,1900034A,00000000,00000000,00000000,00000000,00000002,0286BBB5,00000000,00000000,00000000,00000000,00000000,00000000,0006,FFAB,8F
2025-10-15 14:40:32,2025-10-15 14:40:32,2025-10-15 14:40:32,4675529076,2329,01,02,83,123,30,13011,0F,1,18,0.6,00,0,49,666.8,-28.248304,-52.3890751,1683.6,0019B087,0001800F,000032D3,1900034A,00000000,00000000,00000000,00000000,00000002,0286BBB5,00000000,00000000,00000000,00000000,00000000,00000000,0006,FF95,8F
2025-10-15 14:37:32,2025-10-15 14:37:32,2025-10-15 14:37:32,4675529076,2328,01,02,83,123,30,13132,0F,1,14,0.7,00,0,321,643.8,-28.2567005,-52.3940414,1682.4,0019ABB7,0001800F,0000334C,1900034A,00000000,00000000,00000000,00000000,00000002,0286BBB5,00000000,00000000,00000000,00000000,00000000,00000000,0006,FF95,8F
2025-10-15 14:34:45,2025-10-15 14:34:44,2025-10-15 14:34:44,4675529076,2327,01,02,83,255,44,13102,0F,1,14,0.7,00,0,236,655.8,-28.2598314,-52.3912202,1681.9,0019A9FB,0001800F,0000332E,1900034A,00000000,00000000,00000000,00000000,00000002,0286BBB5,00000000,00000000,00000000,00000000,00000000,00000000,0006,FF9D,8F
2025-10-15 14:34:32,2025-10-15 14:34:32,2025-10-15 14:34:32,4675529076,2326,01,02,83,112,21,11886,0F,1,14,0.7,00,0,236,655.7,-28.2598314,-52.3912201,1681.9,0019A9FB,0001800F,00002E6E,1900034A,00000000,00000000,00000000,00000000,00000000,00000000,00000000,00000000,00000000,00000000,00000000,00000000,0006,FF9C,8F
2025-10-15 14:31:57,2025-10-15 14:31:56,2025-10-15 14:31:56,4675529076,2325,01,02,83,75,27,12433,0E,0,14,0.7,00,0,236,653.9,-28.2598314,-52.3912229,1681.9,0019A9FB,0001800E,00003091,1900034A,00000000,00000000,00000000,00000000,00000000,00000000,00000000,00000000,00000000,00000000,00000000,00000000,0006,FF9F,8F
2025-10-15 14:26:57,2025-10-15 14:26:56,2025-10-15 14:26:56,4675529076,2324,01,02,83,128,20,12616,0E,0,13,0.8,00,0,236,650.0,-28.2598514,-52.391258,1681.9,0019A9FB,0001800E,00003148,1900034A,00000000,00000000,00000000,00000000,00000000,00000000,00000000,00000000,00000000,00000000,00000000,00000000,0006,FF9C,8F
2025-10-15 14:26:55,2025-10-15 14:26:55,2025-10-15 14:26:55,4675529076,2323,01,02,83,255,45,12616,0E,0,13,0.8,00,0,236,650.0,-28.2598515,-52.391258,1681.9,0019A9FB,0001800E,00003148,1900034A,00000000,00000000,00000000,00000000,00000000,00000000,00000000,00000000,00000000,00000000,00000000,00000000,0006,FF9C,8F
2025-10-15 14:26:36,2025-10-15 14:26:35,2025-10-15 14:26:35,4675529076,2322,01,02,83,123,30,13072,0F,1,15,0.7,00,24,140,647.7,-28.2594882,-52.3913751,1681.9,0019A9C0,0001800F,00003310,1900034A,00000000,00000000,00000000,00000000,00000002,0286BBB5,00000000,00000000,00000000,00000000,00000000,00000000,0006,FF9C,8F
2025-10-15 14:23:36,2025-10-15 14:23:35,2025-10-15 14:23:35,4675529076,2321,01,02,83,123,30,13041,0F,1,13,0.8,00,12,151,664.0,-28.248647,-52.3899508,1680.3,0019A39F,0001800F,000032F1,1900034A,00000000,00000000,00000000,00000000,00000002,0286BBB5,00000000,00000000,00000000,00000000,00000000,00000000,0006,FF95,8F
2025-10-15 14:20:36,2025-10-15 14:20:35,2025-10-15 14:20:35,4675529076,2320,01,02,83,123,30,13254,0F,1,10,0.9,00,42,161,685.2,-28.2386514,-52.3929227,1678.9,00199E1C,0001800F,000033C6,1900034A,00000000,00000000,00000000,00000000,00000002,0286BBB5,00000000,00000000,00000000,00000000,00000000,00000000,0006,FFA7,8F
2025-10-15 14:17:45,2025-10-15 14:17:41,2025-10-15 13:39:24,4675529076,2319,01,02,83,255,44,11947,0F,1,17,0.6,24,0,315,692.8,-28.2395022,-52.3989776,1677.4,0019987C,0001800F,00002EAB,1900034A,00000000,00000000,00000000,00000000,00000002,0286BBB5,00000000,00000000,00000000,00000000,00000000,00000000,0000,0000,00
2025-10-15 14:17:45,2025-10-15 14:17:35,2025-10-15 13:39:24,4675529076,2318,01,02,83,112,21,11673,0F,1,17,0.6,24,0,315,692.8,-28.2395022,-52.3989776,1677.4,0019987C,0001800F,00002D99,1900034A,00000000,00000000,00000000,00000000,00000000,00000000,00000000,00000000,00000000,00000000,00000000,00000000,0000,0000,00
2025-10-15 14:17:45,2025-10-15 13:39:14,2025-10-15 13:39:14,4675529076,2317,01,02,83,75,27,12342,0E,0,16,0.6,20,0,315,692.8,-28.2395018,-52.3989781,1677.4,0019987C,0001800E,00003036,1900034A,00000000,00000000,00000000,00000000,00000000,00000000,00000000,00000000,00000000,00000000,00000000,00000000,0006,FF9F,8F
2025-10-15 12:39:10,2025-10-15 12:39:10,2025-10-15 12:39:10,4675529076,2316,01,02,83,75,27,12372,0E,0,17,0.6,00,0,0,669.3,-28.2395731,-52.3989738,1677.4,0019987C,0001800E,00003054,1900034A,00000000,00000000,00000000,00000000,00000000,00000000,00000000,00000000,00000000,00000000,00000000,00000000,0006,FF9F,8F
2025-10-15 12:34:24,2025-10-15 11:39:07,2025-10-15 11:39:07,4675529076,2315,01,02,83,75,27,12372,0E,0,16,0.7,20,0,41,672.9,-28.2395529,-52.398977,1677.4,0019987C,0001800E,00003054,1900034A,00000000,00000000,00000000,00000000,00000000,00000000,00000000,00000000,00000000,00000000,00000000,00000000,0006,FF9E,8F
2025-10-15 10:39:05,2025-10-15 10:39:04,2025-10-15 10:39:04,4675529076,2314,01,02,83,75,27,12403,0E,0,16,0.7,00,0,0,667.1,-28.2395867,-52.398969,1677.4,0019987C,0001800E,00003073,1900034A,00000000,00000000,00000000,00000000,00000000,00000000,00000000,00000000,00000000,00000000,00000000,00000000,0006,FFA7,0F
2025-10-15 10:34:22,2025-10-15 09:39:01,2025-10-15 09:39:01,4675529076,2313,01,02,83,75,27,12372,0E,0,13,0.7,20,0,252,669.8,-28.2395244,-52.3989405,1677.4,0019987C,0001800E,00003054,1900034A,00000000,00000000,00000000,00000000,00000000,00000000,00000000,00000000,00000000,00000000,00000000,00000000,0006,FFBD,80
2025-10-15 09:34:15,2025-10-15 08:38:58,2025-10-15 08:38:58,4675529076,2312,01,02,83,75,27,12372,0E,0,13,0.8,20,0,304,671.2,-28.2395203,-52.3989418,1677.4,0019987C,0001800E,00003054,1900034A,00000000,00000000,00000000,00000000,00000000,00000000,00000000,00000000,00000000,00000000,00000000,00000000,0006,FF9E,8F
2025-10-15 07:38:56,2025-10-15 07:38:55,2025-10-15 07:38:55,4675529076,2311,01,02,83,75,27,12433,0E,0,14,0.7,00,0,266,681.4,-28.2395129,-52.3989741,1677.4,0019987C,0001800E,00003091,1900034A,00000000,00000000,00000000,00000000,00000000,00000000,00000000,00000000,00000000,00000000,00000000,00000000,0006,FF9F,8F
2025-10-15 07:34:09,2025-10-15 06:38:52,2025-10-15 06:38:52,4675529076,2310,01,02,83,75,27,12524,0E,0,18,0.6,20,0,261,663.6,-28.2395096,-52.3989756,1677.4,0019987C,0001800E,000030EC,1900034A,00000000,00000000,00000000,00000000,00000000,00000000,00000000,00000000,00000000,00000000,00000000,00000000,0006,FFA0,8F
2025-10-15 06:33:53,2025-10-15 06:33:52,2025-10-15 06:33:52,4675529076,2309,01,02,83,128,20,12251,0F,1,15,0.7,00,0,261,665.6,-28.2395134,-52.3989695,1677.4,0019987C,0001800F,00002FDB,1900034A,00000000,00000000,00000000,00000000,00000000,00000000,00000000,00000000,00000000,00000000,00000000,00000000,0006,FF9C,8F
2025-10-15 06:33:51,2025-10-15 06:33:51,2025-10-15 06:33:51,4675529076,2308,01,02,83,255,45,12281,0E,0,15,0.7,00,0,261,665.6,-28.2395134,-52.3989695,1677.4,0019987C,0001800E,00002FF9,1900034A,00000000,00000000,00000000,00000000,00000000,00000000,00000000,00000000,00000000,00000000,00000000,00000000,0006,FF9C,8F
2025-10-15 06:31:25,2025-10-15 06:31:24,2025-10-15 06:31:24,4675529076,2307,01,02,83,123,30,13072,0F,1,17,0.6,00,40,268,660.9,-28.2351681,-52.3979701,1676.8,001995F8,0001800F,00003310,1900034A,00000000,00000000,00000000,00000000,00000027,057C290A,00000000,00000000,00000000,00000000,00000000,00000000,0006,FFB0,8F
2025-10-15 06:28:25,2025-10-15 06:28:24,2025-10-15 06:28:24,4675529076,2306,01,02,83,123,30,13011,2F,1,15,0.7,00,15,318,695.7,-28.243435,-52.3895116,1675.3,0019902F,0001802F,000032D3,1900034A,00000000,00000000,00000000,00000000,00000027,057C290A,00000000,00000000,00000000,00000000,00000000,00000000,0006,FFA1,8F
2025-10-15 06:25:25,2025-10-15 06:25:24,2025-10-15 06:25:24,4675529076,2305,01,02,83,123,30,13132,0F,1,16,0.7,00,36,316,682.3,-28.2506791,-52.382542,1674.0,00198B10,0001800F,0000334C,1900034A,00000000,00000000,00000000,00000000,00000027,057C290A,00000000,00000000,00000000,00000000,00000000,00000000,0006,FFA0,8F
2025-10-15 06:22:25,2025-10-15 06:22:24,2025-10-15 06:22:24,4675529076,2304,01,02,83,123,30,13193,0F,1,15,0.7,00,30,212,646.5,-28.2540496,-52.3840766,1672.8,00198648,0001800F,00003389,1900034A,00000000,00000000,00000000,00000000,00000027,057C290A,00000000,00000000,00000000,00000000,00000000,00000000,0006,FFA5,8F
2025-10-15 06:19:25,2025-10-15 06:19:24,2025-10-15 06:19:24,4675529076,2303,01,02,83,123,30,13224,2F,1,14,0.7,00,31,113,648.2,-28.2545252,-52.3857618,1672.4,001984D2,0001802F,000033A8,1900034A,00000000,00000000,00000000,00000000,00000027,057C290A,00000000,00000000,00000000,00000000,00000000,00000000,0006,FFB1,8F
2025-10-15 06:16:25,2025-10-15 06:16:24,2025-10-15 06:16:24,4675529076,2302,01,02,83,123,30,13345,0F,1,13,0.8,00,36,139,665.4,-28.2480564,-52.3904485,1671.4,00198109,0001800F,00003421,1900034A,00000000,00000000,00000000,00000000,00000027,057C290A,00000000,00000000,00000000,00000000,00000000,00000000,0006,FF90,8F
2025-10-15 06:13:25,2025-10-15 06:13:24,2025-10-15 06:13:24,4675529076,2301,01,02,83,123,30,13497,0F,1,11,1.0,00,34,113,671.2,-28.2347152,-52.3943533,1669.6,00197A07,0001800F,000034B9,1900034A,00000000,00000000,00000000,00000000,00000027,057C290A,00000000,00000000,00000000,00000000,00000000,00000000,0006,FFB1,8F
2025-10-15 06:10:42,2025-10-15 06:10:42,2025-10-15 06:10:42,4675529076,2300,01,02,83,255,44,13588,0F,1,8,1.1,00,0,193,681.5,-28.2394246,-52.3990003,1668.7,0019764B,0001800F,00003514,1900034A,00000000,00000000,00000000,00000000,00000027,057C290A,00000000,00000000,00000000,00000000,00000000,00000000,0006,FF9A,8F
2025-10-15 06:10:25,2025-10-15 06:10:24,2025-10-15 06:10:21,4675529076,2299,01,02,83,112,21,11460,0F,1,6,1.5,04,0,1,684.8,-28.2394968,-52.3990805,1668.7,00197645,0001800F,00002CC4,1900034A,00000000,00000000,00000000,00000000,00000000,00000000,00000000,00000000,00000000,00000000,00000000,00000000,0006,FF9A,8F
2025-10-15 05:25:36,2025-10-15 05:25:36,2025-10-15 05:25:36,4675529076,2298,01,02,83,75,27,12372,0E,0,14,0.8,00,0,310,661.6,-28.239412,-52.3989673,1668.7,00197645,0001800E,00003054,1900034A,00000000,00000000,00000000,00000000,00000000,00000000,00000000,00000000,00000000,00000000,00000000,00000000,0006,FFA0,8F
2025-10-15 04:25:33,2025-10-15 04:25:33,2025-10-15 04:25:33,4675529076,2297,01,02,83,75,27,12403,0E,0,13,0.8,00,0,293,649.7,-28.2392602,-52.399073,1668.7,00197645,0001800E,00003073,1900034A,00000000,00000000,00000000,00000000,00000000,00000000,00000000,00000000,00000000,00000000,00000000,00000000,0006,FF9F,8F
2025-10-15 04:20:47,2025-10-15 03:25:30,2025-10-15 03:25:30,4675529076,2296,01,02,83,75,27,12403,0E,0,16,0.7,20,0,226,680.6,-28.2394755,-52.3990146,1668.7,00197645,0001800E,00003073,1900034A,00000000,00000000,00000000,00000000,00000000,00000000,00000000,00000000,00000000,00000000,00000000,00000000,0006,FF9F,8F
2025-10-15 02:25:27,2025-10-15 02:25:27,2025-10-15 02:25:27,4675529076,2295,01,02,83,75,27,12403,0E,0,14,0.8,00,0,0,669.3,-28.2394644,-52.3989564,1668.7,00197645,0001800E,00003073,1900034A,00000000,00000000,00000000,00000000,00000000,00000000,00000000,00000000,00000000,00000000,00000000,00000000,0006,FFA0,8F
2025-10-15 02:20:41,2025-10-15 01:25:23,2025-10-15 01:25:23,4675529076,2294,01,02,83,75,27,12403,0E,0,12,1.0,20,0,68,694.8,-28.2394392,-52.3988992,1668.7,00197645,0001800E,00003073,1900034A,00000000,00000000,00000000,00000000,00000000,00000000,00000000,00000000,00000000,00000000,00000000,00000000,0006,FF9F,8F
2025-10-15 00:25:19,2025-10-15 00:25:19,2025-10-15 00:25:19,4675529076,2293,01,02,83,75,27,12403,0E,0,13,1.0,00,0,358,672.2,-28.2394937,-52.3990081,1668.7,00197645,0001800E,00003073,1900034A,00000000,00000000,00000000,00000000,00000000,00000000,00000000,00000000,00000000,00000000,00000000,00000000,0006,FF9F,8F
2025-10-15 00:20:33,2025-10-14 23:25:15,2025-10-14 23:25:15,4675529076,2292,01,02,83,75,27,12464,0E,0,14,0.8,20,0,268,674.0,-28.2395315,-52.3990028,1668.7,00197645,0001800E,000030B0,1900034A,00000000,00000000,00000000,00000000,00000000,00000000,00000000,00000000,00000000,00000000,00000000,00000000,0006,FF9F,8F
