Data/Hora Inclusão,Data/Hora Evento,GNSS UTC Time,Tipo Dispositivo,IMEI,Sequência,Tipo Mensagem,Bateria Interna,ERI Mask,Protocol Version,Alimentação Externa,Input Status,Output Status,Motion Status,Duration Ign On,Duration Ign Off,Satélites,Precisão GNSS,MCC,MNC,LAC,Cell ID,Velocidade,Azimuth,Altitude,Latitude,Longitude,Hodômetro Total,Horímetro Total,CSQ RSSI,CSQ BER,RAT,BAND,ICCID,Ext. Pwr Supply,Charging,LED On,Timezone,Daylight Saving,Wave1 Output ID,Wave1 Output Active,BT Report Mask,BT Name,BT MAC Address,Peer Role,Peer Address Type,Driver ID,Login Status,MS GNSS Accuracy,Max Speed,MS Azimuth,MS Altitude,MS Longitude,MS Latitude,MS GNSS UTC Time,MS Satellite Number,MS Mileage,Position Report Type
2025-10-06 07:32:12,2025-10-06 07:32:12,2025-10-06 07:30:12,385349,862689070136285,798,GTERI,4.19,00008200,698407,12584,80,00,11,,,14,1,0724,0023,0533,F8CB,0.0,358,812.3,-20.031493,-44.313677,1.0,,11,0,1,1800,,,,,,,,,,,,,,,,1,0.0,358,812.3,-44.313677,-20.031493,2025-10-06 07:30:12,14,1.0,10
2025-10-06 07:57:30,2025-10-06 07:50:43,2025-10-06 07:30:12,385349,862689070136285,799,GTIGN,4.19,,698407,12560,81,00,21,,8311,14,1,0724,0023,0533,F8CB,0.0,358,812.3,-20.031493,-44.313677,1.0,,,,,,,,,,,,,,,,,,,,,,,,,,,,,,
2025-10-06 07:57:32,2025-10-06 07:50:52,2025-10-06 07:50:51,385349,862689070136285,801,GTERI,4.19,00008200,698407,14346,81,00,22,,,10,1,0724,0023,0533,F8CB,8.3,320,814.6,-20.031292,-44.313722,1.0,,9,0,1,1800,,,,,,,,,,,,,,,,1,8.3,320,814.6,-44.313722,-20.031292,2025-10-06 07:50:51,10,1.0,10
2025-10-06 07:57:33,2025-10-06 07:50:53,2025-10-06 07:50:52,385349,862689070136285,802,GTSPD,4.19,,698407,14346,81,00,22,,,9,1,0724,0023,0533,F8CB,8.1,327,812.7,-20.031260,-44.313720,1.0,,,,,,,,,,,,,,,,,,,,,,,,,,,,,,
2025-10-06 07:57:35,2025-10-06 07:52:23,2025-10-06 07:52:22,385349,862689070136285,804,GTIGF,4.19,,698407,12907,80,00,12,100,,11,0,0724,0023,541B,033BF197,0.0,41,837.2,-20.029860,-44.313090,1.4,,,,,,,,,,,,,,,,,,,,,,,,,,,,,,
2025-10-06 07:57:36,2025-10-06 07:52:23,2025-10-06 07:52:23,385349,862689070136285,805,GTERI,4.19,00008200,698407,12802,80,00,12,,,10,1,0724,0023,541B,033BF197,0.0,41,837.2,-20.029860,-44.313090,1.4,,25,0,3,28,,,,,,,,,,,,,,,,1,0.0,41,837.2,-44.313090,-20.029860,2025-10-06 07:52:23,10,1.4,10
2025-10-06 07:57:37,2025-10-06 07:52:47,2025-10-06 07:52:23,385349,862689070136285,806,GTIGN,4.19,,698407,12689,81,00,21,,24,10,1,0724,0023,541B,033BF197,0.0,41,837.2,-20.029860,-44.313090,1.4,,,,,,,,,,,,,,,,,,,,,,,,,,,,,,
2025-10-06 07:57:39,2025-10-06 07:53:01,2025-10-06 07:53:00,385349,862689070136285,809,GTERI,4.19,00008200,698407,12527,80,00,1A,,,7,1,0724,0023,541B,033BF197,0.0,41,837.2,-20.029860,-44.313090,1.4,,25,0,3,28,,,,,,,,,,,,,,,,1,0.0,41,837.2,-44.313090,-20.029860,2025-10-06 07:53:00,7,1.4,10
2025-10-06 07:57:39,2025-10-06 07:52:51,2025-10-06 07:52:23,385349,862689070136285,808,GTIGF,4.19,,698407,12317,80,00,11,4,,0,0,0724,0023,541B,033BF197,0.0,41,837.2,-20.029860,-44.313090,1.4,,,,,,,,,,,,,,,,,,,,,,,,,,,,,,
2025-10-06 08:52:57,2025-10-06 08:52:57,2025-10-06 08:50:37,385349,862689070136285,810,GTERI,4.13,00008200,698407,12786,80,00,11,,,9,1,0724,0023,0533,F8CB,0.0,41,837.2,-20.029860,-44.313090,1.4,,17,0,1,1800,,,,,,,,,,,,,,,,1,0.0,41,837.2,-44.313090,-20.029860,2025-10-06 08:50:37,9,1.4,10
2025-10-06 08:58:33,2025-10-06 08:58:33,2025-10-06 08:50:37,385349,862689070136285,811,GTIGN,4.13,,698407,12737,81,00,21,,3942,9,1,0724,0023,0533,F8CB,0.0,41,837.2,-20.029860,-44.313090,1.4,,,,,,,,,,,,,,,,,,,,,,,,,,,,,,
2025-10-06 08:58:52,2025-10-06 08:58:52,2025-10-06 08:58:51,385349,862689070136285,813,GTERI,4.13,00008200,698407,12228,81,00,21,,,10,1,0724,0023,0533,F8CB,1.4,61,753.8,-20.030005,-44.313138,1.4,,15,0,1,1800,,,,,,,,,,,,,,,,1,1.4,61,753.8,-44.313138,-20.030005,2025-10-06 08:58:51,10,1.5,10
2025-10-06 09:01:47,2025-10-06 09:01:47,2025-10-06 09:01:42,385349,862689070136285,815,GTERI,4.19,00008200,698407,12196,81,00,21,,,11,1,0724,0023,0533,F8CB,0.0,66,785.0,-20.029960,-44.313122,1.4,,17,0,1,1800,,,,,,,,,,,,,,,,1,1.4,58,759.4,-44.313140,-20.029997,2025-10-06 08:58:52,10,1.5,10
2025-10-06 09:04:48,2025-10-06 09:04:47,2025-10-06 09:04:42,385349,862689070136285,818,GTERI,4.18,00008200,698407,12196,81,00,21,,,11,1,0724,0023,0533,F8CB,0.0,66,785.0,-20.029960,-44.313122,1.4,,16,0,1,1800,,,,,,,,,,,,,,,,1,0.0,66,785.0,-44.313122,-20.029960,2025-10-06 09:04:46,11,1.5,10
2025-10-06 09:07:47,2025-10-06 09:07:47,2025-10-06 09:07:42,385349,862689070136285,820,GTERI,4.19,00008200,698407,12196,81,00,21,,,9,1,0724,0023,0533,F8CB,0.0,66,785.0,-20.029960,-44.313122,1.4,,16,0,1,1800,,,,,,,,,,,,,,,,1,0.0,66,785.0,-44.313122,-20.029960,2025-10-06 09:07:46,9,1.5,10
2025-10-06 09:10:47,2025-10-06 09:10:47,2025-10-06 09:10:42,385349,862689070136285,824,GTERI,4.19,00008200,698407,12188,81,00,21,,,10,1,0724,0023,0533,F8CB,0.0,275,837.7,-20.029850,-44.313092,1.4,,15,0,1,1800,,,,,,,,,,,,,,,,1,0.6,66,785.0,-44.313122,-20.029960,2025-10-06 09:08:55,12,1.5,10
2025-10-06 09:13:48,2025-10-06 09:13:47,2025-10-06 09:13:42,385349,862689070136285,826,GTERI,4.19,00008200,698407,12188,81,00,21,,,11,1,0724,0023,0533,F8CB,0.0,275,837.7,-20.029850,-44.313092,1.4,,15,0,1,1800,,,,,,,,,,,,,,,,1,0.0,275,837.7,-44.313092,-20.029850,2025-10-06 09:13:46,11,1.5,10
2025-10-06 09:16:47,2025-10-06 09:16:47,2025-10-06 09:16:42,385349,862689070136285,829,GTERI,4.18,00008200,698407,12188,81,00,21,,,12,1,0724,0023,0533,F8CB,0.0,275,837.7,-20.029850,-44.313092,1.4,,15,0,1,1800,,,,,,,,,,,,,,,,1,0.0,275,837.7,-44.313092,-20.029850,2025-10-06 09:16:46,12,1.5,10
2025-10-06 09:19:47,2025-10-06 09:19:47,2025-10-06 09:19:42,385349,862689070136285,831,GTERI,4.18,00008200,698407,12180,81,00,21,,,12,1,0724,0023,0533,F8CB,0.0,275,837.7,-20.029850,-44.313092,1.4,,15,0,1,1800,,,,,,,,,,,,,,,,1,0.0,275,837.7,-44.313092,-20.029850,2025-10-06 09:19:46,12,1.5,10
2025-10-06 09:22:49,2025-10-06 09:22:47,2025-10-06 09:22:42,385349,862689070136285,834,GTERI,4.18,00008200,698407,12188,81,00,21,,,12,1,0724,0023,0533,F8CB,0.0,275,837.7,-20.029850,-44.313092,1.4,,15,0,1,1800,,,,,,,,,,,,,,,,1,0.0,275,837.7,-44.313092,-20.029850,2025-10-06 09:22:46,12,1.5,10
2025-10-06 09:25:47,2025-10-06 09:25:47,2025-10-06 09:25:42,385349,862689070136285,836,GTERI,4.17,00008200,698407,12180,81,00,21,,,10,1,0724,0023,0533,F8CB,0.0,275,837.7,-20.029850,-44.313092,1.4,,15,0,1,1800,,,,,,,,,,,,,,,,1,0.0,275,837.7,-44.313092,-20.029850,2025-10-06 09:25:46,10,1.5,10
2025-10-06 09:28:47,2025-10-06 09:28:47,2025-10-06 09:28:42,385349,862689070136285,839,GTERI,4.17,00008200,698407,12180,81,00,21,,,12,1,0724,0023,0533,F8CB,0.0,275,837.7,-20.029850,-44.313092,1.4,,16,0,1,1800,,,,,,,,,,,,,,,,1,0.0,275,837.7,-44.313092,-20.029850,2025-10-06 09:28:46,12,1.5,10
2025-10-06 09:31:47,2025-10-06 09:31:47,2025-10-06 09:31:42,385349,862689070136285,841,GTERI,4.16,00008200,698407,12180,81,00,21,,,12,1,0724,0023,0533,F8CB,0.0,275,837.7,-20.029850,-44.313092,1.4,,16,0,1,1800,,,,,,,,,,,,,,,,1,0.0,275,837.7,-44.313092,-20.029850,2025-10-06 09:31:46,12,1.5,10
2025-10-06 09:34:48,2025-10-06 09:34:47,2025-10-06 09:34:42,385349,862689070136285,844,GTERI,4.16,00008200,698407,12171,81,00,21,,,12,1,0724,0023,0533,F8CB,0.0,275,837.7,-20.029850,-44.313092,1.4,,17,0,1,1800,,,,,,,,,,,,,,,,1,0.0,275,837.7,-44.313092,-20.029850,2025-10-06 09:34:46,12,1.5,10
2025-10-06 09:37:47,2025-10-06 09:37:47,2025-10-06 09:37:42,385349,862689070136285,846,GTERI,4.16,00008200,698407,12155,81,00,21,,,11,1,0724,0023,0533,F8CB,0.0,275,837.7,-20.029850,-44.313092,1.4,,16,0,1,1800,,,,,,,,,,,,,,,,1,0.0,275,837.7,-44.313092,-20.029850,2025-10-06 09:37:46,11,1.5,10
2025-10-06 09:40:48,2025-10-06 09:40:47,2025-10-06 09:40:42,385349,862689070136285,849,GTERI,4.16,00008200,698407,12155,81,00,21,,,11,1,0724,0023,0533,F8CB,0.0,275,837.7,-20.029850,-44.313092,1.4,,16,0,1,1800,,,,,,,,,,,,,,,,1,0.0,275,837.7,-44.313092,-20.029850,2025-10-06 09:40:46,11,1.5,10
2025-10-06 09:43:49,2025-10-06 09:43:47,2025-10-06 09:43:42,385349,862689070136285,851,GTERI,4.16,00008200,698407,12147,81,00,21,,,9,1,0724,0023,0533,F8CB,0.0,275,837.7,-20.029850,-44.313092,1.4,,16,0,1,1800,,,,,,,,,,,,,,,,1,0.0,275,837.7,-44.313092,-20.029850,2025-10-06 09:43:46,9,1.5,10
2025-10-06 09:46:48,2025-10-06 09:46:47,2025-10-06 09:46:42,385349,862689070136285,854,GTERI,4.16,00008200,698407,12147,81,00,21,,,9,1,0724,0023,0533,F8CB,0.0,275,837.7,-20.029850,-44.313092,1.4,,16,0,1,1800,,,,,,,,,,,,,,,,1,0.0,275,837.7,-44.313092,-20.029850,2025-10-06 09:46:46,9,1.5,10
2025-10-06 09:49:48,2025-10-06 09:49:47,2025-10-06 09:49:42,385349,862689070136285,856,GTERI,4.16,00008200,698407,12139,81,00,21,,,12,1,0724,0023,0533,F8CB,0.0,275,837.7,-20.029850,-44.313092,1.4,,16,0,1,1800,,,,,,,,,,,,,,,,1,0.0,275,837.7,-44.313092,-20.029850,2025-10-06 09:49:46,12,1.5,10
2025-10-06 09:52:47,2025-10-06 09:52:47,2025-10-06 09:52:42,385349,862689070136285,859,GTERI,4.16,00008200,698407,12131,81,00,21,,,9,1,0724,0023,0533,F8CB,0.0,275,837.7,-20.029850,-44.313092,1.4,,16,0,1,1800,,,,,,,,,,,,,,,,1,0.0,275,837.7,-44.313092,-20.029850,2025-10-06 09:52:46,9,1.5,10
2025-10-06 09:55:48,2025-10-06 09:55:47,2025-10-06 09:55:42,385349,862689070136285,861,GTERI,4.16,00008200,698407,12131,81,00,21,,,11,1,0724,0023,0533,F8CB,0.0,275,837.7,-20.029850,-44.313092,1.4,,16,0,1,1800,,,,,,,,,,,,,,,,1,0.0,275,837.7,-44.313092,-20.029850,2025-10-06 09:55:46,11,1.5,10
2025-10-06 09:58:47,2025-10-06 09:58:47,2025-10-06 09:58:42,385349,862689070136285,864,GTERI,4.16,00008200,698407,12123,81,00,21,,,10,1,0724,0023,0533,F8CB,0.0,275,837.7,-20.029850,-44.313092,1.4,,16,0,1,1800,,,,,,,,,,,,,,,,1,0.0,275,837.7,-44.313092,-20.029850,2025-10-06 09:58:46,10,1.5,10
2025-10-06 10:01:47,2025-10-06 10:01:47,2025-10-06 10:01:42,385349,862689070136285,866,GTERI,4.16,00008200,698407,12123,81,00,21,,,11,1,0724,0023,0533,F8CB,0.0,275,837.7,-20.029850,-44.313092,1.4,,16,0,1,1800,,,,,,,,,,,,,,,,1,0.0,275,837.7,-44.313092,-20.029850,2025-10-06 10:01:46,11,1.5,10
2025-10-06 10:02:00,2025-10-06 10:01:59,2025-10-06 10:01:58,385349,862689070136285,867,GTIGF,4.16,,698407,12123,80,00,11,3806,,12,0,0724,0023,0533,F8CB,0.0,275,837.7,-20.029850,-44.313092,1.4,,,,,,,,,,,,,,,,,,,,,,,,,,,,,,
2025-10-06 10:02:01,2025-10-06 10:02:00,2025-10-06 10:01:59,385349,862689070136285,868,GTERI,4.16,00008200,698407,12123,80,00,11,,,11,1,0724,0023,0533,F8CB,0.0,275,837.7,-20.029850,-44.313092,1.4,,16,0,1,1800,,,,,,,,,,,,,,,,1,0.0,275,837.7,-44.313092,-20.029850,2025-10-06 10:01:59,11,1.4,10
2025-10-06 11:01:58,2025-10-06 11:01:57,2025-10-06 10:59:40,385349,862689070136285,869,GTERI,4.12,00008200,698407,12640,80,00,11,,,8,1,0724,0023,0533,F8CB,0.0,275,837.7,-20.029850,-44.313092,1.4,,17,0,1,1800,,,,,,,,,,,,,,,,1,0.0,275,837.7,-44.313092,-20.029850,2025-10-06 10:59:40,8,1.4,10
2025-10-06 12:02:00,2025-10-06 12:01:57,2025-10-06 11:59:39,385349,862689070136285,870,GTERI,4.09,00008200,698407,12640,80,00,11,,,7,1,0724,0023,0533,F8CB,0.0,275,837.7,-20.029850,-44.313092,1.4,,15,0,1,1800,,,,,,,,,,,,,,,,1,0.0,275,837.7,-44.313092,-20.029850,2025-10-06 11:59:39,7,1.4,10
2025-10-06 13:01:58,2025-10-06 13:01:57,2025-10-06 12:59:38,385349,862689070136285,871,GTERI,4.06,00008200,698407,12648,80,00,11,,,10,1,0724,0023,0533,F8CB,0.0,275,837.7,-20.029850,-44.313092,1.4,,17,0,1,1800,,,,,,,,,,,,,,,,1,0.0,275,837.7,-44.313092,-20.029850,2025-10-06 12:59:38,10,1.4,10
2025-10-06 13:31:16,2025-10-06 13:31:15,2025-10-06 12:59:38,385349,862689070136285,872,GTIGN,4.06,,698407,12624,81,00,22,,12556,10,1,0724,0023,0533,F8CB,0.0,275,837.7,-20.029850,-44.313092,1.4,,,,,,,,,,,,,,,,,,,,,,,,,,,,,,
2025-10-06 13:31:32,2025-10-06 13:31:31,2025-10-06 13:31:30,385349,862689070136285,875,GTERI,4.06,00008200,698407,14257,81,00,22,,,9,1,0724,0023,0533,F8CB,8.4,32,814.4,-20.029835,-44.312733,1.4,,13,0,1,1800,,,,,,,,,,,,,,,,1,8.4,32,814.4,-44.312733,-20.029835,2025-10-06 13:31:30,9,1.5,10
2025-10-06 13:32:21,2025-10-06 13:32:21,2025-10-06 13:32:20,385349,862689070136285,876,GTIGF,4.12,,698407,13522,80,00,12,66,,13,0,0724,0023,0533,4147,0.0,82,827.9,-20.029927,-44.312338,1.4,,,,,,,,,,,,,,,,,,,,,,,,,,,,,,
2025-10-06 13:32:22,2025-10-06 13:32:21,2025-10-06 13:32:21,385349,862689070136285,877,GTERI,4.12,00008200,698407,12972,80,00,12,,,15,1,0724,0023,0533,4147,0.0,82,827.9,-20.029927,-44.312338,1.4,,12,0,1,1800,,,,,,,,,,,,,,,,1,0.0,82,827.9,-44.312338,-20.029927,2025-10-06 13:32:21,15,1.4,10
2025-10-06 14:33:40,2025-10-06 14:32:17,2025-10-06 14:29:59,385349,862689070136285,878,GTERI,3.94,00008200,698407,12713,80,00,11,,,14,1,0724,0023,0533,F8CB,12.4,280,842.9,-20.024758,-44.302358,1.4,,15,0,0,0,,,,,,,,,,,,,,,,1,12.4,280,842.9,-44.302358,-20.024758,2025-10-06 14:29:59,14,1.4,10
2025-10-06 18:53:15,2025-10-06 15:32:17,2025-10-06 15:29:55,385349,862689070136285,879,GTERI,3.86,00008200,698407,12705,80,00,11,,,8,1,0724,0002,A8B8,031D8A28,0.0,280,842.9,-20.024758,-44.302358,1.4,,2,0,3,3,,,,,,,,,,,,,,,,1,0.0,280,842.9,-44.302358,-20.024758,2025-10-06 15:29:55,8,1.4,10
2025-10-06 18:53:18,2025-10-06 16:26:19,2025-10-06 16:26:18,385349,862689070136285,880,GTDOG,,,,,,,,,,,,,,,,,,,,,,,,,,,,,,,,,,,,,,,,,,,,,,,,,,,
2025-10-06 18:53:19,2025-10-06 16:27:14,2025-10-06 16:26:18,385349,862689070136285,881,GTINF,3.72,,698407,12600,80,00,11,,,,,,,,,,,,,,,,16,0,,,89551805000580221920,1,0,1,+0000,0,,,,,,,,,,,,,,,,,,,
2025-10-06 18:53:20,2025-10-06 16:27:18,2025-10-06 16:27:17,385349,862689070136285,882,GTRTL,3.76,,698407,12414,80,00,11,,,9,1,0724,0023,F05B,034D0917,2.6,10,813.1,-20.024367,-44.304498,1.4,,,,,,,,,,,,,,,,,,,,,,,,,,,,,,
2025-10-06 18:54:41,2025-10-06 16:27:18,2025-10-06 16:27:17,385349,862689070136285,882,GTRTL,3.76,,698407,12414,80,00,11,,,9,1,0724,0023,F05B,034D0917,2.6,10,813.1,-20.024367,-44.304498,1.4,,,,,,,,,,,,,,,,,,,,,,,,,,,,,,
2025-10-06 18:54:43,2025-10-06 16:27:18,2025-10-06 16:27:17,385349,862689070136285,883,GTERI,3.76,00008200,698407,12414,80,00,11,,,9,1,0724,0023,F05B,034D0917,2.6,10,813.1,-20.024367,-44.304498,1.4,,7,0,2,3,,,,,,,,,,,,,,,,1,2.6,10,813.1,-44.304498,-20.024367,2025-10-06 16:27:17,9,1.4,10
2025-10-06 18:54:44,2025-10-06 17:27:14,2025-10-06 17:24:53,385349,862689070136285,884,GTERI,4.15,00008200,698407,12414,80,00,11,,,10,1,0724,0002,A8B8,031D8A28,0.0,10,813.1,-20.024367,-44.304498,1.4,,2,0,3,3,,,,,,,,,,,,,,,,1,0.0,10,813.1,-44.304498,-20.024367,2025-10-06 17:24:53,10,1.4,10
2025-10-06 18:54:45,2025-10-06 17:27:17,2025-10-06 17:27:17,385349,862689070136285,885,GTDOG,,,,,,,,,,,,,,,,,,,,,,,,,,,,,,,,,,,,,,,,,,,,,,,,,,,
2025-10-06 18:54:46,2025-10-06 17:28:13,2025-10-06 17:28:13,385349,862689070136285,887,GTERI,4.16,00008200,698407,12406,80,00,11,,,11,1,0724,0005,0C3B,514B,0.7,113,843.0,-20.024377,-44.304500,1.4,,27,0,0,0,,,,,,,,,,,,,,,,1,0.7,113,843.0,-44.304500,-20.024377,2025-10-06 17:28:13,11,1.4,10
2025-10-06 18:54:46,2025-10-06 17:28:13,2025-10-06 17:28:13,385349,862689070136285,886,GTRTL,4.16,,698407,12406,80,00,11,,,11,1,0724,0005,0C3B,514B,0.7,113,843.0,-20.024377,-44.304500,1.4,,,,,,,,,,,,,,,,,,,,,,,,,,,,,,
2025-10-06 18:54:48,2025-10-06 18:28:13,2025-10-06 18:28:13,385349,862689070136285,889,GTDOG,,,,,,,,,,,,,,,,,,,,,,,,,,,,,,,,,,,,,,,,,,,,,,,,,,,
2025-10-06 18:54:48,2025-10-06 18:28:10,2025-10-06 18:25:49,385349,862689070136285,888,GTERI,4.00,00008200,698407,12657,80,00,11,,,14,1,0724,0002,A8B8,031BFC29,0.0,113,843.0,-20.024377,-44.304500,1.4,,9,0,3,3,,,,,,,,,,,,,,,,1,0.0,113,843.0,-44.304500,-20.024377,2025-10-06 18:25:49,14,1.4,10
2025-10-06 18:54:49,2025-10-06 18:29:10,2025-10-06 18:29:09,385349,862689070136285,890,GTRTL,3.97,,698407,12657,80,00,11,,,15,1,0724,0005,0C3B,514B,4.5,277,842.3,-20.023785,-44.302845,1.4,,,,,,,,,,,,,,,,,,,,,,,,,,,,,,
2025-10-06 18:54:54,2025-10-06 18:29:10,2025-10-06 18:29:09,385349,862689070136285,891,GTERI,3.97,00008200,698407,12657,80,00,11,,,15,1,0724,0005,0C3B,514B,4.5,277,842.3,-20.023785,-44.302845,1.4,,14,0,0,0,,,,,,,,,,,,,,,,1,4.5,277,842.3,-44.302845,-20.023785,2025-10-06 18:29:09,15,1.4,10
2025-10-06 18:55:34,2025-10-06 18:29:10,2025-10-06 18:29:09,385349,862689070136285,891,GTERI,3.97,00008200,698407,12657,80,00,11,,,15,1,0724,0005,0C3B,514B,4.5,277,842.3,-20.023785,-44.302845,1.4,,14,0,0,0,,,,,,,,,,,,,,,,1,4.5,277,842.3,-44.302845,-20.023785,2025-10-06 18:29:09,15,1.4,10
2025-10-06 18:55:36,2025-10-06 18:42:31,2025-10-06 18:42:30,385349,862689070136285,893,GTRTL,3.93,,698407,12648,80,00,11,,,14,1,0724,0023,0533,30E1,35.7,166,817.7,-20.045595,-44.304020,1.4,,,,,,,,,,,,,,,,,,,,,,,,,,,,,,
2025-10-06 18:55:36,2025-10-06 18:41:13,2025-10-06 18:41:13,385349,862689070136285,892,GTDOG,,,,,,,,,,,,,,,,,,,,,,,,,,,,,,,,,,,,,,,,,,,,,,,,,,,
2025-10-06 18:55:37,2025-10-06 18:42:31,2025-10-06 18:42:30,385349,862689070136285,894,GTERI,3.93,00008200,698407,12648,80,00,11,,,14,1,0724,0023,0533,30E1,35.7,166,817.7,-20.045595,-44.304020,1.4,,20,0,1,900,,,,,,,,,,,,,,,,1,35.7,166,817.7,-44.304020,-20.045595,2025-10-06 18:42:30,14,1.4,10
2025-10-06 18:55:38,2025-10-06 18:52:16,2025-10-06 18:52:16,385349,862689070136285,895,GTDOG,,,,,,,,,,,,,,,,,,,,,,,,,,,,,,,,,,,,,,,,,,,,,,,,,,,
2025-10-06 18:55:39,2025-10-06 18:53:16,2025-10-06 18:53:15,385349,862689070136285,896,GTRTL,3.92,,698407,12648,80,00,11,,,12,1,0724,0023,0533,3963,7.7,218,794.6,-20.071653,-44.300222,1.4,,,,,,,,,,,,,,,,,,,,,,,,,,,,,,
2025-10-06 18:55:41,2025-10-06 18:53:16,2025-10-06 18:53:15,385349,862689070136285,897,GTERI,3.92,00008200,698407,12648,80,00,11,,,12,1,0724,0023,0533,3963,7.7,218,794.6,-20.071653,-44.300222,1.4,,25,0,1,1800,,,,,,,,,,,,,,,,1,7.7,218,794.6,-44.300222,-20.071653,2025-10-06 18:53:15,12,1.4,10
2025-10-06 22:10:36,2025-10-06 19:53:12,2025-10-06 19:51:09,385349,862689070136285,898,GTERI,3.78,00008200,698407,12640,80,00,11,,,8,1,0724,0002,AAF7,037AC927,2.7,334,1044.4,-20.351692,-44.447983,1.4,,10,0,0,0,,,,,,,,,,,,,,,,1,2.7,334,1044.4,-44.447983,-20.351692,2025-10-06 19:51:09,8,1.4,10
2025-10-06 22:10:37,2025-10-06 20:41:08,2025-10-06 20:41:08,385349,862689070136285,899,GTDOG,,,,,,,,,,,,,,,,,,,,,,,,,,,,,,,,,,,,,,,,,,,,,,,,,,,
2025-10-06 22:10:38,2025-10-06 20:43:06,2025-10-06 20:43:06,385349,862689070136285,900,GTRTL,4.00,,698407,12398,80,00,16,,,16,1,0724,0005,0025,7860,46.3,229,851.2,-20.527597,-44.637530,1.4,,,,,,,,,,,,,,,,,,,,,,,,,,,,,,
2025-10-06 22:10:39,2025-10-06 20:43:06,2025-10-06 20:43:06,385349,862689070136285,901,GTERI,4.00,00008200,698407,12398,80,00,16,,,16,1,0724,0005,0025,7860,46.3,229,851.2,-20.527597,-44.637530,1.4,,15,0,0,0,,,,,,,,,,,,,,,,1,46.3,229,851.2,-44.637530,-20.527597,2025-10-06 20:43:06,16,1.4,10
2025-10-06 22:10:40,2025-10-06 21:00:07,2025-10-06 21:00:07,385349,862689070136285,902,GTDOG,,,,,,,,,,,,,,,,,,,,,,,,,,,,,,,,,,,,,,,,,,,,,,,,,,,
2025-10-06 22:10:41,2025-10-06 21:01:24,2025-10-06 21:01:23,385349,862689070136285,903,GTRTL,4.10,,698407,12366,80,00,1A,,,6,1,,,,,0.1,188,999.6,-20.671760,-44.739052,1.4,,,,,,,,,,,,,,,,,,,,,,,,,,,,,,
2025-10-06 22:10:43,2025-10-06 21:01:24,2025-10-06 21:01:23,385349,862689070136285,904,GTERI,4.10,00008200,698407,12366,80,00,1A,,,6,1,,,,,0.1,188,999.6,-20.671760,-44.739052,1.4,,0,0,0,0,,,,,,,,,,,,,,,,1,0.1,188,999.6,-44.739052,-20.671760,2025-10-06 21:01:23,6,1.4,10
2025-10-06 22:10:44,2025-10-06 22:01:08,2025-10-06 22:01:08,385349,862689070136285,905,GTDOG,,,,,,,,,,,,,,,,,,,,,,,,,,,,,,,,,,,,,,,,,,,,,,,,,,,
2025-10-06 22:10:45,2025-10-06 22:01:21,2025-10-06 22:00:05,385349,862689070136285,906,GTERI,4.04,00008200,698407,12616,80,00,16,,,14,1,0724,0023,5EAB,03E75797,82.7,190,799.9,-21.168792,-45.126642,1.4,,7,0,3,28,,,,,,,,,,,,,,,,1,82.7,190,799.9,-45.126642,-21.168792,2025-10-06 22:00:05,14,1.4,10
2025-10-06 22:10:46,2025-10-06 22:02:05,2025-10-06 22:02:04,385349,862689070136285,907,GTRTL,4.05,,698407,12616,80,00,1A,,,11,1,0724,0005,040B,4FAA,72.9,170,799.4,-21.189277,-45.116183,1.4,,,,,,,,,,,,,,,,,,,,,,,,,,,,,,
2025-10-06 22:10:47,2025-10-06 22:02:05,2025-10-06 22:02:04,385349,862689070136285,908,GTERI,4.05,00008200,698407,12616,80,00,1A,,,11,1,0724,0005,040B,4FAA,72.9,170,799.4,-21.189277,-45.116183,1.4,,9,0,1,1800,,,,,,,,,,,,,,,,1,72.9,170,799.4,-45.116183,-21.189277,2025-10-06 22:02:04,11,1.4,10
2025-10-06 23:12:05,2025-10-06 23:02:01,2025-10-06 23:00:43,385349,862689070136285,909,GTERI,3.84,00008200,698407,12608,80,00,16,,,11,1,0724,0002,AA3D,035B922D,45.9,264,873.7,-21.667553,-45.320762,1.4,,11,0,3,28,,,,,,,,,,,,,,,,1,45.9,264,873.7,-45.320762,-21.667553,2025-10-06 23:00:43,11,1.4,10
2025-10-06 23:12:48,2025-10-06 23:11:08,2025-10-06 23:11:08,385349,862689070136285,910,GTDOG,,,,,,,,,,,,,,,,,,,,,,,,,,,,,,,,,,,,,,,,,,,,,,,,,,,
2025-10-06 23:12:49,2025-10-06 23:12:26,2025-10-06 23:12:25,385349,862689070136285,911,GTRTL,3.83,,698407,12608,80,00,1A,,,14,1,0724,0023,5C53,C871,91.7,223,864.1,-21.761398,-45.410697,1.4,,,,,,,,,,,,,,,,,,,,,,,,,,,,,,
2025-10-06 23:12:50,2025-10-06 23:12:26,2025-10-06 23:12:25,385349,862689070136285,912,GTERI,3.83,00008200,698407,12608,80,00,1A,,,14,1,0724,0023,5C53,C871,91.7,223,864.1,-21.761398,-45.410697,1.4,,15,0,1,900,,,,,,,,,,,,,,,,1,91.7,223,864.1,-45.410697,-21.761398,2025-10-06 23:12:25,14,1.4,10
2025-10-07 00:22:17,2025-10-07 00:12:24,2025-10-07 00:11:07,385349,862689070136285,913,GTERI,4.18,00008200,698407,12446,80,00,11,,,13,1,0724,0023,680B,C761,5.7,201,860.4,-22.246398,-45.885162,1.4,,22,0,1,900,,,,,,,,,,,,,,,,1,5.7,201,860.4,-45.885162,-22.246398,2025-10-07 00:11:07,13,1.4,10
2025-10-07 00:23:04,2025-10-07 00:21:07,2025-10-07 00:21:06,385349,862689070136285,914,GTDOG,,,,,,,,,,,,,,,,,,,,,,,,,,,,,,,,,,,,,,,,,,,,,,,,,,,
2025-10-07 00:23:06,2025-10-07 00:22:24,2025-10-07 00:22:23,385349,862689070136285,915,GTRTL,4.18,,698407,12374,80,00,11,,,12,1,0724,0023,680B,C761,0.2,321,837.8,-22.246430,-45.885098,1.4,,,,,,,,,,,,,,,,,,,,,,,,,,,,,,
2025-10-07 00:23:10,2025-10-07 00:22:24,2025-10-07 00:22:23,385349,862689070136285,916,GTERI,4.18,00008200,698407,12374,80,00,11,,,12,1,0724,0023,680B,C761,0.2,321,837.8,-22.246430,-45.885098,1.4,,23,0,1,900,,,,,,,,,,,,,,,,1,0.2,321,837.8,-45.885098,-22.246430,2025-10-07 00:22:23,12,1.4,10
2025-10-07 01:22:22,2025-10-07 01:22:22,2025-10-07 01:19:59,385349,862689070136285,917,GTERI,4.13,00008200,698407,12600,80,00,11,,,14,1,0724,0023,680B,C761,0.0,321,837.8,-22.246430,-45.885098,1.4,,23,0,1,900,,,,,,,,,,,,,,,,1,0.0,321,837.8,-45.885098,-22.246430,2025-10-07 01:19:59,14,1.4,10
2025-10-07 02:29:06,2025-10-07 02:22:22,2025-10-07 02:20:05,385349,862689070136285,918,GTERI,4.02,00008200,698407,12592,80,00,16,,,11,1,0724,0023,6EAF,03E6C797,89.3,193,858.7,-22.311850,-45.903238,1.4,,11,0,3,28,,,,,,,,,,,,,,,,1,89.3,193,858.7,-45.903238,-22.311850,2025-10-07 02:20:05,11,1.4,10
2025-10-07 04:01:10,2025-10-07 03:22:22,2025-10-07 03:21:04,385349,862689070136285,919,GTERI,3.77,00008200,698407,12600,80,00,16,,,11,1,0724,0023,5BEF,03E77299,82.1,247,920.4,-22.812113,-46.288887,1.4,,4,0,0,0,,,,,,,,,,,,,,,,1,82.1,247,920.4,-46.288887,-22.812113,2025-10-07 03:21:04,11,1.4,10
2025-10-07 04:01:52,2025-10-07 03:39:05,2025-10-07 03:39:05,385349,862689070136285,921,GTRTL,4.02,,698407,12349,80,00,16,,,13,1,,,,,31.5,246,801.3,-22.927220,-46.457928,1.4,,,,,,,,,,,,,,,,,,,,,,,,,,,,,,
2025-10-07 04:01:52,2025-10-07 03:37:08,2025-10-07 03:37:07,385349,862689070136285,920,GTDOG,,,,,,,,,,,,,,,,,,,,,,,,,,,,,,,,,,,,,,,,,,,,,,,,,,,
2025-10-07 04:01:53,2025-10-07 03:39:05,2025-10-07 03:39:05,385349,862689070136285,922,GTERI,4.02,00008200,698407,12349,80,00,16,,,13,1,,,,,31.5,246,801.3,-22.927220,-46.457928,1.4,,0,0,0,0,,,,,,,,,,,,,,,,1,31.5,246,801.3,-46.457928,-22.927220,2025-10-07 03:39:05,13,1.4,10
2025-10-07 04:01:54,2025-10-07 04:00:15,2025-10-07 04:00:14,385349,862689070136285,923,GTDOG,,,,,,,,,,,,,,,,,,,,,,,,,,,,,,,,,,,,,,,,,,,,,,,,,,,
2025-10-07 04:01:55,2025-10-07 04:01:34,2025-10-07 04:01:33,385349,862689070136285,924,GTRTL,4.16,,698407,12357,80,00,1A,,,14,1,0724,0003,2847,15A5,80.1,285,775.6,-23.098168,-46.616310,1.4,,,,,,,,,,,,,,,,,,,,,,,,,,,,,,
2025-10-07 04:01:57,2025-10-07 04:01:34,2025-10-07 04:01:33,385349,862689070136285,925,GTERI,4.16,00008200,698407,12357,80,00,1A,,,14,1,0724,0003,2847,15A5,80.1,285,775.6,-23.098168,-46.616310,1.4,,16,0,1,1800,,,,,,,,,,,,,,,,1,80.1,285,775.6,-46.616310,-23.098168,2025-10-07 04:01:33,14,1.4,10
2025-10-07 05:02:08,2025-10-07 05:01:32,2025-10-07 04:59:13,385349,862689070136285,926,GTERI,4.15,00008200,698407,12584,80,00,11,,,14,1,0724,0003,1FAF,1736,61.3,217,745.2,-23.347113,-46.845128,1.4,,7,0,1,1800,,,,,,,,,,,,,,,,1,61.3,217,745.2,-46.845128,-23.347113,2025-10-07 04:59:13,14,1.4,10
2025-10-07 06:01:36,2025-10-07 06:01:32,2025-10-07 06:00:15,385349,862689070136285,927,GTERI,3.93,00008200,698407,12584,80,00,16,,,15,1,0724,0010,C6DF,0C371634,82.2,139,713.9,-23.912630,-46.990568,1.4,,7,0,2,28,,,,,,,,,,,,,,,,1,82.2,139,713.9,-46.990568,-23.912630,2025-10-07 06:00:15,15,1.4,10
2025-10-07 14:10:21,2025-10-07 07:01:32,2025-10-07 07:00:16,385349,862689070136285,928,GTERI,3.77,00008200,698407,12592,80,00,16,,,14,1,0724,0010,4FBD,0C499C98,24.2,241,93.3,-24.266730,-47.391485,1.4,,3,0,3,28,,,,,,,,,,,,,,,,1,24.2,241,93.3,-47.391485,-24.266730,2025-10-07 07:00:16,14,1.4,10
2025-10-07 14:10:22,2025-10-07 07:18:55,2025-10-07 07:18:54,385349,862689070136285,929,GTDOG,,,,,,,,,,,,,,,,,,,,,,,,,,,,,,,,,,,,,,,,,,,,,,,,,,,
2025-10-07 14:10:23,2025-10-07 07:20:14,2025-10-07 07:20:14,385349,862689070136285,930,GTRTL,3.91,,698407,12333,80,00,11,,,5,1,,,,,0.0,198,22.1,-24.339478,-47.644757,1.4,,,,,,,,,,,,,,,,,,,,,,,,,,,,,,
2025-10-07 14:10:24,2025-10-07 07:20:14,2025-10-07 07:20:14,385349,862689070136285,931,GTERI,3.91,00008200,698407,12333,80,00,11,,,5,1,,,,,0.0,198,22.1,-24.339478,-47.644757,1.4,,0,0,0,0,,,,,,,,,,,,,,,,1,0.0,198,22.1,-47.644757,-24.339478,2025-10-07 07:20:14,5,1.4,10
2025-10-07 14:10:25,2025-10-07 08:20:13,2025-10-07 08:18:58,385349,862689070136285,933,GTERI,4.18,00008200,698407,12374,80,00,16,,,15,1,0724,0005,0265,0067,62.5,239,80.0,-24.753788,-48.159735,1.4,,19,0,1,900,,,,,,,,,,,,,,,,1,62.5,239,80.0,-48.159735,-24.753788,2025-10-07 08:18:58,15,1.4,10
2025-10-07 14:10:25,2025-10-07 08:19:56,2025-10-07 08:19:57,385349,862689070136285,932,GTDOG,,,,,,,,,,,,,,,,,,,,,,,,,,,,,,,,,,,,,,,,,,,,,,,,,,,
2025-10-07 14:10:26,2025-10-07 08:20:53,2025-10-07 08:20:52,385349,862689070136285,934,GTRTL,4.18,,698407,12357,80,00,1A,,,15,1,0724,0005,0265,4FBE,70.8,184,41.8,-24.771990,-48.170495,1.4,,,,,,,,,,,,,,,,,,,,,,,,,,,,,,
2025-10-07 14:10:27,2025-10-07 08:20:53,2025-10-07 08:20:52,385349,862689070136285,935,GTERI,4.18,00008200,698407,12357,80,00,1A,,,15,1,0724,0005,0265,4FBE,70.8,184,41.8,-24.771990,-48.170495,1.4,,17,0,0,0,,,,,,,,,,,,,,,,1,70.8,184,41.8,-48.170495,-24.771990,2025-10-07 08:20:52,15,1.4,10
2025-10-07 14:10:28,2025-10-07 09:20:49,2025-10-07 09:19:33,385349,862689070136285,936,GTERI,3.91,00008200,698407,12576,80,00,11,,,13,1,0724,0003,A275,01504C2C,0.0,211,738.1,-25.004572,-48.508355,1.4,,11,0,3,28,,,,,,,,,,,,,,,,1,0.0,211,738.1,-48.508355,-25.004572,2025-10-07 09:19:33,13,1.4,10
2025-10-07 14:10:29,2025-10-07 09:21:46,2025-10-07 09:21:45,385349,862689070136285,938,GTRTL,3.88,,698407,12576,80,00,11,,,12,1,,,,,0.3,313,738.3,-25.004518,-48.508377,1.4,,,,,,,,,,,,,,,,,,,,,,,,,,,,,,
2025-10-07 14:10:29,2025-10-07 09:20:51,2025-10-07 09:20:51,385349,862689070136285,937,GTDOG,,,,,,,,,,,,,,,,,,,,,,,,,,,,,,,,,,,,,,,,,,,,,,,,,,,
2025-10-07 14:10:30,2025-10-07 09:21:46,2025-10-07 09:21:45,385349,862689070136285,939,GTERI,3.88,00008200,698407,12576,80,00,11,,,12,1,,,,,0.3,313,738.3,-25.004518,-48.508377,1.4,,0,0,0,0,,,,,,,,,,,,,,,,1,0.3,313,738.3,-48.508377,-25.004518,2025-10-07 09:21:45,12,1.4,10
2025-10-07 14:10:31,2025-10-07 10:21:44,2025-10-07 10:20:07,385349,862689070136285,940,GTERI,4.13,00008200,698407,12325,80,00,16,,,7,1,0724,0006,6235,07AA7498,0.0,261,741.2,-25.103293,-48.705950,1.4,,5,0,0,0,,,,,,,,,,,,,,,,1,0.0,261,741.2,-48.705950,-25.103293,2025-10-07 10:20:07,7,1.4,10
2025-10-07 14:10:32,2025-10-07 10:21:51,2025-10-07 10:21:51,385349,862689070136285,941,GTDOG,,,,,,,,,,,,,,,,,,,,,,,,,,,,,,,,,,,,,,,,,,,,,,,,,,,
2025-10-07 14:10:33,2025-10-07 10:22:47,2025-10-07 10:22:47,385349,862689070136285,943,GTERI,4.14,00008200,698407,12301,80,00,11,,,8,1,0724,0005,0731,4E84,98.2,243,691.1,-25.102368,-48.735208,1.4,,26,0,0,0,,,,,,,,,,,,,,,,1,98.2,243,691.1,-48.735208,-25.102368,2025-10-07 10:22:47,8,1.4,10
2025-10-07 14:10:33,2025-10-07 10:22:47,2025-10-07 10:22:47,385349,862689070136285,942,GTRTL,4.14,,698407,12301,80,00,11,,,8,1,0724,0005,0731,4E84,98.2,243,691.1,-25.102368,-48.735208,1.4,,,,,,,,,,,,,,,,,,,,,,,,,,,,,,
2025-10-07 14:10:34,2025-10-07 10:34:51,2025-10-07 10:34:51,385349,862689070136285,944,GTDOG,,,,,,,,,,,,,,,,,,,,,,,,,,,,,,,,,,,,,,,,,,,,,,,,,,,
2025-10-07 14:10:35,2025-10-07 10:36:08,2025-10-07 10:36:07,385349,862689070136285,945,GTRTL,4.18,,698407,12349,80,00,1A,,,11,1,0724,0004,5745,355E,65.3,178,846.4,-25.135515,-48.857303,1.4,,,,,,,,,,,,,,,,,,,,,,,,,,,,,,
2025-10-07 14:10:36,2025-10-07 10:36:08,2025-10-07 10:36:07,385349,862689070136285,946,GTERI,4.18,00008200,698407,12349,80,00,1A,,,11,1,0724,0004,5745,355E,65.3,178,846.4,-25.135515,-48.857303,1.4,,16,0,1,1800,,,,,,,,,,,,,,,,1,65.3,178,846.4,-48.857303,-25.135515,2025-10-07 10:36:07,11,1.4,10
2025-10-07 14:10:37,2025-10-07 10:46:54,2025-10-07 10:46:53,385349,862689070136285,948,GTRTL,4.18,,698407,12309,80,00,11,,,12,1,0724,0004,5745,354A,5.3,0,812.1,-25.217793,-48.905468,1.4,,,,,,,,,,,,,,,,,,,,,,,,,,,,,,
2025-10-07 14:10:37,2025-10-07 10:45:52,2025-10-07 10:45:52,385349,862689070136285,947,GTDOG,,,,,,,,,,,,,,,,,,,,,,,,,,,,,,,,,,,,,,,,,,,,,,,,,,,
2025-10-07 14:10:38,2025-10-07 10:46:54,2025-10-07 10:46:53,385349,862689070136285,949,GTERI,4.18,00008200,698407,12309,80,00,11,,,12,1,0724,0004,5745,354A,5.3,0,812.1,-25.217793,-48.905468,1.4,,8,0,1,1800,,,,,,,,,,,,,,,,1,5.3,0,812.1,-48.905468,-25.217793,2025-10-07 10:46:53,12,1.4,10
2025-10-07 14:10:39,2025-10-07 10:56:52,2025-10-07 10:56:52,385349,862689070136285,950,GTDOG,,,,,,,,,,,,,,,,,,,,,,,,,,,,,,,,,,,,,,,,,,,,,,,,,,,
2025-10-07 14:10:40,2025-10-07 10:57:53,2025-10-07 10:57:52,385349,862689070136285,951,GTRTL,4.18,,698407,12357,80,00,11,,,13,1,0724,0004,5745,3555,1.1,7,776.2,-25.218147,-48.905367,1.4,,,,,,,,,,,,,,,,,,,,,,,,,,,,,,
2025-10-07 14:10:41,2025-10-07 10:57:53,2025-10-07 10:57:52,385349,862689070136285,952,GTERI,4.18,00008200,698407,12357,80,00,11,,,13,1,0724,0004,5745,3555,1.1,7,776.2,-25.218147,-48.905367,1.4,,9,0,1,900,,,,,,,,,,,,,,,,1,1.1,7,776.2,-48.905367,-25.218147,2025-10-07 10:57:52,13,1.4,10
2025-10-07 14:10:42,2025-10-07 11:08:48,2025-10-07 11:08:48,385349,862689070136285,954,GTRTL,4.18,,698407,12357,80,00,11,,,11,1,0724,0005,0731,4E57,1.2,82,785.4,-25.218048,-48.905353,1.4,,,,,,,,,,,,,,,,,,,,,,,,,,,,,,
2025-10-07 14:10:42,2025-10-07 11:07:52,2025-10-07 11:07:52,385349,862689070136285,953,GTDOG,,,,,,,,,,,,,,,,,,,,,,,,,,,,,,,,,,,,,,,,,,,,,,,,,,,
2025-10-07 14:10:43,2025-10-07 11:08:48,2025-10-07 11:08:48,385349,862689070136285,955,GTERI,4.18,00008200,698407,12357,80,00,11,,,11,1,0724,0005,0731,4E57,1.2,82,785.4,-25.218048,-48.905353,1.4,,24,0,0,0,,,,,,,,,,,,,,,,1,1.2,82,785.4,-48.905353,-25.218048,2025-10-07 11:08:48,11,1.4,10
2025-10-07 14:10:44,2025-10-07 12:08:46,2025-10-07 12:06:29,385349,862689070136285,956,GTERI,3.91,00008200,698407,12568,80,00,16,,,12,1,0724,0005,0731,4E97,76.0,209,835.9,-25.266632,-48.916892,1.4,,15,0,1,900,,,,,,,,,,,,,,,,1,76.0,209,835.9,-48.916892,-25.266632,2025-10-07 12:06:29,12,1.4,10
2025-10-07 14:10:45,2025-10-07 12:08:53,2025-10-07 12:08:53,385349,862689070136285,957,GTDOG,,,,,,,,,,,,,,,,,,,,,,,,,,,,,,,,,,,,,,,,,,,,,,,,,,,
2025-10-07 14:10:46,2025-10-07 12:09:49,2025-10-07 12:09:48,385349,862689070136285,958,GTRTL,3.87,,698407,12560,80,00,1A,,,15,1,0724,0005,0731,4E97,51.5,228,865.2,-25.295677,-48.937500,1.4,,,,,,,,,,,,,,,,,,,,,,,,,,,,,,
2025-10-07 14:10:47,2025-10-07 13:09:45,2025-10-07 13:08:30,385349,862689070136285,960,GTERI,3.94,00008200,698407,12309,80,00,16,,,17,1,0724,0004,AC7A,041FC32C,75.2,149,941.9,-25.837673,-49.107680,1.4,,20,0,3,28,,,,,,,,,,,,,,,,1,75.2,149,941.9,-49.107680,-25.837673,2025-10-07 13:08:30,17,1.4,10
2025-10-07 14:10:47,2025-10-07 12:09:49,2025-10-07 12:09:48,385349,862689070136285,959,GTERI,3.87,00008200,698407,12560,80,00,1A,,,15,1,0724,0005,0731,4E97,51.5,228,865.2,-25.295677,-48.937500,1.4,,16,0,0,0,,,,,,,,,,,,,,,,1,51.5,228,865.2,-48.937500,-25.295677,2025-10-07 12:09:48,15,1.4,10
2025-10-07 14:10:48,2025-10-07 13:09:52,2025-10-07 13:09:53,385349,862689070136285,961,GTDOG,,,,,,,,,,,,,,,,,,,,,,,,,,,,,,,,,,,,,,,,,,,,,,,,,,,
2025-10-07 14:10:49,2025-10-07 13:10:50,2025-10-07 13:10:49,385349,862689070136285,962,GTRTL,3.96,,698407,12325,80,00,1A,,,16,1,0724,0005,0605,00F4,79.0,89,894.6,-25.845255,-49.078977,1.4,,,,,,,,,,,,,,,,,,,,,,,,,,,,,,
2025-10-07 14:10:50,2025-10-07 13:10:50,2025-10-07 13:10:49,385349,862689070136285,963,GTERI,3.96,00008200,698407,12325,80,00,1A,,,16,1,0724,0005,0605,00F4,79.0,89,894.6,-25.845255,-49.078977,1.4,,13,0,0,0,,,,,,,,,,,,,,,,1,79.0,89,894.6,-49.078977,-25.845255,2025-10-07 13:10:49,16,1.4,10
2025-10-07 14:10:51,2025-10-07 14:10:16,2025-10-07 14:10:15,385349,862689070136285,965,GTRTL,4.18,,698407,12341,80,00,1A,,,17,1,0724,0004,6D2B,6629,81.8,143,25.7,-26.327368,-48.864603,1.4,,,,,,,,,,,,,,,,,,,,,,,,,,,,,,
2025-10-07 14:10:51,2025-10-07 14:08:50,2025-10-07 14:08:50,385349,862689070136285,964,GTDOG,,,,,,,,,,,,,,,,,,,,,,,,,,,,,,,,,,,,,,,,,,,,,,,,,,,
2025-10-07 14:10:52,2025-10-07 14:10:16,2025-10-07 14:10:15,385349,862689070136285,966,GTERI,4.18,00008200,698407,12341,80,00,1A,,,17,1,0724,0004,6D2B,6629,81.8,143,25.7,-26.327368,-48.864603,1.4,,22,0,1,1800,,,,,,,,,,,,,,,,1,81.8,143,25.7,-48.864603,-26.327368,2025-10-07 14:10:15,17,1.4,10
2025-10-07 15:47:47,2025-10-07 15:10:15,2025-10-07 15:08:59,385349,862689070136285,967,GTERI,4.01,00008200,698407,12560,80,00,1A,,,17,1,0724,0004,7113,4258,34.7,226,13.8,-26.843210,-48.718080,1.4,,19,0,0,0,,,,,,,,,,,,,,,,1,34.7,226,13.8,-48.718080,-26.843210,2025-10-07 15:08:59,17,1.4,10
2025-10-07 15:47:48,2025-10-07 15:21:50,2025-10-07 15:21:49,385349,862689070136285,970,GTERI,4.01,00008200,698407,12551,80,00,11,,,17,1,0724,0004,7113,5605,7.2,155,15.6,-26.886152,-48.723582,1.4,,12,0,1,1800,,,,,,,,,,,,,,,,1,7.2,155,15.6,-48.723582,-26.886152,2025-10-07 15:21:49,17,1.4,10
2025-10-07 15:47:48,2025-10-07 15:21:50,2025-10-07 15:21:49,385349,862689070136285,969,GTRTL,4.01,,698407,12551,80,00,11,,,17,1,0724,0004,7113,5605,7.2,155,15.6,-26.886152,-48.723582,1.4,,,,,,,,,,,,,,,,,,,,,,,,,,,,,,
2025-10-07 15:47:48,2025-10-07 15:20:53,2025-10-07 15:20:52,385349,862689070136285,968,GTDOG,,,,,,,,,,,,,,,,,,,,,,,,,,,,,,,,,,,,,,,,,,,,,,,,,,,
2025-10-07 15:47:49,2025-10-07 15:31:49,2025-10-07 15:31:49,385349,862689070136285,971,GTDOG,,,,,,,,,,,,,,,,,,,,,,,,,,,,,,,,,,,,,,,,,,,,,,,,,,,
2025-10-07 15:47:50,2025-10-07 15:33:08,2025-10-07 15:33:07,385349,862689070136285,972,GTRTL,3.99,,698407,12560,80,00,11,,,18,1,0724,0004,7113,5605,0.1,351,22.5,-26.887992,-48.723323,1.4,,,,,,,,,,,,,,,,,,,,,,,,,,,,,,
2025-10-07 15:47:51,2025-10-07 15:42:50,2025-10-07 15:42:48,385349,862689070136285,974,GTDOG,,,,,,,,,,,,,,,,,,,,,,,,,,,,,,,,,,,,,,,,,,,,,,,,,,,
2025-10-07 15:47:51,2025-10-07 15:33:08,2025-10-07 15:33:07,385349,862689070136285,973,GTERI,3.99,00008200,698407,12560,80,00,11,,,18,1,0724,0004,7113,5605,0.1,351,22.5,-26.887992,-48.723323,1.4,,10,0,1,1800,,,,,,,,,,,,,,,,1,0.1,351,22.5,-48.723323,-26.887992,2025-10-07 15:33:07,18,1.4,10
2025-10-07 15:47:52,2025-10-07 15:44:08,2025-10-07 15:44:08,385349,862689070136285,975,GTRTL,3.97,,698407,12560,80,00,11,,,17,1,0724,0004,7113,5605,0.2,286,24.9,-26.887983,-48.723327,1.4,,,,,,,,,,,,,,,,,,,,,,,,,,,,,,
2025-10-07 15:47:53,2025-10-07 15:44:08,2025-10-07 15:44:08,385349,862689070136285,976,GTERI,3.97,00008200,698407,12560,80,00,11,,,17,1,0724,0004,7113,5605,0.2,286,24.9,-26.887983,-48.723327,1.4,,8,0,1,1800,,,,,,,,,,,,,,,,1,0.2,286,24.9,-48.723327,-26.887983,2025-10-07 15:44:08,17,1.4,10
2025-10-07 16:27:56,2025-10-07 16:27:13,2025-10-07 15:44:08,385349,862689070136285,977,GTINF,4.04,,698407,12560,80,00,11,,,,,,,,,,,,,,,,8,0,,,89551805000580221920,1,0,1,+0000,0,,,,,,,,,,,,,,,,,,,
2025-10-07 16:44:48,2025-10-07 16:44:07,2025-10-07 16:41:45,385349,862689070136285,978,GTERI,4.02,00008200,698407,12568,80,00,11,,,15,1,0724,0004,7113,5605,0.0,286,24.9,-26.887983,-48.723327,1.4,,8,0,1,1800,,,,,,,,,,,,,,,,1,0.0,286,24.9,-48.723327,-26.887983,2025-10-07 16:41:45,15,1.4,10
2025-10-07 17:44:10,2025-10-07 17:44:07,2025-10-07 17:41:45,385349,862689070136285,979,GTERI,3.99,00008200,698407,12568,80,00,11,,,14,1,0724,0004,7113,5605,0.0,286,24.9,-26.887983,-48.723327,1.4,,10,0,1,1800,,,,,,,,,,,,,,,,1,0.0,286,24.9,-48.723327,-26.887983,2025-10-07 17:41:45,14,1.4,10
2025-10-07 18:45:28,2025-10-07 18:44:07,2025-10-07 18:41:45,385349,862689070136285,980,GTERI,3.97,00008200,698407,12568,80,00,11,,,13,1,0724,0004,7113,5605,0.0,286,24.9,-26.887983,-48.723327,1.4,,9,0,1,1800,,,,,,,,,,,,,,,,1,0.0,286,24.9,-48.723327,-26.887983,2025-10-07 18:41:45,13,1.4,10
2025-10-07 20:53:22,2025-10-07 19:44:07,2025-10-07 19:42:02,385349,862689070136285,981,GTERI,3.80,00008200,698407,12568,80,00,16,,,5,1,0724,0006,5043,07AD6697,5.0,167,8.3,-27.133520,-48.609810,1.4,,31,0,0,0,,,,,,,,,,,,,,,,1,5.0,167,8.3,-48.609810,-27.133520,2025-10-07 19:42:02,5,1.4,10
2025-10-07 20:54:44,2025-10-07 20:27:02,2025-10-07 20:27:01,385349,862689070136285,983,GTRTL,4.02,,698407,12317,80,00,1A,,,7,1,0724,0004,67B4,2E41,0.3,196,-27.6,-27.133520,-48.619540,1.4,,,,,,,,,,,,,,,,,,,,,,,,,,,,,,
2025-10-07 20:54:44,2025-10-07 20:25:54,2025-10-07 20:25:54,385349,862689070136285,982,GTDOG,,,,,,,,,,,,,,,,,,,,,,,,,,,,,,,,,,,,,,,,,,,,,,,,,,,
2025-10-07 20:54:45,2025-10-07 20:39:34,2025-10-07 20:39:34,385349,862689070136285,985,GTDOG,,,,,,,,,,,,,,,,,,,,,,,,,,,,,,,,,,,,,,,,,,,,,,,,,,,
2025-10-07 20:54:45,2025-10-07 20:27:02,2025-10-07 20:27:01,385349,862689070136285,984,GTERI,4.02,00008200,698407,12317,80,00,1A,,,7,1,0724,0004,67B4,2E41,0.3,196,-27.6,-27.133520,-48.619540,1.4,,13,0,1,1800,,,,,,,,,,,,,,,,1,0.3,196,-27.6,-48.619540,-27.133520,2025-10-07 20:27:01,7,1.4,10
2025-10-07 20:54:46,2025-10-07 20:41:32,2025-10-07 20:41:31,385349,862689070136285,987,GTERI,4.09,00008200,698407,12309,80,00,11,,,15,1,0724,0005,060C,4EDB,0.2,193,19.0,-27.694600,-48.662890,1.4,,24,0,0,0,,,,,,,,,,,,,,,,1,0.2,193,19.0,-48.662890,-27.694600,2025-10-07 20:41:31,15,1.4,10
2025-10-07 20:54:46,2025-10-07 20:41:32,2025-10-07 20:41:31,385349,862689070136285,986,GTRTL,4.09,,698407,12309,80,00,11,,,15,1,0724,0005,060C,4EDB,0.2,193,19.0,-27.694600,-48.662890,1.4,,,,,,,,,,,,,,,,,,,,,,,,,,,,,,
2025-10-07 20:54:47,2025-10-07 20:52:29,2025-10-07 20:52:29,385349,862689070136285,988,GTDOG,,,,,,,,,,,,,,,,,,,,,,,,,,,,,,,,,,,,,,,,,,,,,,,,,,,
2025-10-07 20:54:48,2025-10-07 20:53:46,2025-10-07 20:53:46,385349,862689070136285,990,GTERI,4.16,00008200,698407,12333,80,00,11,,,16,1,0724,0004,6750,2EC4,0.4,332,31.4,-27.694602,-48.662880,1.4,,26,0,1,1800,,,,,,,,,,,,,,,,1,0.4,332,31.4,-48.662880,-27.694602,2025-10-07 20:53:46,16,1.4,10
2025-10-07 20:54:48,2025-10-07 20:53:46,2025-10-07 20:53:46,385349,862689070136285,989,GTRTL,4.16,,698407,12333,80,00,11,,,16,1,0724,0004,6750,2EC4,0.4,332,31.4,-27.694602,-48.662880,1.4,,,,,,,,,,,,,,,,,,,,,,,,,,,,,,
2025-10-07 21:53:45,2025-10-07 21:53:45,2025-10-07 21:51:23,385349,862689070136285,991,GTERI,4.15,00008200,698407,12560,80,00,11,,,15,1,0724,0004,6750,2EC4,0.0,332,31.4,-27.694602,-48.662880,1.4,,26,0,1,1800,,,,,,,,,,,,,,,,1,0.0,332,31.4,-48.662880,-27.694602,2025-10-07 21:51:23,15,1.4,10
2025-10-07 22:53:45,2025-10-07 22:53:45,2025-10-07 22:51:23,385349,862689070136285,992,GTERI,4.11,00008200,698407,12560,80,00,11,,,13,1,0724,0004,6750,2EC4,0.0,332,31.4,-27.694602,-48.662880,1.4,,26,0,1,1800,,,,,,,,,,,,,,,,1,0.0,332,31.4,-48.662880,-27.694602,2025-10-07 22:51:23,13,1.4,10
2025-10-07 23:53:45,2025-10-07 23:53:45,2025-10-07 23:51:24,385349,862689070136285,993,GTERI,4.09,00008200,698407,12560,80,00,11,,,11,1,0724,0004,6750,2EC4,0.0,332,31.4,-27.694602,-48.662880,1.4,,26,0,1,1800,,,,,,,,,,,,,,,,1,0.0,332,31.4,-48.662880,-27.694602,2025-10-07 23:51:24,11,1.4,10
2025-10-08 00:53:45,2025-10-08 00:53:45,2025-10-08 00:51:24,385349,862689070136285,994,GTERI,4.07,00008200,698407,12560,80,00,11,,,11,1,0724,0004,6750,2EC4,0.0,332,31.4,-27.694602,-48.662880,1.4,,26,0,1,1800,,,,,,,,,,,,,,,,1,0.0,332,31.4,-48.662880,-27.694602,2025-10-08 00:51:24,11,1.4,10
2025-10-08 01:53:45,2025-10-08 01:53:45,2025-10-08 01:51:23,385349,862689070136285,995,GTERI,4.05,00008200,698407,12560,80,00,11,,,17,1,0724,0004,6750,2EC4,0.0,332,31.4,-27.694602,-48.662880,1.4,,26,0,1,1800,,,,,,,,,,,,,,,,1,0.0,332,31.4,-48.662880,-27.694602,2025-10-08 01:51:23,17,1.4,10
2025-10-08 02:53:45,2025-10-08 02:53:45,2025-10-08 02:51:23,385349,862689070136285,996,GTERI,4.02,00008200,698407,12560,80,00,11,,,13,1,0724,0004,6750,2EC4,0.0,332,31.4,-27.694602,-48.662880,1.4,,26,0,1,1800,,,,,,,,,,,,,,,,1,0.0,332,31.4,-48.662880,-27.694602,2025-10-08 02:51:23,13,1.4,10
2025-10-08 03:53:45,2025-10-08 03:53:45,2025-10-08 03:51:23,385349,862689070136285,997,GTERI,3.99,00008200,698407,12560,80,00,11,,,13,1,0724,0004,6750,2EC4,0.0,332,31.4,-27.694602,-48.662880,1.4,,26,0,1,1800,,,,,,,,,,,,,,,,1,0.0,332,31.4,-48.662880,-27.694602,2025-10-08 03:51:23,13,1.4,10
2025-10-08 03:54:25,2025-10-08 03:53:45,2025-10-08 03:51:23,385349,862689070136285,997,GTERI,3.99,00008200,698407,12560,80,00,11,,,13,1,0724,0004,6750,2EC4,0.0,332,31.4,-27.694602,-48.662880,1.4,,26,0,1,1800,,,,,,,,,,,,,,,,1,0.0,332,31.4,-48.662880,-27.694602,2025-10-08 03:51:23,13,1.4,10
2025-10-08 03:55:05,2025-10-08 03:53:45,2025-10-08 03:51:23,385349,862689070136285,997,GTERI,3.99,00008200,698407,12560,80,00,11,,,13,1,0724,0004,6750,2EC4,0.0,332,31.4,-27.694602,-48.662880,1.4,,26,0,1,1800,,,,,,,,,,,,,,,,1,0.0,332,31.4,-48.662880,-27.694602,2025-10-08 03:51:23,13,1.4,10
2025-10-08 03:55:45,2025-10-08 03:53:45,2025-10-08 03:51:23,385349,862689070136285,997,GTERI,3.99,00008200,698407,12560,80,00,11,,,13,1,0724,0004,6750,2EC4,0.0,332,31.4,-27.694602,-48.662880,1.4,,26,0,1,1800,,,,,,,,,,,,,,,,1,0.0,332,31.4,-48.662880,-27.694602,2025-10-08 03:51:23,13,1.4,10
2025-10-08 03:57:05,2025-10-08 03:53:45,2025-10-08 03:51:23,385349,862689070136285,997,GTERI,3.99,00008200,698407,12560,80,00,11,,,13,1,0724,0004,6750,2EC4,0.0,332,31.4,-27.694602,-48.662880,1.4,,26,0,1,1800,,,,,,,,,,,,,,,,1,0.0,332,31.4,-48.662880,-27.694602,2025-10-08 03:51:23,13,1.4,10
2025-10-08 03:57:45,2025-10-08 03:53:45,2025-10-08 03:51:23,385349,862689070136285,997,GTERI,3.99,00008200,698407,12560,80,00,11,,,13,1,0724,0004,6750,2EC4,0.0,332,31.4,-27.694602,-48.662880,1.4,,26,0,1,1800,,,,,,,,,,,,,,,,1,0.0,332,31.4,-48.662880,-27.694602,2025-10-08 03:51:23,13,1.4,10
2025-10-08 03:58:25,2025-10-08 03:53:45,2025-10-08 03:51:23,385349,862689070136285,997,GTERI,3.99,00008200,698407,12560,80,00,11,,,13,1,0724,0004,6750,2EC4,0.0,332,31.4,-27.694602,-48.662880,1.4,,26,0,1,1800,,,,,,,,,,,,,,,,1,0.0,332,31.4,-48.662880,-27.694602,2025-10-08 03:51:23,13,1.4,10
2025-10-08 03:59:05,2025-10-08 03:53:45,2025-10-08 03:51:23,385349,862689070136285,997,GTERI,3.99,00008200,698407,12560,80,00,11,,,13,1,0724,0004,6750,2EC4,0.0,332,31.4,-27.694602,-48.662880,1.4,,26,0,1,1800,,,,,,,,,,,,,,,,1,0.0,332,31.4,-48.662880,-27.694602,2025-10-08 03:51:23,13,1.4,10
2025-10-08 04:00:25,2025-10-08 03:53:45,2025-10-08 03:51:23,385349,862689070136285,997,GTERI,3.99,00008200,698407,12560,80,00,11,,,13,1,0724,0004,6750,2EC4,0.0,332,31.4,-27.694602,-48.662880,1.4,,26,0,1,1800,,,,,,,,,,,,,,,,1,0.0,332,31.4,-48.662880,-27.694602,2025-10-08 03:51:23,13,1.4,10
2025-10-08 04:01:05,2025-10-08 03:53:45,2025-10-08 03:51:23,385349,862689070136285,997,GTERI,3.99,00008200,698407,12560,80,00,11,,,13,1,0724,0004,6750,2EC4,0.0,332,31.4,-27.694602,-48.662880,1.4,,26,0,1,1800,,,,,,,,,,,,,,,,1,0.0,332,31.4,-48.662880,-27.694602,2025-10-08 03:51:23,13,1.4,10
2025-10-08 04:01:45,2025-10-08 03:53:45,2025-10-08 03:51:23,385349,862689070136285,997,GTERI,3.99,00008200,698407,12560,80,00,11,,,13,1,0724,0004,6750,2EC4,0.0,332,31.4,-27.694602,-48.662880,1.4,,26,0,1,1800,,,,,,,,,,,,,,,,1,0.0,332,31.4,-48.662880,-27.694602,2025-10-08 03:51:23,13,1.4,10
2025-10-08 04:02:25,2025-10-08 03:53:45,2025-10-08 03:51:23,385349,862689070136285,997,GTERI,3.99,00008200,698407,12560,80,00,11,,,13,1,0724,0004,6750,2EC4,0.0,332,31.4,-27.694602,-48.662880,1.4,,26,0,1,1800,,,,,,,,,,,,,,,,1,0.0,332,31.4,-48.662880,-27.694602,2025-10-08 03:51:23,13,1.4,10
2025-10-08 04:14:19,2025-10-08 03:53:45,2025-10-08 03:51:23,385349,862689070136285,997,GTERI,3.99,00008200,698407,12560,80,00,11,,,13,1,0724,0004,6750,2EC4,0.0,332,31.4,-27.694602,-48.662880,1.4,,26,0,1,1800,,,,,,,,,,,,,,,,1,0.0,332,31.4,-48.662880,-27.694602,2025-10-08 03:51:23,13,1.4,10
2025-10-08 04:15:00,2025-10-08 04:02:28,2025-10-08 04:02:27,385349,862689070136285,998,GTDOG,,,,,,,,,,,,,,,,,,,,,,,,,,,,,,,,,,,,,,,,,,,,,,,,,,,
2025-10-08 04:15:01,2025-10-08 04:03:46,2025-10-08 04:03:45,385349,862689070136285,1000,GTERI,3.86,00008200,698407,12560,80,00,11,,,14,1,0724,0004,6750,2EC4,0.3,90,-0.5,-27.694715,-48.662630,1.4,,26,0,1,1800,,,,,,,,,,,,,,,,1,0.3,90,-0.5,-48.662630,-27.694715,2025-10-08 04:03:45,14,1.4,10
2025-10-08 04:15:01,2025-10-08 04:03:46,2025-10-08 04:03:45,385349,862689070136285,999,GTRTL,3.86,,698407,12560,80,00,11,,,14,1,0724,0004,6750,2EC4,0.3,90,-0.5,-27.694715,-48.662630,1.4,,,,,,,,,,,,,,,,,,,,,,,,,,,,,,
2025-10-08 04:15:02,2025-10-08 04:13:26,2025-10-08 04:13:24,385349,862689070136285,1001,GTDOG,,,,,,,,,,,,,,,,,,,,,,,,,,,,,,,,,,,,,,,,,,,,,,,,,,,
2025-10-08 04:15:03,2025-10-08 04:14:43,2025-10-08 04:14:42,385349,862689070136285,1002,GTRTL,3.89,,698407,12560,80,00,11,,,14,1,0724,0004,6750,2EC4,0.1,307,-20.6,-27.694622,-48.663110,1.4,,,,,,,,,,,,,,,,,,,,,,,,,,,,,,
2025-10-08 04:15:04,2025-10-08 04:14:43,2025-10-08 04:14:42,385349,862689070136285,1003,GTERI,3.89,00008200,698407,12560,80,00,11,,,14,1,0724,0004,6750,2EC4,0.1,307,-20.6,-27.694622,-48.663110,1.4,,26,0,1,1800,,,,,,,,,,,,,,,,1,0.1,307,-20.6,-48.663110,-27.694622,2025-10-08 04:14:42,14,1.4,10
2025-10-08 05:14:41,2025-10-08 05:14:41,2025-10-08 05:12:18,385349,862689070136285,1004,GTERI,3.96,00008200,698407,12551,80,00,11,,,13,1,0724,0004,6750,2EC4,0.0,307,-20.6,-27.694622,-48.663110,1.4,,27,0,1,1800,,,,,,,,,,,,,,,,1,0.0,307,-20.6,-48.663110,-27.694622,2025-10-08 05:12:18,13,1.4,10
2025-10-08 06:46:26,2025-10-08 06:14:41,2025-10-08 06:13:04,385349,862689070136285,1005,GTERI,4.19,00008200,698407,12390,80,00,16,,,12,1,0724,0004,6818,384C,84.9,200,135.3,-28.308527,-48.722080,1.4,,17,0,1,1800,,,,,,,,,,,,,,,,1,84.9,200,135.3,-48.722080,-28.308527,2025-10-08 06:13:04,12,1.4,10
2025-10-08 06:47:48,2025-10-08 06:23:29,2025-10-08 06:23:28,385349,862689070136285,1006,GTDOG,,,,,,,,,,,,,,,,,,,,,,,,,,,,,,,,,,,,,,,,,,,,,,,,,,,
2025-10-08 06:47:49,2025-10-08 06:24:45,2025-10-08 06:24:44,385349,862689070136285,1007,GTRTL,4.18,,698407,12357,80,00,1A,,,14,1,0724,0004,6818,4280,87.7,210,47.7,-28.432518,-48.805497,1.4,,,,,,,,,,,,,,,,,,,,,,,,,,,,,,
2025-10-08 06:47:50,2025-10-08 06:34:30,2025-10-08 06:34:29,385349,862689070136285,1009,GTDOG,,,,,,,,,,,,,,,,,,,,,,,,,,,,,,,,,,,,,,,,,,,,,,,,,,,
2025-10-08 06:47:50,2025-10-08 06:24:45,2025-10-08 06:24:44,385349,862689070136285,1008,GTERI,4.18,00008200,698407,12357,80,00,1A,,,14,1,0724,0004,6818,4280,87.7,210,47.7,-28.432518,-48.805497,1.4,,20,0,1,1800,,,,,,,,,,,,,,,,1,87.7,210,47.7,-48.805497,-28.432518,2025-10-08 06:24:44,14,1.4,10
2025-10-08 06:47:51,2025-10-08 06:35:46,2025-10-08 06:35:45,385349,862689070136285,1011,GTERI,4.18,00008200,698407,12357,80,00,1A,,,16,1,0724,0004,6688,4353,74.9,236,53.8,-28.429430,-48.951088,1.4,,19,0,1,1800,,,,,,,,,,,,,,,,1,74.9,236,53.8,-48.951088,-28.429430,2025-10-08 06:35:45,16,1.4,10
2025-10-08 06:47:51,2025-10-08 06:35:45,2025-10-08 06:35:45,385349,862689070136285,1010,GTRTL,4.18,,698407,12357,80,00,1A,,,16,1,0724,0004,6688,4353,74.9,236,53.8,-28.429430,-48.951088,1.4,,,,,,,,,,,,,,,,,,,,,,,,,,,,,,
2025-10-08 06:47:52,2025-10-08 06:46:50,2025-10-08 06:46:49,385349,862689070136285,1013,GTRTL,4.19,,698407,12366,80,00,1A,,,17,1,0724,0004,6818,429F,86.4,178,75.5,-28.526648,-49.056342,1.4,,,,,,,,,,,,,,,,,,,,,,,,,,,,,,
2025-10-08 06:47:52,2025-10-08 06:45:31,2025-10-08 06:45:29,385349,862689070136285,1012,GTDOG,,,,,,,,,,,,,,,,,,,,,,,,,,,,,,,,,,,,,,,,,,,,,,,,,,,
2025-10-08 06:47:53,2025-10-08 06:46:50,2025-10-08 06:46:49,385349,862689070136285,1014,GTERI,4.19,00008200,698407,12366,80,00,1A,,,17,1,0724,0004,6818,429F,86.4,178,75.5,-28.526648,-49.056342,1.4,,12,0,1,1800,,,,,,,,,,,,,,,,1,86.4,178,75.5,-49.056342,-28.526648,2025-10-08 06:46:49,17,1.4,10
2025-10-08 07:56:34,2025-10-08 07:55:37,2025-10-08 07:55:36,385349,862689070136285,1016,GTDOG,,,,,,,,,,,,,,,,,,,,,,,,,,,,,,,,,,,,,,,,,,,,,,,,,,,
2025-10-08 07:56:34,2025-10-08 07:46:49,2025-10-08 07:45:31,385349,862689070136285,1015,GTERI,3.98,00008200,698407,12535,80,00,16,,,15,1,0724,0004,6688,A476,21.7,247,-43.0,-29.016545,-49.583580,1.4,,10,0,1,1800,,,,,,,,,,,,,,,,1,21.7,247,-43.0,-49.583580,-29.016545,2025-10-08 07:45:31,15,1.4,10
2025-10-08 07:56:38,2025-10-08 07:56:37,2025-10-08 07:56:37,385349,862689070136285,1018,GTERI,3.86,00008200,698407,12535,80,00,1A,,,15,1,0724,0004,6818,4372,85.4,250,-41.4,-29.125788,-49.673647,1.4,,14,0,1,1800,,,,,,,,,,,,,,,,1,85.4,250,-41.4,-49.673647,-29.125788,2025-10-08 07:56:37,15,1.4,10
2025-10-08 07:56:38,2025-10-08 07:56:37,2025-10-08 07:56:37,385349,862689070136285,1017,GTRTL,3.86,,698407,12535,80,00,1A,,,15,1,0724,0004,6818,4372,85.4,250,-41.4,-29.125788,-49.673647,1.4,,,,,,,,,,,,,,,,,,,,,,,,,,,,,,
2025-10-08 09:15:38,2025-10-08 08:56:35,2025-10-08 08:55:19,385349,862689070136285,1019,GTERI,3.88,00008200,698407,12543,80,00,16,,,14,1,0724,0006,2F13,16D3,44.6,216,39.6,-29.625855,-50.099615,1.4,,15,0,1,850,,,,,,,,,,,,,,,,1,44.6,216,39.6,-50.099615,-29.625855,2025-10-08 08:55:19,14,1.4,10
2025-10-08 09:15:39,2025-10-08 09:05:37,2025-10-08 09:05:38,385349,862689070136285,1020,GTDOG,,,,,,,,,,,,,,,,,,,,,,,,,,,,,,,,,,,,,,,,,,,,,,,,,,,
2025-10-08 09:15:40,2025-10-08 09:07:40,2025-10-08 09:07:39,385349,862689070136285,1021,GTRTL,4.01,,698407,12293,80,00,16,,,10,1,0724,0006,5623,0AB0DE97,81.2,190,43.9,-29.742055,-50.210508,1.4,,,,,,,,,,,,,,,,,,,,,,,,,,,,,,
2025-10-08 09:15:41,2025-10-08 09:07:40,2025-10-08 09:07:39,385349,862689070136285,1022,GTERI,4.01,00008200,698407,12293,80,00,16,,,10,1,0724,0006,5623,0AB0DE97,81.2,190,43.9,-29.742055,-50.210508,1.4,,1,0,3,28,,,,,,,,,,,,,,,,1,81.2,190,43.9,-50.210508,-29.742055,2025-10-08 09:07:39,10,1.4,10
2025-10-08 10:24:20,2025-10-08 10:07:36,2025-10-08 10:05:42,385349,862689070136285,1023,GTERI,4.18,00008200,698407,12325,80,00,16,,,8,1,0724,0006,C44B,0AB18E16,88.1,264,7.4,-29.880570,-50.519080,1.4,,18,0,2,3,,,,,,,,,,,,,,,,1,88.1,264,7.4,-50.519080,-29.880570,2025-10-08 10:05:42,8,1.4,10
2025-10-08 10:24:21,2025-10-08 10:22:19,2025-10-08 10:22:19,385349,862689070136285,1024,GTDOG,,,,,,,,,,,,,,,,,,,,,,,,,,,,,,,,,,,,,,,,,,,,,,,,,,,
2025-10-08 10:24:22,2025-10-08 10:23:37,2025-10-08 10:23:37,385349,862689070136285,1025,GTRTL,4.05,,698407,12543,80,00,1A,,,14,1,0724,0006,00FB,1FA5,89.6,265,16.0,-29.912527,-50.797295,1.4,,,,,,,,,,,,,,,,,,,,,,,,,,,,,,
2025-10-08 10:24:23,2025-10-08 10:23:37,2025-10-08 10:23:37,385349,862689070136285,1026,GTERI,4.05,00008200,698407,12543,80,00,1A,,,14,1,0724,0006,00FB,1FA5,89.6,265,16.0,-29.912527,-50.797295,1.4,,11,0,1,1800,,,,,,,,,,,,,,,,1,89.6,265,16.0,-50.797295,-29.912527,2025-10-08 10:23:37,14,1.4,10
2025-10-08 11:55:11,2025-10-08 11:23:35,2025-10-08 11:21:18,385349,862689070136285,1027,GTERI,4.08,00008200,698407,12551,80,00,11,,,15,1,0724,0006,00FB,1F43,0.3,330,35.3,-29.941332,-50.943860,1.4,,16,0,1,850,,,,,,,,,,,,,,,,1,0.3,330,35.3,-50.943860,-29.941332,2025-10-08 11:21:18,15,1.4,10
2025-10-08 11:55:53,2025-10-08 11:32:19,2025-10-08 11:32:17,385349,862689070136285,1028,GTDOG,,,,,,,,,,,,,,,,,,,,,,,,,,,,,,,,,,,,,,,,,,,,,,,,,,,
2025-10-08 11:55:54,2025-10-08 11:33:35,2025-10-08 11:33:34,385349,862689070136285,1030,GTERI,3.96,00008200,698407,12551,80,00,11,,,16,1,0724,0006,00FB,1F43,0.6,23,13.8,-29.941408,-50.943715,1.4,,17,0,1,850,,,,,,,,,,,,,,,,1,0.6,23,13.8,-50.943715,-29.941408,2025-10-08 11:33:34,16,1.4,10
2025-10-08 11:55:54,2025-10-08 11:33:35,2025-10-08 11:33:34,385349,862689070136285,1029,GTRTL,3.96,,698407,12551,80,00,11,,,16,1,0724,0006,00FB,1F43,0.6,23,13.8,-29.941408,-50.943715,1.4,,,,,,,,,,,,,,,,,,,,,,,,,,,,,,
2025-10-08 11:55:55,2025-10-08 11:43:16,2025-10-08 11:43:15,385349,862689070136285,1031,GTDOG,,,,,,,,,,,,,,,,,,,,,,,,,,,,,,,,,,,,,,,,,,,,,,,,,,,
2025-10-08 11:55:56,2025-10-08 11:44:34,2025-10-08 11:44:33,385349,862689070136285,1033,GTERI,3.94,00008200,698407,12560,80,00,11,,,16,1,0724,0006,00FB,1F43,0.5,96,21.4,-29.941542,-50.943703,1.4,,17,0,1,850,,,,,,,,,,,,,,,,1,0.5,96,21.4,-50.943703,-29.941542,2025-10-08 11:44:33,16,1.4,10
2025-10-08 11:55:56,2025-10-08 11:44:34,2025-10-08 11:44:33,385349,862689070136285,1032,GTRTL,3.94,,698407,12560,80,00,11,,,16,1,0724,0006,00FB,1F43,0.5,96,21.4,-29.941542,-50.943703,1.4,,,,,,,,,,,,,,,,,,,,,,,,,,,,,,
2025-10-08 11:55:57,2025-10-08 11:54:15,2025-10-08 11:54:14,385349,862689070136285,1034,GTDOG,,,,,,,,,,,,,,,,,,,,,,,,,,,,,,,,,,,,,,,,,,,,,,,,,,,
2025-10-08 11:55:58,2025-10-08 11:55:33,2025-10-08 11:55:32,385349,862689070136285,1036,GTERI,3.96,00008200,698407,12560,80,00,11,,,16,1,0724,0006,00FB,1F43,0.8,0,48.8,-29.941505,-50.943827,1.4,,17,0,1,850,,,,,,,,,,,,,,,,1,0.8,0,48.8,-50.943827,-29.941505,2025-10-08 11:55:32,16,1.4,10
2025-10-08 11:55:58,2025-10-08 11:55:33,2025-10-08 11:55:32,385349,862689070136285,1035,GTRTL,3.96,,698407,12560,80,00,11,,,16,1,0724,0006,00FB,1F43,0.8,0,48.8,-29.941505,-50.943827,1.4,,,,,,,,,,,,,,,,,,,,,,,,,,,,,,
2025-10-08 12:55:30,2025-10-08 12:55:30,2025-10-08 12:53:09,385349,862689070136285,1037,GTERI,4.01,00008200,698407,12568,80,00,11,,,19,1,0724,0006,00FB,1F43,0.0,0,48.8,-29.941505,-50.943827,1.4,,15,0,1,850,,,,,,,,,,,,,,,,1,0.0,0,48.8,-50.943827,-29.941505,2025-10-08 12:53:09,19,1.4,10
2025-10-08 14:42:17,2025-10-08 13:55:30,2025-10-08 13:53:19,385349,862689070136285,1038,GTERI,3.94,00008200,698407,12560,80,00,11,,,10,1,0724,0006,060F,0B7F,17.5,178,49.4,-29.969388,-51.115127,1.4,,31,0,1,850,,,,,,,,,,,,,,,,1,17.5,178,49.4,-51.115127,-29.969388,2025-10-08 13:53:19,10,1.4,10
2025-10-08 14:42:58,2025-10-08 14:05:18,2025-10-08 14:05:17,385349,862689070136285,1041,GTERI,3.87,00008200,698407,12560,80,00,11,,,17,1,0724,0006,C76B,0AAF9315,0.2,304,43.7,-30.013495,-51.118997,1.4,,31,0,2,3,,,,,,,,,,,,,,,,1,0.2,304,43.7,-51.118997,-30.013495,2025-10-08 14:05:17,17,1.4,10
2025-10-08 14:42:58,2025-10-08 14:05:18,2025-10-08 14:05:17,385349,862689070136285,1040,GTRTL,3.87,,698407,12560,80,00,11,,,17,1,0724,0006,C76B,0AAF9315,0.2,304,43.7,-30.013495,-51.118997,1.4,,,,,,,,,,,,,,,,,,,,,,,,,,,,,,
2025-10-08 14:42:58,2025-10-08 14:04:17,2025-10-08 14:04:17,385349,862689070136285,1039,GTDOG,,,,,,,,,,,,,,,,,,,,,,,,,,,,,,,,,,,,,,,,,,,,,,,,,,,
2025-10-08 14:42:59,2025-10-08 14:31:40,2025-10-08 14:31:39,385349,862689070136285,1043,GTRTL,4.09,,698407,12325,80,00,11,,,13,1,0724,0006,047F,0D72,0.4,208,34.9,-30.053902,-51.167348,1.4,,,,,,,,,,,,,,,,,,,,,,,,,,,,,,
2025-10-08 14:42:59,2025-10-08 14:30:21,2025-10-08 14:30:22,385349,862689070136285,1042,GTDOG,,,,,,,,,,,,,,,,,,,,,,,,,,,,,,,,,,,,,,,,,,,,,,,,,,,
2025-10-08 14:43:01,2025-10-08 14:41:21,2025-10-08 14:41:20,385349,862689070136285,1045,GTDOG,,,,,,,,,,,,,,,,,,,,,,,,,,,,,,,,,,,,,,,,,,,,,,,,,,,
2025-10-08 14:43:01,2025-10-08 14:31:40,2025-10-08 14:31:39,385349,862689070136285,1044,GTERI,4.09,00008200,698407,12325,80,00,11,,,13,1,0724,0006,047F,0D72,0.4,208,34.9,-30.053902,-51.167348,1.4,,17,0,1,850,,,,,,,,,,,,,,,,1,0.4,208,34.9,-51.167348,-30.053902,2025-10-08 14:31:39,13,1.4,10
2025-10-08 14:43:02,2025-10-08 14:42:39,2025-10-08 14:42:38,385349,862689070136285,1047,GTERI,4.15,00008200,698407,12325,80,00,11,,,14,1,0724,0006,047F,0D72,0.4,0,48.4,-30.053857,-51.167320,1.4,,18,0,1,850,,,,,,,,,,,,,,,,1,0.4,0,48.4,-51.167320,-30.053857,2025-10-08 14:42:38,14,1.4,10
2025-10-08 14:43:02,2025-10-08 14:42:39,2025-10-08 14:42:38,385349,862689070136285,1046,GTRTL,4.15,,698407,12325,80,00,11,,,14,1,0724,0006,047F,0D72,0.4,0,48.4,-30.053857,-51.167320,1.4,,,,,,,,,,,,,,,,,,,,,,,,,,,,,,
2025-10-08 15:03:39,2025-10-08 15:03:39,2025-10-08 14:42:38,385349,862689070136285,1048,GTIGN,4.18,,698407,12252,81,00,22,,1927,14,1,0724,0006,047F,0D72,0.4,0,48.4,-30.053857,-51.167320,1.4,,,,,,,,,,,,,,,,,,,,,,,,,,,,,,
2025-10-08 15:03:48,2025-10-08 15:03:48,2025-10-08 15:03:47,385349,862689070136285,1051,GTERI,4.18,00008200,698407,12147,81,00,22,,,11,1,0724,0006,047F,0D72,0.6,0,40.9,-30.053863,-51.167223,1.4,,18,0,1,850,,,,,,,,,,,,,,,,1,0.6,0,40.9,-51.167223,-30.053863,2025-10-08 15:03:47,11,1.5,10
2025-10-08 15:05:01,2025-10-08 15:05:01,2025-10-08 15:05:00,385349,862689070136285,1052,GTIGF,4.18,,698407,14007,80,00,12,82,,13,0,0724,0006,047F,0D72,0.0,92,39.3,-30.053975,-51.166967,1.5,,,,,,,,,,,,,,,,,,,,,,,,,,,,,,
2025-10-08 15:05:02,2025-10-08 15:05:01,2025-10-08 15:05:01,385349,862689070136285,1053,GTERI,4.18,00008200,698407,14322,80,00,12,,,13,1,0724,0006,047F,0D72,0.0,92,39.3,-30.053975,-51.166967,1.5,,11,0,1,850,,,,,,,,,,,,,,,,1,0.0,92,39.3,-51.166967,-30.053975,2025-10-08 15:05:01,13,1.5,10
2025-10-08 15:23:51,2025-10-08 15:23:51,2025-10-08 15:05:01,385349,862689070136285,1054,GTIGN,4.18,,698407,12438,81,00,22,,1130,13,1,0724,0006,047F,0D72,0.0,92,39.3,-30.053975,-51.166967,1.5,,,,,,,,,,,,,,,,,,,,,,,,,,,,,,
2025-10-08 15:23:55,2025-10-08 15:23:55,2025-10-08 15:05:01,385349,862689070136285,1056,GTIGF,4.18,,698407,11994,80,00,12,4,,10,0,0724,0006,047F,0D72,0.0,92,39.3,-30.053975,-51.166967,1.5,,,,,,,,,,,,,,,,,,,,,,,,,,,,,,
2025-10-08 15:24:00,2025-10-08 15:24:00,2025-10-08 15:23:59,385349,862689070136285,1057,GTERI,4.18,00008200,698407,12285,80,00,12,,,13,1,0724,0006,047F,0D72,0.0,92,39.3,-30.053975,-51.166967,1.5,,20,0,1,850,,,,,,,,,,,,,,,,1,0.0,92,39.3,-51.166967,-30.053975,2025-10-08 15:23:59,13,1.5,10
2025-10-08 16:23:57,2025-10-08 16:23:57,2025-10-08 16:21:36,385349,862689070136285,1058,GTERI,4.12,00008200,698407,12584,80,00,11,,,12,1,0724,0006,047F,0D72,0.0,92,39.3,-30.053975,-51.166967,1.5,,12,0,1,850,,,,,,,,,,,,,,,,1,0.0,92,39.3,-51.166967,-30.053975,2025-10-08 16:21:36,12,1.5,10
2025-10-08 16:27:12,2025-10-08 16:27:12,2025-10-08 16:21:36,385349,862689070136285,1059,GTINF,4.12,,698407,12584,80,00,11,,,,,,,,,,,,,,,,13,0,,,89551805000580221920,1,0,1,+0000,0,,,,,,,,,,,,,,,,,,,
2025-10-08 17:23:57,2025-10-08 17:23:57,2025-10-08 17:21:36,385349,862689070136285,1060,GTERI,4.10,00008200,698407,12576,80,00,11,,,11,1,0724,0006,047F,0D71,0.0,92,39.3,-30.053975,-51.166967,1.5,,13,0,1,850,,,,,,,,,,,,,,,,1,0.0,92,39.3,-51.166967,-30.053975,2025-10-08 17:21:36,11,1.5,10
2025-10-08 18:21:39,2025-10-08 18:21:39,2025-10-08 17:21:36,385349,862689070136285,1061,GTIGN,4.07,,698407,12495,81,00,21,,10664,11,1,0724,0006,047F,0D72,0.0,92,39.3,-30.053975,-51.166967,1.5,,,,,,,,,,,,,,,,,,,,,,,,,,,,,,
2025-10-08 18:21:41,2025-10-08 18:21:40,2025-10-08 18:21:39,385349,862689070136285,1063,GTERI,4.07,00008200,698407,12414,81,00,21,,,8,1,0724,0006,047F,0D72,0.8,37,40.4,-30.054302,-51.167080,1.5,,18,0,1,850,,,,,,,,,,,,,,,,1,0.8,37,40.4,-51.167080,-30.054302,2025-10-08 18:21:39,8,1.5,10
2025-10-08 18:23:11,2025-10-08 18:23:11,,385349,862689070136285,1065,GTASC,,,,,,,,,,,,,,,,,,,,,,,,,,,,,,,,,,,,,,,,,,,,,,,,,,,
2025-10-08 18:23:35,2025-10-08 18:23:35,2025-10-08 18:23:34,385349,862689070136285,1066,GTIGF,4.17,,698407,14063,80,00,12,116,,9,0,0724,0006,047F,0D72,0.0,248,63.3,-30.054120,-51.168758,1.6,,,,,,,,,,,,,,,,,,,,,,,,,,,,,,
2025-10-08 18:23:36,2025-10-08 18:23:35,2025-10-08 18:23:35,385349,862689070136285,1067,GTERI,4.17,00008200,698407,13998,80,00,12,,,9,1,0724,0006,047F,0D72,0.0,248,63.3,-30.054120,-51.168758,1.6,,11,0,1,850,,,,,,,,,,,,,,,,1,0.0,248,63.3,-51.168758,-30.054120,2025-10-08 18:23:35,9,1.6,10
2025-10-08 18:24:05,2025-10-08 18:24:05,,385349,862689070136285,1068,GTMPF,,,,,,,,,,,,,,,,,,,,,,,,,,,,,,,,,,,,,,,,,,,,,,,,,,,
2025-10-08 18:24:06,2025-10-08 18:24:06,,385349,862689070136285,1069,GTEPS,,,,,,,,,,,,,,,,,,,,,,,,,,,,,,,,,,,,,,,,,,,,,,,,,,,
2025-10-08 19:24:12,2025-10-08 19:23:32,2025-10-08 19:21:10,385349,862689070136285,1070,GTERI,4.05,00008200,698407,0,00,00,11,,,10,1,0724,0006,047F,0D71,0.0,248,63.3,-30.054120,-51.168758,1.6,,15,0,1,850,,,,,,,,,,,,,,,,1,0.0,248,63.3,-51.168758,-30.054120,2025-10-08 19:21:10,10,1.6,10
2025-10-08 20:24:12,2025-10-08 20:23:32,2025-10-08 20:21:10,385349,862689070136285,1071,GTERI,4.02,00008200,698407,0,00,00,11,,,8,1,0724,0006,047F,0D72,0.0,248,63.3,-30.054120,-51.168758,1.6,,12,0,1,850,,,,,,,,,,,,,,,,1,0.0,248,63.3,-51.168758,-30.054120,2025-10-08 20:21:10,8,1.6,10
2025-10-08 21:24:12,2025-10-08 21:23:32,2025-10-08 21:21:37,385349,862689070136285,1072,GTERI,3.98,00008200,698407,0,00,00,11,,,5,1,0724,0006,047F,0D72,0.0,248,63.3,-30.054120,-51.168758,1.6,,13,0,1,850,,,,,,,,,,,,,,,,1,0.0,248,63.3,-51.168758,-30.054120,2025-10-08 21:21:37,5,1.6,10
2025-10-08 22:23:32,2025-10-08 22:23:32,2025-10-08 22:21:21,385349,862689070136285,1073,GTERI,3.95,00008200,698407,0,00,00,11,,,5,1,0724,0006,047F,0D71,0.0,248,63.3,-30.054120,-51.168758,1.6,,14,0,1,850,,,,,,,,,,,,,,,,1,0.0,248,63.3,-51.168758,-30.054120,2025-10-08 22:21:21,5,1.6,10
2025-10-08 23:23:32,2025-10-08 23:23:32,2025-10-08 23:21:36,385349,862689070136285,1074,GTERI,3.93,00008200,698407,0,00,00,11,,,7,1,0724,0006,047F,0D71,0.0,248,63.3,-30.054120,-51.168758,1.6,,14,0,1,850,,,,,,,,,,,,,,,,1,0.0,248,63.3,-51.168758,-30.054120,2025-10-08 23:21:36,7,1.6,10
2025-10-09 00:23:32,2025-10-09 00:23:32,2025-10-09 00:21:16,385349,862689070136285,1075,GTERI,3.90,00008200,698407,0,00,00,11,,,5,1,0724,0006,047F,0D71,0.0,248,63.3,-30.054120,-51.168758,1.6,,13,0,1,850,,,,,,,,,,,,,,,,1,0.0,248,63.3,-51.168758,-30.054120,2025-10-09 00:21:16,5,1.6,10
2025-10-09 01:23:32,2025-10-09 01:23:32,2025-10-09 01:21:31,385349,862689070136285,1076,GTERI,3.87,00008200,698407,0,00,00,11,,,11,1,0724,0006,047F,0D71,0.0,248,63.3,-30.054120,-51.168758,1.6,,15,0,1,850,,,,,,,,,,,,,,,,1,0.0,248,63.3,-51.168758,-30.054120,2025-10-09 01:21:31,11,1.6,10
2025-10-09 02:23:32,2025-10-09 02:23:32,2025-10-09 02:21:13,385349,862689070136285,1077,GTERI,3.85,00008200,698407,0,00,00,11,,,9,1,0724,0006,047F,0D71,0.0,248,63.3,-30.054120,-51.168758,1.6,,15,0,1,850,,,,,,,,,,,,,,,,1,0.0,248,63.3,-51.168758,-30.054120,2025-10-09 02:21:13,9,1.6,10
2025-10-09 03:23:33,2025-10-09 03:23:32,2025-10-09 03:21:10,385349,862689070136285,1078,GTERI,3.84,00008200,698407,0,00,00,11,,,13,1,0724,0006,047F,0D71,0.0,248,63.3,-30.054120,-51.168758,1.6,,14,0,1,850,,,,,,,,,,,,,,,,1,0.0,248,63.3,-51.168758,-30.054120,2025-10-09 03:21:10,13,1.6,10
2025-10-09 04:23:32,2025-10-09 04:23:32,2025-10-09 04:21:10,385349,862689070136285,1079,GTERI,3.82,00008200,698407,0,00,00,11,,,12,1,0724,0006,047F,0D71,0.0,248,63.3,-30.054120,-51.168758,1.6,,15,0,1,850,,,,,,,,,,,,,,,,1,0.0,248,63.3,-51.168758,-30.054120,2025-10-09 04:21:10,12,1.6,10
2025-10-09 05:23:32,2025-10-09 05:23:32,2025-10-09 05:21:10,385349,862689070136285,1080,GTERI,3.81,00008200,698407,0,00,00,11,,,13,1,0724,0006,047F,0D71,0.0,248,63.3,-30.054120,-51.168758,1.6,,15,0,1,850,,,,,,,,,,,,,,,,1,0.0,248,63.3,-51.168758,-30.054120,2025-10-09 05:21:10,13,1.6,10
2025-10-09 06:23:32,2025-10-09 06:23:32,2025-10-09 06:21:10,385349,862689070136285,1081,GTERI,3.80,00008200,698407,0,00,00,11,,,13,1,0724,0006,047F,0D71,0.0,248,63.3,-30.054120,-51.168758,1.6,,15,0,1,850,,,,,,,,,,,,,,,,1,0.0,248,63.3,-51.168758,-30.054120,2025-10-09 06:21:10,13,1.6,10
2025-10-09 07:23:32,2025-10-09 07:23:32,2025-10-09 07:21:10,385349,862689070136285,1082,GTERI,3.79,00008200,698407,0,00,00,11,,,12,1,0724,0006,047F,0D71,0.0,248,63.3,-30.054120,-51.168758,1.6,,15,0,1,850,,,,,,,,,,,,,,,,1,0.0,248,63.3,-51.168758,-30.054120,2025-10-09 07:21:10,12,1.6,10
2025-10-09 08:23:32,2025-10-09 08:23:32,2025-10-09 08:21:10,385349,862689070136285,1083,GTERI,3.77,00008200,698407,0,00,00,11,,,12,1,0724,0006,047F,0D71,0.0,248,63.3,-30.054120,-51.168758,1.6,,15,0,1,850,,,,,,,,,,,,,,,,1,0.0,248,63.3,-51.168758,-30.054120,2025-10-09 08:21:10,12,1.6,10
2025-10-09 09:23:32,2025-10-09 09:23:32,2025-10-09 09:21:10,385349,862689070136285,1084,GTERI,3.76,00008200,698407,0,00,00,11,,,14,1,0724,0006,047F,0D71,0.0,248,63.3,-30.054120,-51.168758,1.6,,14,0,1,850,,,,,,,,,,,,,,,,1,0.0,248,63.3,-51.168758,-30.054120,2025-10-09 09:21:10,14,1.6,10
2025-10-09 10:23:32,2025-10-09 10:23:32,2025-10-09 10:21:10,385349,862689070136285,1085,GTERI,3.75,00008200,698407,0,00,00,11,,,12,1,0724,0006,047F,0D72,0.0,248,63.3,-30.054120,-51.168758,1.6,,14,0,1,850,,,,,,,,,,,,,,,,1,0.0,248,63.3,-51.168758,-30.054120,2025-10-09 10:21:10,12,1.6,10
2025-10-09 11:24:12,2025-10-09 11:23:32,2025-10-09 11:21:10,385349,862689070136285,1086,GTERI,3.73,00008200,698407,0,00,00,11,,,15,1,0724,0006,047F,0D72,0.0,248,63.3,-30.054120,-51.168758,1.6,,16,0,1,850,,,,,,,,,,,,,,,,1,0.0,248,63.3,-51.168758,-30.054120,2025-10-09 11:21:10,15,1.6,10
2025-10-09 12:23:32,2025-10-09 12:23:32,2025-10-09 12:21:10,385349,862689070136285,1087,GTERI,3.71,00008200,698407,0,00,00,11,,,15,1,0724,0006,047F,0D71,0.0,248,63.3,-30.054120,-51.168758,1.6,,15,0,1,850,,,,,,,,,,,,,,,,1,0.0,248,63.3,-51.168758,-30.054120,2025-10-09 12:21:10,15,1.6,10
2025-10-09 12:32:29,2025-10-09 12:32:29,,385349,862689070136285,1088,GTBPL,,,,,,,,,,,,,,,,,,,,,,,,,,,,,,,,,,,,,,,,,,,,,,,,,,,
2025-10-09 12:33:29,2025-10-09 12:33:29,,385349,862689070136285,1089,GTBPL,,,,,,,,,,,,,,,,,,,,,,,,,,,,,,,,,,,,,,,,,,,,,,,,,,,
2025-10-09 12:34:29,2025-10-09 12:34:29,,385349,862689070136285,1090,GTBPL,,,,,,,,,,,,,,,,,,,,,,,,,,,,,,,,,,,,,,,,,,,,,,,,,,,
2025-10-09 12:35:29,2025-10-09 12:35:29,,385349,862689070136285,1091,GTBPL,,,,,,,,,,,,,,,,,,,,,,,,,,,,,,,,,,,,,,,,,,,,,,,,,,,
2025-10-09 13:23:32,2025-10-09 13:23:32,2025-10-09 13:21:10,385349,862689070136285,1092,GTERI,3.69,00008200,698407,0,00,00,11,,,12,1,0724,0006,047F,0D71,0.0,248,63.3,-30.054120,-51.168758,1.6,,14,0,1,850,,,,,,,,,,,,,,,,1,0.0,248,63.3,-51.168758,-30.054120,2025-10-09 13:21:10,12,1.6,10
2025-10-09 14:23:32,2025-10-09 14:23:32,2025-10-09 14:21:16,385349,862689070136285,1093,GTERI,3.67,00008200,698407,0,00,00,11,,,13,1,0724,0006,047F,0D71,0.0,248,63.3,-30.054120,-51.168758,1.6,,15,0,1,850,,,,,,,,,,,,,,,,1,0.0,248,63.3,-51.168758,-30.054120,2025-10-09 14:21:16,13,1.6,10
2025-10-15 00:28:48,2025-10-15 00:28:48,2025-10-15 00:26:41,385349,862689070136285,1138,GTERI,3.98,00008200,698407,12551,80,00,11,,,8,1,0724,0006,047F,0D72,0.0,116,29.5,-30.055072,-51.167607,2.0,,16,0,1,850,,,,,,,,,,,,,,,,1,0.0,116,29.5,-51.167607,-30.055072,2025-10-15 00:26:41,8,2.0,10
2025-10-15 01:28:48,2025-10-15 01:28:48,2025-10-15 01:26:33,385349,862689070136285,1139,GTERI,3.96,00008200,698407,12543,80,00,11,,,8,1,0724,0006,047F,0D72,0.0,116,29.5,-30.055072,-51.167607,2.0,,17,0,1,850,,,,,,,,,,,,,,,,1,0.0,116,29.5,-51.167607,-30.055072,2025-10-15 01:26:33,8,2.0,10
2025-10-15 02:28:48,2025-10-15 02:28:48,2025-10-15 02:26:27,385349,862689070136285,1140,GTERI,3.95,00008200,698407,12543,80,00,11,,,7,1,0724,0006,047F,0D72,0.0,116,29.5,-30.055072,-51.167607,2.0,,19,0,1,850,,,,,,,,,,,,,,,,1,0.0,116,29.5,-51.167607,-30.055072,2025-10-15 02:26:27,7,2.0,10
2025-10-15 03:28:48,2025-10-15 03:28:48,2025-10-15 03:26:42,385349,862689070136285,1141,GTERI,3.93,00008200,698407,12543,80,00,11,,,7,1,0724,0006,047F,0D72,0.0,116,29.5,-30.055072,-51.167607,2.0,,19,0,1,850,,,,,,,,,,,,,,,,1,0.0,116,29.5,-51.167607,-30.055072,2025-10-15 03:26:42,7,2.0,10
2025-10-15 04:28:48,2025-10-15 04:28:48,2025-10-15 04:26:29,385349,862689070136285,1142,GTERI,3.91,00008200,698407,12543,80,00,11,,,10,1,0724,0006,047F,0D72,0.0,116,29.5,-30.055072,-51.167607,2.0,,19,0,1,850,,,,,,,,,,,,,,,,1,0.0,116,29.5,-51.167607,-30.055072,2025-10-15 04:26:29,10,2.0,10
2025-10-15 05:28:48,2025-10-15 05:28:48,2025-10-15 05:26:26,385349,862689070136285,1143,GTERI,3.89,00008200,698407,12543,80,00,11,,,6,1,0724,0006,047F,0D72,0.0,116,29.5,-30.055072,-51.167607,2.0,,18,0,1,850,,,,,,,,,,,,,,,,1,0.0,116,29.5,-51.167607,-30.055072,2025-10-15 05:26:26,6,2.0,10
2025-10-15 06:28:48,2025-10-15 06:28:48,2025-10-15 06:26:26,385349,862689070136285,1144,GTERI,3.87,00008200,698407,12535,80,00,11,,,9,1,0724,0006,047F,0D72,0.0,116,29.5,-30.055072,-51.167607,2.0,,20,0,1,850,,,,,,,,,,,,,,,,1,0.0,116,29.5,-51.167607,-30.055072,2025-10-15 06:26:26,9,2.0,10
2025-10-15 07:28:48,2025-10-15 07:28:48,2025-10-15 07:26:29,385349,862689070136285,1145,GTERI,3.85,00008200,698407,12535,80,00,11,,,8,1,0724,0006,047F,0D72,0.0,116,29.5,-30.055072,-51.167607,2.0,,19,0,1,850,,,,,,,,,,,,,,,,1,0.0,116,29.5,-51.167607,-30.055072,2025-10-15 07:26:29,8,2.0,10
2025-10-15 08:28:48,2025-10-15 08:28:48,2025-10-15 08:26:36,385349,862689070136285,1146,GTERI,3.84,00008200,698407,12535,80,00,11,,,10,1,0724,0006,047F,0D72,0.0,116,29.5,-30.055072,-51.167607,2.0,,20,0,1,850,,,,,,,,,,,,,,,,1,0.0,116,29.5,-51.167607,-30.055072,2025-10-15 08:26:36,10,2.0,10
2025-10-15 09:12:53,2025-10-15 09:12:53,2025-10-15 08:26:36,385349,862689070136285,1147,GTIGN,3.83,,698407,12374,81,00,22,,63844,10,1,0724,0006,047F,0D72,0.0,116,29.5,-30.055072,-51.167607,2.0,,,,,,,,,,,,,,,,,,,,,,,,,,,,,,
2025-10-15 09:13:11,2025-10-15 09:13:11,2025-10-15 09:13:10,385349,862689070136285,1150,GTERI,3.84,00008200,698407,14314,81,00,22,,,7,1,0724,0006,047F,0D72,0.7,324,98.1,-30.055145,-51.167438,2.0,,18,0,1,850,,,,,,,,,,,,,,,,1,0.7,324,98.1,-51.167438,-30.055145,2025-10-15 09:13:10,7,2.0,10
2025-10-15 09:14:23,2025-10-15 09:14:23,2025-10-15 09:14:22,385349,862689070136285,1151,GTIGF,3.94,,698407,14273,80,00,12,90,,12,0,0724,0006,047F,0D72,0.0,328,37.6,-30.053917,-51.167450,2.2,,,,,,,,,,,,,,,,,,,,,,,,,,,,,,
2025-10-15 09:14:25,2025-10-15 09:14:24,2025-10-15 09:14:23,385349,862689070136285,1152,GTERI,3.94,00008200,698407,14249,80,00,12,,,11,1,0724,0006,047F,0D72,0.0,328,37.6,-30.053917,-51.167450,2.2,,15,0,1,850,,,,,,,,,,,,,,,,1,0.0,328,37.6,-51.167450,-30.053917,2025-10-15 09:14:23,11,2.2,10
2025-10-15 09:28:29,2025-10-15 09:28:29,2025-10-15 09:14:23,385349,862689070136285,1153,GTIGN,3.84,,698407,12592,81,00,21,,846,11,1,0724,0006,047F,0D72,0.0,328,37.6,-30.053917,-51.167450,2.2,,,,,,,,,,,,,,,,,,,,,,,,,,,,,,
2025-10-15 09:28:37,2025-10-15 09:28:37,2025-10-15 09:14:23,385349,862689070136285,1156,GTIGF,3.84,,698407,14209,80,00,12,8,,6,0,0724,0006,047F,0D72,0.0,328,37.6,-30.053917,-51.167450,2.2,,,,,,,,,,,,,,,,,,,,,,,,,,,,,,
2025-10-15 09:28:41,2025-10-15 09:28:41,2025-10-15 09:28:40,385349,862689070136285,1157,GTERI,3.84,00008200,698407,12689,80,00,12,,,7,1,0724,0006,047F,0D72,0.0,328,37.6,-30.053917,-51.167450,2.2,,15,0,1,850,,,,,,,,,,,,,,,,1,0.0,328,37.6,-51.167450,-30.053917,2025-10-15 09:28:40,7,2.2,10
2025-10-15 09:44:03,2025-10-15 09:44:03,2025-10-15 09:28:40,385349,862689070136285,1158,GTIGN,3.83,,698407,12543,81,00,21,,926,7,0,0724,0006,047F,0D72,0.0,328,37.6,-30.053917,-51.167450,2.2,,,,,,,,,,,,,,,,,,,,,,,,,,,,,,
2025-10-15 09:44:15,2025-10-15 09:44:15,2025-10-15 09:28:40,385349,862689070136285,1161,GTIGF,3.83,,698407,14047,80,00,12,12,,0,0,0724,0006,047F,0D72,0.0,328,37.6,-30.053917,-51.167450,2.2,,,,,,,,,,,,,,,,,,,,,,,,,,,,,,
2025-10-15 09:44:18,2025-10-15 09:44:18,2025-10-15 09:44:17,385349,862689070136285,1162,GTERI,3.84,00008200,698407,12794,80,00,12,,,9,1,0724,0006,047F,0D72,0.0,328,37.6,-30.053917,-51.167450,2.2,,19,0,1,850,,,,,,,,,,,,,,,,1,0.0,328,37.6,-51.167450,-30.053917,2025-10-15 09:44:17,9,2.2,10
2025-10-15 10:19:53,2025-10-15 10:19:53,2025-10-15 09:44:17,385349,862689070136285,1163,GTIGN,3.83,,698407,12527,81,00,22,,2138,9,1,0724,0006,047F,0D72,0.0,328,37.6,-30.053917,-51.167450,2.2,,,,,,,,,,,,,,,,,,,,,,,,,,,,,,
2025-10-15 10:20:07,2025-10-15 10:20:07,2025-10-15 10:20:05,385349,862689070136285,1167,GTIGF,3.84,,698407,14249,80,00,12,14,,9,0,0724,0006,047F,0D72,1.6,163,18.7,-30.054598,-51.167612,2.2,,,,,,,,,,,,,,,,,,,,,,,,,,,,,,
2025-10-15 10:20:07,2025-10-15 10:20:07,2025-10-15 10:20:05,385349,862689070136285,1166,GTERI,3.84,00008200,698407,14249,81,00,22,,,9,1,0724,0006,047F,0D72,1.6,163,18.7,-30.054598,-51.167612,2.2,,19,0,1,850,,,,,,,,,,,,,,,,1,1.6,163,18.7,-51.167612,-30.054598,2025-10-15 10:20:05,9,2.2,10
2025-10-15 10:20:08,2025-10-15 10:20:07,2025-10-15 10:20:06,385349,862689070136285,1168,GTERI,3.84,00008200,698407,14152,80,00,12,,,8,1,0724,0006,047F,0D72,1.6,163,18.7,-30.054598,-51.167612,2.2,,19,0,1,850,,,,,,,,,,,,,,,,1,1.6,163,18.7,-51.167612,-30.054598,2025-10-15 10:20:06,8,2.2,10
2025-10-15 10:20:09,2025-10-15 10:20:09,2025-10-15 10:20:06,385349,862689070136285,1169,GTIGN,3.84,,698407,14152,81,00,22,,2,8,1,0724,0006,047F,0D72,1.6,163,18.7,-30.054598,-51.167612,2.2,,,,,,,,,,,,,,,,,,,,,,,,,,,,,,
2025-10-15 10:20:15,2025-10-15 10:20:15,2025-10-15 10:20:06,385349,862689070136285,1171,GTIGF,3.84,,698407,11703,80,00,12,6,,0,0,0724,0006,047F,0D72,1.6,163,18.7,-30.054598,-51.167612,2.2,,,,,,,,,,,,,,,,,,,,,,,,,,,,,,
2025-10-15 10:20:25,2025-10-15 10:20:25,2025-10-15 10:20:24,385349,862689070136285,1172,GTERI,3.84,00008200,698407,12487,80,00,12,,,8,1,0724,0006,047F,0D72,1.6,163,18.7,-30.054598,-51.167612,2.2,,19,0,1,850,,,,,,,,,,,,,,,,1,1.6,163,18.7,-51.167612,-30.054598,2025-10-15 10:20:24,8,2.2,10
2025-10-15 10:34:37,2025-10-15 10:34:37,2025-10-15 10:20:24,385349,862689070136285,1173,GTIGN,3.82,,698407,12495,81,00,21,,862,8,1,0724,0006,047F,0D71,1.6,163,18.7,-30.054598,-51.167612,2.2,,,,,,,,,,,,,,,,,,,,,,,,,,,,,,
2025-10-15 10:34:56,2025-10-15 10:34:56,2025-10-15 10:34:55,385349,862689070136285,1176,GTERI,3.83,00008200,698407,14257,81,00,22,,,9,1,0724,0006,047F,0D72,6.9,109,18.7,-30.054133,-51.167415,2.2,,17,0,1,850,,,,,,,,,,,,,,,,1,6.9,109,18.7,-51.167415,-30.054133,2025-10-15 10:34:55,9,2.2,10
2025-10-15 10:35:13,2025-10-15 10:35:13,2025-10-15 10:35:12,385349,862689070136285,1177,GTIGF,3.85,,698407,14241,80,00,12,36,,11,0,0724,0006,047F,0D72,0.8,288,41.3,-30.054068,-51.167523,2.2,,,,,,,,,,,,,,,,,,,,,,,,,,,,,,
2025-10-15 10:35:14,2025-10-15 10:35:14,2025-10-15 10:35:13,385349,862689070136285,1178,GTERI,3.85,00008200,698407,14249,80,00,12,,,11,1,0724,0006,047F,0D72,0.8,288,41.3,-30.054068,-51.167523,2.2,,19,0,1,850,,,,,,,,,,,,,,,,1,0.8,288,41.3,-51.167523,-30.054068,2025-10-15 10:35:13,11,2.2,10
2025-10-15 10:44:33,2025-10-15 10:44:33,2025-10-15 10:35:13,385349,862689070136285,1179,GTIGN,3.83,,698407,12487,81,00,22,,560,11,1,0724,0006,047F,0D72,0.8,288,41.3,-30.054068,-51.167523,2.2,,,,,,,,,,,,,,,,,,,,,,,,,,,,,,
2025-10-15 10:44:47,2025-10-15 10:44:47,2025-10-15 10:44:46,385349,862689070136285,1182,GTERI,3.83,00008200,698407,14249,81,00,22,,,9,1,0724,0006,047F,0D72,3.8,259,23.2,-30.054230,-51.167773,2.2,,19,0,1,850,,,,,,,,,,,,,,,,1,3.8,259,23.2,-51.167773,-30.054230,2025-10-15 10:44:46,9,2.2,10
2025-10-15 10:44:57,2025-10-15 10:44:57,2025-10-15 10:44:56,385349,862689070136285,1183,GTIGF,3.84,,698407,14233,80,00,12,24,,10,0,0724,0006,047F,0D72,0.1,258,34.6,-30.054242,-51.167755,2.2,,,,,,,,,,,,,,,,,,,,,,,,,,,,,,
2025-10-15 10:44:58,2025-10-15 10:44:58,2025-10-15 10:44:57,385349,862689070136285,1184,GTERI,3.84,00008200,698407,13368,80,00,12,,,9,1,0724,0006,047F,0D72,0.1,258,34.6,-30.054242,-51.167755,2.2,,24,0,1,850,,,,,,,,,,,,,,,,1,0.1,258,34.6,-51.167755,-30.054242,2025-10-15 10:44:57,9,2.2,10
2025-10-15 11:44:53,2025-10-15 11:44:53,2025-10-15 11:42:31,385349,862689070136285,1185,GTERI,3.81,00008200,698407,12551,80,00,11,,,9,1,0724,0006,047F,0D72,0.0,258,34.6,-30.054242,-51.167755,2.2,,23,0,1,850,,,,,,,,,,,,,,,,1,0.0,258,34.6,-51.167755,-30.054242,2025-10-15 11:42:31,9,2.2,10
2025-10-15 12:44:58,2025-10-15 12:44:53,2025-10-15 12:42:31,385349,862689070136285,1186,GTERI,3.80,00008200,698407,12568,80,00,11,,,11,1,0724,0006,047F,0D72,0.0,258,34.6,-30.054242,-51.167755,2.2,,22,0,1,850,,,,,,,,,,,,,,,,1,0.0,258,34.6,-51.167755,-30.054242,2025-10-15 12:42:31,11,2.2,10
2025-10-15 13:51:02,2025-10-15 13:44:53,2025-10-15 13:42:31,385349,862689070136285,1187,GTERI,3.79,00008200,698407,12568,80,00,11,,,12,1,0724,0006,047F,0D72,0.0,258,34.6,-30.054242,-51.167755,2.2,,22,0,1,850,,,,,,,,,,,,,,,,1,0.0,258,34.6,-51.167755,-30.054242,2025-10-15 13:42:31,12,2.2,10
2025-10-15 14:44:53,2025-10-15 14:44:53,2025-10-15 14:42:31,385349,862689070136285,1188,GTERI,3.78,00008200,698407,12584,80,00,11,,,13,1,0724,0006,047F,0D72,0.0,258,34.6,-30.054242,-51.167755,2.2,,22,0,1,850,,,,,,,,,,,,,,,,1,0.0,258,34.6,-51.167755,-30.054242,2025-10-15 14:42:31,13,2.2,10
2025-10-15 15:02:13,2025-10-15 15:02:13,2025-10-15 14:42:31,385349,862689070136285,1189,GTINF,3.78,,698407,12584,80,00,11,,,,,,,,,,,,,,,,23,0,,,89551805000580221920,1,0,1,+0000,0,,,,,,,,,,,,,,,,,,,
2025-10-15 15:37:02,2025-10-15 15:37:01,2025-10-15 15:05:12,385349,862689070136285,1190,GTIGN,3.99,,698407,12285,81,00,21,,17507,16,1,0724,0006,047F,0D72,0.3,264,37.3,-30.054018,-51.167767,2.2,,,,,,,,,,,,,,,,,,,,,,,,,,,,,,
2025-10-15 15:37:05,2025-10-15 15:37:05,2025-10-15 15:05:12,385349,862689070136285,1192,GTIGF,3.99,,698407,11646,80,00,11,4,,0,0,0724,0006,047F,0D72,0.3,264,37.3,-30.054018,-51.167767,2.2,,,,,,,,,,,,,,,,,,,,,,,,,,,,,,
2025-10-15 15:39:55,2025-10-15 15:39:55,2025-10-15 15:37:09,385349,862689070136285,1193,GTIGN,4.01,,698407,12220,81,00,22,,170,13,0,0724,0006,047F,0D71,0.0,264,37.3,-30.054018,-51.167767,2.2,,,,,,,,,,,,,,,,,,,,,,,,,,,,,,
2025-10-15 15:40:04,2025-10-15 15:40:04,2025-10-15 15:40:03,385349,862689070136285,1196,GTERI,4.01,00008200,698407,14217,81,00,22,,,6,1,0724,0006,047F,0D72,1.9,301,29.9,-30.053952,-51.167872,2.2,,14,0,1,850,,,,,,,,,,,,,,,,1,1.9,301,29.9,-51.167872,-30.053952,2025-10-15 15:40:03,6,2.2,10
2025-10-15 15:40:29,2025-10-15 15:40:29,2025-10-15 15:40:28,385349,862689070136285,1197,GTIGF,4.01,,698407,13877,80,00,12,34,,16,0,0724,0006,047F,0D72,0.1,260,30.2,-30.054053,-51.168672,2.2,,,,,,,,,,,,,,,,,,,,,,,,,,,,,,
2025-10-15 15:40:30,2025-10-15 15:40:29,2025-10-15 15:40:29,385349,862689070136285,1198,GTERI,4.01,00008200,698407,12883,80,00,12,,,16,1,0724,0006,047F,0D72,0.1,260,30.2,-30.054053,-51.168672,2.2,,17,0,1,850,,,,,,,,,,,,,,,,1,0.1,260,30.2,-51.168672,-30.054053,2025-10-15 15:40:29,16,2.2,10
2025-10-15 16:40:26,2025-10-15 16:40:26,2025-10-15 16:38:04,385349,862689070136285,1199,GTERI,4.18,00008200,698407,12422,80,00,11,,,12,1,0724,0006,047F,0D72,0.0,260,30.2,-30.054053,-51.168672,2.2,,19,0,1,850,,,,,,,,,,,,,,,,1,0.0,260,30.2,-51.168672,-30.054053,2025-10-15 16:38:04,12,2.2,10
2025-10-15 17:40:27,2025-10-15 17:40:26,2025-10-15 17:38:04,385349,862689070136285,1200,GTERI,4.13,00008200,698407,12551,80,00,11,,,12,1,0724,0006,047F,0D72,0.0,260,30.2,-30.054053,-51.168672,2.2,,18,0,1,850,,,,,,,,,,,,,,,,1,0.0,260,30.2,-51.168672,-30.054053,2025-10-15 17:38:04,12,2.2,10
2025-10-15 18:30:15,2025-10-15 18:30:15,2025-10-15 17:38:04,385349,862689070136285,1201,GTIGN,4.11,,698407,12471,81,00,22,,10186,12,1,0724,0006,047F,0D72,0.0,260,30.2,-30.054053,-51.168672,2.2,,,,,,,,,,,,,,,,,,,,,,,,,,,,,,
2025-10-15 18:30:25,2025-10-15 18:30:25,2025-10-15 18:30:24,385349,862689070136285,1204,GTERI,4.11,00008200,698407,14249,81,00,22,,,9,1,0724,0006,047F,0D72,5.1,92,-63.9,-30.054198,-51.168912,2.2,,18,0,1,850,,,,,,,,,,,,,,,,1,5.1,92,-63.9,-51.168912,-30.054198,2025-10-15 18:30:24,9,2.2,10
2025-10-15 18:32:19,2025-10-15 18:32:19,2025-10-15 18:32:18,385349,862689070136285,1206,GTIGF,4.18,,698407,14047,80,00,12,124,,12,0,0724,0006,047F,0D72,0.0,185,23.8,-30.054355,-51.167887,2.4,,,,,,,,,,,,,,,,,,,,,,,,,,,,,,
2025-10-15 18:32:20,2025-10-15 18:32:19,2025-10-15 18:32:19,385349,862689070136285,1207,GTERI,4.18,00008200,698407,13796,80,00,12,,,13,1,0724,0006,047F,0D72,0.0,185,23.8,-30.054355,-51.167887,2.4,,15,0,1,850,,,,,,,,,,,,,,,,1,0.0,185,23.8,-51.167887,-30.054355,2025-10-15 18:32:19,13,2.4,10
2025-10-15 19:32:17,2025-10-15 19:32:16,2025-10-15 19:29:54,385349,862689070136285,1208,GTERI,4.09,00008200,698407,12616,80,00,11,,,10,1,0724,0006,047F,0D71,0.0,185,23.8,-30.054355,-51.167887,2.4,,12,0,1,850,,,,,,,,,,,,,,,,1,0.0,185,23.8,-51.167887,-30.054355,2025-10-15 19:29:54,10,2.4,10
2025-10-15 20:32:16,2025-10-15 20:32:16,2025-10-15 20:29:59,385349,862689070136285,1209,GTERI,4.07,00008200,698407,12600,80,00,11,,,12,1,0724,0006,047F,0D72,0.0,185,23.8,-30.054355,-51.167887,2.4,,15,0,1,850,,,,,,,,,,,,,,,,1,0.0,185,23.8,-51.167887,-30.054355,2025-10-15 20:29:59,12,2.4,10
2025-10-15 21:32:17,2025-10-15 21:32:16,2025-10-15 21:29:54,385349,862689070136285,1210,GTERI,4.05,00008200,698407,12584,80,00,11,,,11,1,0724,0006,047F,0D72,0.0,185,23.8,-30.054355,-51.167887,2.4,,14,0,1,850,,,,,,,,,,,,,,,,1,0.0,185,23.8,-51.167887,-30.054355,2025-10-15 21:29:54,11,2.4,10
2025-10-15 22:32:16,2025-10-15 22:32:16,2025-10-15 22:29:54,385349,862689070136285,1211,GTERI,4.03,00008200,698407,12576,80,00,11,,,13,1,0724,0006,047F,0D72,0.0,185,23.8,-30.054355,-51.167887,2.4,,18,0,1,850,,,,,,,,,,,,,,,,1,0.0,185,23.8,-51.167887,-30.054355,2025-10-15 22:29:54,13,2.4,10
2025-10-15 23:32:16,2025-10-15 23:32:16,2025-10-15 23:29:55,385349,862689070136285,1212,GTERI,4.00,00008200,698407,12568,80,00,11,,,13,1,0724,0006,047F,0D72,0.0,185,23.8,-30.054355,-51.167887,2.4,,15,0,1,850,,,,,,,,,,,,,,,,1,0.0,185,23.8,-51.167887,-30.054355,2025-10-15 23:29:55,13,2.4,10
2025-10-16 00:32:16,2025-10-16 00:32:16,2025-10-16 00:29:55,385349,862689070136285,1213,GTERI,3.98,00008200,698407,12568,80,00,11,,,13,1,0724,0006,047F,0D72,0.0,185,23.8,-30.054355,-51.167887,2.4,,17,0,1,850,,,,,,,,,,,,,,,,1,0.0,185,23.8,-51.167887,-30.054355,2025-10-16 00:29:55,13,2.4,10
2025-10-16 01:32:16,2025-10-16 01:32:16,2025-10-16 01:29:55,385349,862689070136285,1214,GTERI,3.96,00008200,698407,12568,80,00,11,,,10,1,0724,0006,047F,0D72,0.0,185,23.8,-30.054355,-51.167887,2.4,,16,0,1,850,,,,,,,,,,,,,,,,1,0.0,185,23.8,-51.167887,-30.054355,2025-10-16 01:29:55,10,2.4,10
2025-10-16 02:32:16,2025-10-16 02:32:16,2025-10-16 02:29:54,385349,862689070136285,1215,GTERI,3.95,00008200,698407,12560,80,00,11,,,9,1,0724,0006,047F,0D72,0.0,185,23.8,-30.054355,-51.167887,2.4,,16,0,1,850,,,,,,,,,,,,,,,,1,0.0,185,23.8,-51.167887,-30.054355,2025-10-16 02:29:54,9,2.4,10
2025-10-16 03:32:16,2025-10-16 03:32:16,2025-10-16 03:29:54,385349,862689070136285,1216,GTERI,3.93,00008200,698407,12551,80,00,11,,,11,1,0724,0006,047F,0D72,0.0,185,23.8,-30.054355,-51.167887,2.4,,16,0,1,850,,,,,,,,,,,,,,,,1,0.0,185,23.8,-51.167887,-30.054355,2025-10-16 03:29:54,11,2.4,10
2025-10-16 04:32:16,2025-10-16 04:32:16,2025-10-16 04:29:54,385349,862689070136285,1217,GTERI,3.91,00008200,698407,12551,80,00,11,,,13,1,0724,0006,047F,0D72,0.0,185,23.8,-30.054355,-51.167887,2.4,,15,0,1,850,,,,,,,,,,,,,,,,1,0.0,185,23.8,-51.167887,-30.054355,2025-10-16 04:29:54,13,2.4,10
2025-10-16 05:32:16,2025-10-16 05:32:16,2025-10-16 05:29:54,385349,862689070136285,1218,GTERI,3.88,00008200,698407,12543,80,00,11,,,8,1,0724,0006,047F,0D72,0.0,185,23.8,-30.054355,-51.167887,2.4,,17,0,1,850,,,,,,,,,,,,,,,,1,0.0,185,23.8,-51.167887,-30.054355,2025-10-16 05:29:54,8,2.4,10
2025-10-16 06:32:16,2025-10-16 06:32:16,2025-10-16 06:29:54,385349,862689070136285,1219,GTERI,3.87,00008200,698407,12543,80,00,11,,,16,1,0724,0006,047F,0D72,0.0,185,23.8,-30.054355,-51.167887,2.4,,17,0,1,850,,,,,,,,,,,,,,,,1,0.0,185,23.8,-51.167887,-30.054355,2025-10-16 06:29:54,16,2.4,10
2025-10-16 07:32:16,2025-10-16 07:32:16,2025-10-16 07:29:55,385349,862689070136285,1220,GTERI,3.85,00008200,698407,12543,80,00,11,,,15,1,0724,0006,047F,0D72,0.0,185,23.8,-30.054355,-51.167887,2.4,,16,0,1,850,,,,,,,,,,,,,,,,1,0.0,185,23.8,-51.167887,-30.054355,2025-10-16 07:29:55,15,2.4,10
2025-10-16 08:01:39,2025-10-16 08:01:39,2025-10-16 07:29:55,385349,862689070136285,1221,GTIGN,3.85,,698407,12511,81,00,21,,48560,15,1,0724,0006,047F,0D72,0.0,185,23.8,-30.054355,-51.167887,2.4,,,,,,,,,,,,,,,,,,,,,,,,,,,,,,
2025-10-16 08:01:50,2025-10-16 08:01:49,2025-10-16 07:29:55,385349,862689070136285,1223,GTIGF,3.85,,698407,11686,80,00,11,10,,0,0,0724,0006,047F,0D72,0.0,185,23.8,-30.054355,-51.167887,2.4,,,,,,,,,,,,,,,,,,,,,,,,,,,,,,
2025-10-16 08:01:55,2025-10-16 08:01:55,2025-10-16 08:01:54,385349,862689070136285,1224,GTERI,3.85,00008200,698407,12357,80,00,11,,,7,1,0724,0006,047F,0D72,0.0,185,23.8,-30.054355,-51.167887,2.4,,15,0,1,850,,,,,,,,,,,,,,,,1,0.0,185,23.8,-51.167887,-30.054355,2025-10-16 08:01:54,7,2.4,10
2025-10-16 08:24:20,2025-10-16 08:24:19,2025-10-16 08:01:54,385349,862689070136285,1225,GTIGN,3.84,,698407,12422,81,00,21,,1350,7,0,0724,0006,047F,0D72,0.0,185,23.8,-30.054355,-51.167887,2.4,,,,,,,,,,,,,,,,,,,,,,,,,,,,,,
2025-10-16 08:24:35,2025-10-16 08:24:35,2025-10-16 08:24:35,385349,862689070136285,1227,GTERI,3.85,00008200,698407,11662,81,00,21,,,9,1,0724,0006,047F,0D72,1.2,11,66.6,-30.054435,-51.168088,2.4,,17,0,1,850,,,,,,,,,,,,,,,,1,1.2,11,66.6,-51.168088,-30.054435,2025-10-16 08:24:35,9,2.4,10
2025-10-16 08:24:37,2025-10-16 08:24:37,2025-10-16 08:24:36,385349,862689070136285,1228,GTIGF,3.85,,698407,11678,80,00,11,18,,10,0,0724,0006,047F,0D72,0.9,11,67.2,-30.054433,-51.168093,2.4,,,,,,,,,,,,,,,,,,,,,,,,,,,,,,
2025-10-16 08:24:38,2025-10-16 08:24:37,2025-10-16 08:24:37,385349,862689070136285,1229,GTERI,3.85,00008200,698407,11808,80,00,11,,,9,1,0724,0006,047F,0D72,0.0,11,67.2,-30.054433,-51.168093,2.4,,17,0,1,850,,,,,,,,,,,,,,,,1,0.0,11,67.2,-51.168093,-30.054433,2025-10-16 08:24:37,9,2.4,10
2025-10-16 08:25:58,2025-10-16 08:25:57,2025-10-16 08:24:37,385349,862689070136285,1230,GTIGN,3.86,,698407,12366,81,00,21,,80,9,1,0724,0006,047F,0D72,0.0,11,67.2,-30.054433,-51.168093,2.4,,,,,,,,,,,,,,,,,,,,,,,,,,,,,,
2025-10-16 08:26:12,2025-10-16 08:26:11,2025-10-16 08:26:11,385349,862689070136285,1233,GTERI,3.86,00008200,698407,11856,81,00,22,,,10,1,0724,0006,047F,0D72,4.4,0,63.9,-30.054432,-51.167967,2.4,,17,0,1,850,,,,,,,,,,,,,,,,1,4.4,0,63.9,-51.167967,-30.054432,2025-10-16 08:26:11,10,2.4,10
2025-10-16 08:29:34,2025-10-16 08:29:11,2025-10-16 08:29:06,385349,862689070136285,1235,GTERI,3.99,00008200,698407,11800,81,00,21,,,14,1,0724,0006,047F,0D72,0.0,56,65.5,-30.054423,-51.168033,2.4,,16,0,1,850,,,,,,,,,,,,,,,,1,4.2,351,61.6,-51.167995,-30.054420,2025-10-16 08:26:19,11,2.4,10
2025-10-16 08:31:28,2025-10-16 08:31:21,2025-10-16 08:31:20,385349,862689070136285,1237,GTIGF,4.01,,698407,11792,80,00,11,324,,13,0,0724,0006,047F,0D72,0.0,56,65.5,-30.054423,-51.168033,2.4,,,,,,,,,,,,,,,,,,,,,,,,,,,,,,
2025-10-16 08:31:29,2025-10-16 08:31:21,2025-10-16 08:31:21,385349,862689070136285,1238,GTERI,4.01,00008200,698407,11783,80,00,11,,,14,1,0724,0006,047F,0D72,0.0,56,65.5,-30.054423,-51.168033,2.4,,16,0,1,850,,,,,,,,,,,,,,,,1,0.0,56,65.5,-51.168033,-30.054423,2025-10-16 08:31:21,14,2.4,10
2025-10-16 08:50:47,2025-10-16 08:50:47,2025-10-16 08:31:21,385349,862689070136285,1239,GTIGN,3.86,,698407,12333,81,00,22,,1166,14,1,0724,0006,047F,0D72,0.0,56,65.5,-30.054423,-51.168033,2.4,,,,,,,,,,,,,,,,,,,,,,,,,,,,,,
2025-10-16 08:51:01,2025-10-16 08:51:01,2025-10-16 08:51:00,385349,862689070136285,1242,GTERI,3.86,00008200,698407,14298,81,00,22,,,8,1,0724,0006,047F,0D72,5.4,118,28.6,-30.054557,-51.168117,2.4,,17,0,1,850,,,,,,,,,,,,,,,,1,5.4,118,28.6,-51.168117,-30.054557,2025-10-16 08:51:00,8,2.4,10
2025-10-16 08:51:27,2025-10-16 08:51:27,2025-10-16 08:51:26,385349,862689070136285,1243,GTIGF,3.90,,698407,14298,80,00,12,40,,10,0,0724,0006,047F,0D72,0.0,283,33.0,-30.054463,-51.168038,2.4,,,,,,,,,,,,,,,,,,,,,,,,,,,,,,
2025-10-16 08:51:28,2025-10-16 08:51:27,2025-10-16 08:51:27,385349,862689070136285,1244,GTERI,3.90,00008200,698407,13247,80,00,12,,,10,1,0724,0006,047F,0D72,0.0,283,33.0,-30.054463,-51.168038,2.4,,14,0,1,850,,,,,,,,,,,,,,,,1,0.0,283,33.0,-51.168038,-30.054463,2025-10-16 08:51:27,10,2.4,10
2025-10-16 08:54:23,2025-10-16 08:54:23,2025-10-16 08:51:27,385349,862689070136285,1245,GTIGN,3.87,,698407,12471,81,00,21,,176,10,1,0724,0006,047F,0D72,0.0,283,33.0,-30.054463,-51.168038,2.4,,,,,,,,,,,,,,,,,,,,,,,,,,,,,,
2025-10-16 08:54:42,2025-10-16 08:54:42,2025-10-16 08:54:41,385349,862689070136285,1247,GTERI,3.87,00008200,698407,14265,81,00,21,,,8,1,0724,0006,047F,0D72,1.2,313,33.2,-30.054255,-51.168018,2.4,,12,0,1,850,,,,,,,,,,,,,,,,1,1.2,313,33.2,-51.168018,-30.054255,2025-10-16 08:54:41,8,2.4,10
2025-10-16 08:55:57,2025-10-16 08:55:57,,385349,862689070136285,1249,GTASC,,,,,,,,,,,,,,,,,,,,,,,,,,,,,,,,,,,,,,,,,,,,,,,,,,,
2025-10-16 08:56:18,2025-10-16 08:56:17,,385349,862689070136285,1250,GTASC,,,,,,,,,,,,,,,,,,,,,,,,,,,,,,,,,,,,,,,,,,,,,,,,,,,
2025-10-16 08:56:41,2025-10-16 08:56:41,2025-10-16 08:56:40,385349,862689070136285,1252,GTIGF,4.00,,698407,14184,80,00,12,138,,10,0,0724,0006,047F,0D72,0.0,234,22.9,-30.054960,-51.167623,2.7,,,,,,,,,,,,,,,,,,,,,,,,,,,,,,
2025-10-16 08:56:42,2025-10-16 08:56:41,2025-10-16 08:56:41,385349,862689070136285,1253,GTERI,4.00,00008200,698407,13263,80,00,12,,,10,1,0724,0006,047F,0D72,0.0,234,22.9,-30.054960,-51.167623,2.7,,14,0,1,850,,,,,,,,,,,,,,,,1,0.0,234,22.9,-51.167623,-30.054960,2025-10-16 08:56:41,10,2.7,10
2025-10-16 09:05:25,2025-10-16 09:05:25,2025-10-16 08:56:41,385349,862689070136285,1254,GTIGN,3.88,,698407,12616,81,00,21,,524,10,1,0724,0006,047F,0D72,0.0,234,22.9,-30.054960,-51.167623,2.7,,,,,,,,,,,,,,,,,,,,,,,,,,,,,,
2025-10-16 09:05:44,2025-10-16 09:05:44,2025-10-16 09:05:43,385349,862689070136285,1256,GTERI,3.89,00008200,698407,14112,81,00,21,,,7,1,0724,0006,047F,0D72,1.8,70,33.8,-30.054980,-51.167558,2.7,,16,0,1,850,,,,,,,,,,,,,,,,1,1.8,70,33.8,-51.167558,-30.054980,2025-10-16 09:05:43,7,2.7,10
2025-10-16 09:06:09,2025-10-16 09:06:09,2025-10-16 09:06:08,385349,862689070136285,1257,GTIGF,3.91,,698407,14136,80,00,11,44,,7,0,0724,0006,047F,0D72,0.0,242,34.3,-30.055013,-51.167635,2.7,,,,,,,,,,,,,,,,,,,,,,,,,,,,,,
2025-10-16 09:06:10,2025-10-16 09:06:09,2025-10-16 09:06:09,385349,862689070136285,1258,GTERI,3.91,00008200,698407,13012,80,00,11,,,7,1,0724,0006,047F,0D72,0.0,242,34.3,-30.055013,-51.167635,2.7,,12,0,1,850,,,,,,,,,,,,,,,,1,0.0,242,34.3,-51.167635,-30.055013,2025-10-16 09:06:09,7,2.7,10
2025-10-16 09:06:49,2025-10-16 09:06:49,2025-10-16 09:06:09,385349,862689070136285,1259,GTIGN,3.92,,698407,12681,81,00,21,,40,7,1,0724,0006,047F,0D72,0.0,242,34.3,-30.055013,-51.167635,2.7,,,,,,,,,,,,,,,,,,,,,,,,,,,,,,
2025-10-16 09:07:03,2025-10-16 09:07:03,2025-10-16 09:07:03,385349,862689070136285,1261,GTERI,3.93,00008200,698407,14112,81,00,21,,,8,1,0724,0006,047F,0D72,0.0,242,34.3,-30.055013,-51.167635,2.7,,9,0,1,850,,,,,,,,,,,,,,,,1,0.0,242,34.3,-51.167635,-30.055013,2025-10-16 09:07:03,8,2.7,10
2025-10-16 09:08:52,2025-10-16 09:08:51,2025-10-16 09:08:35,385349,862689070136285,1265,GTIGF,4.01,,698407,14128,80,00,12,122,,0,0,0724,0006,047F,0D72,4.4,66,39.1,-30.055267,-51.167578,2.7,,,,,,,,,,,,,,,,,,,,,,,,,,,,,,
2025-10-16 09:08:53,2025-10-16 09:08:51,2025-10-16 09:08:51,385349,862689070136285,1266,GTERI,4.01,00008200,698407,13028,80,00,12,,,4,2,0724,0006,047F,0D72,4.4,66,39.1,-30.055267,-51.167578,2.7,,12,0,1,850,,,,,,,,,,,,,,,,2,4.4,66,39.1,-51.167578,-30.055267,2025-10-16 09:08:51,4,2.7,10
2025-10-16 10:08:51,2025-10-16 10:08:51,2025-10-16 09:08:51,385349,862689070136285,1267,GTERI,3.86,00008200,698407,12560,80,00,11,,,4,0,0724,0006,047F,0D72,4.4,66,39.1,-30.055267,-51.167578,2.7,,15,0,1,850,,,,,,,,,,,,,,,,0,4.4,66,39.1,-51.167578,-30.055267,2025-10-16 09:08:51,4,2.7,10
2025-10-16 10:09:08,2025-10-16 10:09:07,2025-10-16 09:08:51,385349,862689070136285,1268,GTIGN,3.86,,698407,12551,81,00,21,,3616,4,0,0724,0006,047F,0D72,4.4,66,39.1,-30.055267,-51.167578,2.7,,,,,,,,,,,,,,,,,,,,,,,,,,,,,,
2025-10-16 10:11:00,2025-10-16 10:10:59,2025-10-16 10:10:59,385349,862689070136285,1271,GTERI,3.97,00008200,698407,14217,81,00,22,,,10,1,0724,0006,047F,0D72,4.4,12,40.5,-30.054813,-51.167562,2.7,,11,0,1,850,,,,,,,,,,,,,,,,1,4.4,12,40.5,-51.167562,-30.054813,2025-10-16 10:10:59,10,2.7,10
2025-10-16 10:11:53,2025-10-16 10:11:53,2025-10-16 10:11:52,385349,862689070136285,1273,GTIGF,3.99,,698407,12576,80,00,12,166,,12,0,0724,0006,047F,0D72,0.0,1,28.3,-30.053897,-51.167345,2.8,,,,,,,,,,,,,,,,,,,,,,,,,,,,,,
2025-10-16 10:11:54,2025-10-16 10:11:53,2025-10-16 10:11:53,385349,862689070136285,1274,GTERI,3.99,00008200,698407,12543,80,00,12,,,11,1,0724,0006,047F,0D72,0.0,1,28.3,-30.053897,-51.167345,2.8,,16,0,1,850,,,,,,,,,,,,,,,,1,0.0,1,28.3,-51.167345,-30.053897,2025-10-16 10:11:53,11,2.8,10
2025-10-16 11:00:47,2025-10-16 11:00:47,2025-10-16 10:11:53,385349,862689070136285,1275,GTIGN,3.86,,698407,12479,81,00,22,,2934,11,1,0724,0006,060F,0BA7,0.0,1,28.3,-30.053897,-51.167345,2.8,,,,,,,,,,,,,,,,,,,,,,,,,,,,,,
2025-10-16 11:01:13,2025-10-16 11:01:13,2025-10-16 11:01:13,385349,862689070136285,1278,GTERI,3.88,00008200,698407,14209,81,00,22,,,12,1,0724,0006,060F,0BA7,5.0,38,-8.8,-29.995523,-51.135037,2.8,,13,0,1,850,,,,,,,,,,,,,,,,1,5.0,38,-8.8,-51.135037,-29.995523,2025-10-16 11:01:13,12,2.8,10
2025-10-16 11:01:43,2025-10-16 11:01:43,2025-10-16 11:01:42,385349,862689070136285,1279,GTIGF,3.90,,698407,12899,80,00,12,56,,15,0,0724,0006,060F,0BA7,0.0,40,-5.0,-29.995447,-51.134973,2.8,,,,,,,,,,,,,,,,,,,,,,,,,,,,,,
2025-10-16 11:01:44,2025-10-16 11:01:43,2025-10-16 11:01:43,385349,862689070136285,1280,GTERI,3.91,00008200,698407,12729,80,00,12,,,15,1,0724,0006,060F,0BA7,0.0,40,-5.0,-29.995447,-51.134973,2.8,,14,0,1,850,,,,,,,,,,,,,,,,1,0.0,40,-5.0,-51.134973,-29.995447,2025-10-16 11:01:43,15,2.8,10
2025-10-16 12:01:41,2025-10-16 12:01:41,2025-10-16 11:59:19,385349,862689070136285,1281,GTERI,3.84,00008200,698407,12632,80,00,11,,,13,1,0724,0006,060F,0BA7,0.0,40,-5.0,-29.995447,-51.134973,2.8,,15,0,1,850,,,,,,,,,,,,,,,,1,0.0,40,-5.0,-51.134973,-29.995447,2025-10-16 11:59:19,13,2.8,10
2025-10-16 13:01:41,2025-10-16 13:01:41,2025-10-16 12:59:19,385349,862689070136285,1282,GTERI,3.83,00008200,698407,12624,80,00,11,,,17,1,0724,0006,060F,0BA7,0.0,40,-5.0,-29.995447,-51.134973,2.8,,15,0,1,850,,,,,,,,,,,,,,,,1,0.0,40,-5.0,-51.134973,-29.995447,2025-10-16 12:59:19,17,2.8,10
2025-10-16 14:01:41,2025-10-16 14:01:41,2025-10-16 13:59:19,385349,862689070136285,1283,GTERI,3.82,00008200,698407,12616,80,00,11,,,13,1,0724,0006,060F,0BA7,0.0,40,-5.0,-29.995447,-51.134973,2.8,,15,0,1,850,,,,,,,,,,,,,,,,1,0.0,40,-5.0,-51.134973,-29.995447,2025-10-16 13:59:19,13,2.8,10
2025-10-16 15:01:41,2025-10-16 15:01:41,2025-10-16 14:59:19,385349,862689070136285,1284,GTERI,3.81,00008200,698407,12600,80,00,11,,,13,1,0724,0006,060F,0BA7,0.0,40,-5.0,-29.995447,-51.134973,2.8,,15,0,1,850,,,,,,,,,,,,,,,,1,0.0,40,-5.0,-51.134973,-29.995447,2025-10-16 14:59:19,13,2.8,10
2025-10-16 15:02:11,2025-10-16 15:02:11,2025-10-16 14:59:19,385349,862689070136285,1285,GTINF,3.81,,698407,12608,80,00,11,,,,,,,,,,,,,,,,15,0,,,89551805000580221920,1,0,1,+0000,0,,,,,,,,,,,,,,,,,,,
2025-10-16 17:14:15,2025-10-16 17:10:00,2025-10-16 17:09:59,385349,862689070136285,1287,GTDOG,,,,,,,,,,,,,,,,,,,,,,,,,,,,,,,,,,,,,,,,,,,,,,,,,,,
2025-10-16 17:14:15,2025-10-16 17:01:37,2025-10-16 16:59:15,385349,862689070136285,1286,GTERI,4.15,00008200,698407,12584,80,00,11,,,11,1,0724,0006,060F,0BA7,0.0,0,-28.4,-29.995408,-51.134877,2.8,,15,0,1,850,,,,,,,,,,,,,,,,1,0.0,0,-28.4,-51.134877,-29.995408,2025-10-16 16:59:15,11,2.8,10
2025-10-16 17:14:16,2025-10-16 17:11:16,2025-10-16 17:11:16,385349,862689070136285,1288,GTRTL,4.07,,698407,12584,80,00,11,,,12,1,0724,0006,060F,0BA7,0.4,0,-12.9,-29.995723,-51.134588,2.8,,,,,,,,,,,,,,,,,,,,,,,,,,,,,,
2025-10-16 17:14:17,2025-10-16 17:11:16,2025-10-16 17:11:16,385349,862689070136285,1289,GTERI,4.07,00008200,698407,12584,80,00,11,,,12,1,0724,0006,060F,0BA7,0.4,0,-12.9,-29.995723,-51.134588,2.8,,14,0,1,850,,,,,,,,,,,,,,,,1,0.4,0,-12.9,-51.134588,-29.995723,2025-10-16 17:11:16,12,2.8,10
2025-10-16 18:11:15,2025-10-16 18:11:15,2025-10-16 18:08:53,385349,862689070136285,1290,GTERI,4.11,00008200,698407,12584,80,00,11,,,10,1,0724,0006,060F,0BA7,0.0,0,-12.9,-29.995723,-51.134588,2.8,,11,0,1,850,,,,,,,,,,,,,,,,1,0.0,0,-12.9,-51.134588,-29.995723,2025-10-16 18:08:53,10,2.8,10
2025-10-16 19:11:16,2025-10-16 19:11:15,2025-10-16 19:08:53,385349,862689070136285,1291,GTERI,4.09,00008200,698407,12576,80,00,11,,,12,1,0724,0006,060F,0BA7,0.0,0,-12.9,-29.995723,-51.134588,2.8,,11,0,1,850,,,,,,,,,,,,,,,,1,0.0,0,-12.9,-51.134588,-29.995723,2025-10-16 19:08:53,12,2.8,10
2025-10-16 20:11:15,2025-10-16 20:11:15,2025-10-16 20:08:53,385349,862689070136285,1292,GTERI,4.06,00008200,698407,12576,80,00,11,,,10,1,0724,0006,060F,0BA7,0.0,0,-12.9,-29.995723,-51.134588,2.8,,11,0,1,850,,,,,,,,,,,,,,,,1,0.0,0,-12.9,-51.134588,-29.995723,2025-10-16 20:08:53,10,2.8,10
2025-10-16 21:24:12,2025-10-16 21:11:15,2025-10-16 21:09:16,385349,862689070136285,1293,GTERI,4.04,00008200,698407,12568,80,00,11,,,7,1,0724,0006,060F,0BA7,0.0,0,-12.9,-29.995723,-51.134588,2.8,,10,0,1,850,,,,,,,,,,,,,,,,1,0.0,0,-12.9,-51.134588,-29.995723,2025-10-16 21:09:16,7,2.8,10
2025-10-16 21:24:14,2025-10-16 21:20:58,2025-10-16 21:20:58,385349,862689070136285,1295,GTRTL,3.89,,698407,12568,80,00,11,,,6,1,0724,0006,060F,0BA7,1.6,260,17.0,-29.995570,-51.134905,2.8,,,,,,,,,,,,,,,,,,,,,,,,,,,,,,
2025-10-16 21:24:14,2025-10-16 21:19:58,2025-10-16 21:19:58,385349,862689070136285,1294,GTDOG,,,,,,,,,,,,,,,,,,,,,,,,,,,,,,,,,,,,,,,,,,,,,,,,,,,
2025-10-16 21:24:15,2025-10-16 21:20:58,2025-10-16 21:20:58,385349,862689070136285,1296,GTERI,3.89,00008200,698407,12568,80,00,11,,,6,1,0724,0006,060F,0BA7,1.6,260,17.0,-29.995570,-51.134905,2.8,,11,0,1,1800,,,,,,,,,,,,,,,,1,1.6,260,17.0,-51.134905,-29.995570,2025-10-16 21:20:58,6,2.8,10
2025-10-16 22:20:56,2025-10-16 22:20:56,2025-10-16 22:18:59,385349,862689070136285,1297,GTERI,3.99,00008200,698407,12560,80,00,11,,,13,1,0724,0006,060F,0BA7,0.0,260,17.0,-29.995570,-51.134905,2.8,,10,0,1,850,,,,,,,,,,,,,,,,1,0.0,260,17.0,-51.134905,-29.995570,2025-10-16 22:18:59,13,2.8,10
2025-10-16 23:20:56,2025-10-16 23:20:56,2025-10-16 23:18:34,385349,862689070136285,1298,GTERI,3.98,00008200,698407,12560,80,00,11,,,8,1,0724,0006,060F,0BA7,0.0,260,17.0,-29.995570,-51.134905,2.8,,10,0,1,850,,,,,,,,,,,,,,,,1,0.0,260,17.0,-51.134905,-29.995570,2025-10-16 23:18:34,8,2.8,10
2025-10-17 00:20:56,2025-10-17 00:20:56,2025-10-17 00:18:34,385349,862689070136285,1299,GTERI,3.96,00008200,698407,12560,80,00,11,,,10,1,0724,0006,060F,0BA7,0.0,260,17.0,-29.995570,-51.134905,2.8,,10,0,1,850,,,,,,,,,,,,,,,,1,0.0,260,17.0,-51.134905,-29.995570,2025-10-17 00:18:34,10,2.8,10
2025-10-17 01:20:56,2025-10-17 01:20:56,2025-10-17 01:18:34,385349,862689070136285,1300,GTERI,3.94,00008200,698407,12551,80,00,11,,,11,1,0724,0006,060F,0BA7,0.0,260,17.0,-29.995570,-51.134905,2.8,,10,0,1,850,,,,,,,,,,,,,,,,1,0.0,260,17.0,-51.134905,-29.995570,2025-10-17 01:18:34,11,2.8,10
2025-10-17 02:20:56,2025-10-17 02:20:56,2025-10-17 02:18:34,385349,862689070136285,1301,GTERI,3.92,00008200,698407,12551,80,00,11,,,11,1,0724,0006,060F,0BA7,0.0,260,17.0,-29.995570,-51.134905,2.8,,10,0,1,850,,,,,,,,,,,,,,,,1,0.0,260,17.0,-51.134905,-29.995570,2025-10-17 02:18:34,11,2.8,10
2025-10-17 03:20:56,2025-10-17 03:20:56,2025-10-17 03:18:34,385349,862689070136285,1302,GTERI,3.90,00008200,698407,12551,80,00,11,,,11,1,0724,0006,060F,0BA7,0.0,260,17.0,-29.995570,-51.134905,2.8,,10,0,1,850,,,,,,,,,,,,,,,,1,0.0,260,17.0,-51.134905,-29.995570,2025-10-17 03:18:34,11,2.8,10
2025-10-17 04:20:56,2025-10-17 04:20:56,2025-10-17 04:18:34,385349,862689070136285,1303,GTERI,3.88,00008200,698407,12543,80,00,11,,,15,1,0724,0006,060F,0BA7,0.0,260,17.0,-29.995570,-51.134905,2.8,,11,0,1,850,,,,,,,,,,,,,,,,1,0.0,260,17.0,-51.134905,-29.995570,2025-10-17 04:18:34,15,2.8,10
2025-10-17 05:20:56,2025-10-17 05:20:56,2025-10-17 05:18:34,385349,862689070136285,1304,GTERI,3.86,00008200,698407,12543,80,00,11,,,14,1,0724,0006,060F,0BA7,0.0,260,17.0,-29.995570,-51.134905,2.8,,10,0,1,850,,,,,,,,,,,,,,,,1,0.0,260,17.0,-51.134905,-29.995570,2025-10-17 05:18:34,14,2.8,10
2025-10-17 06:20:56,2025-10-17 06:20:56,2025-10-17 06:18:34,385349,862689070136285,1305,GTERI,3.85,00008200,698407,12543,80,00,11,,,16,1,0724,0006,060F,0BA7,0.0,260,17.0,-29.995570,-51.134905,2.8,,10,0,1,850,,,,,,,,,,,,,,,,1,0.0,260,17.0,-51.134905,-29.995570,2025-10-17 06:18:34,16,2.8,10
2025-10-17 07:20:56,2025-10-17 07:20:56,2025-10-17 07:18:34,385349,862689070136285,1306,GTERI,3.83,00008200,698407,12535,80,00,11,,,14,1,0724,0006,060F,0BA7,0.0,260,17.0,-29.995570,-51.134905,2.8,,10,0,1,850,,,,,,,,,,,,,,,,1,0.0,260,17.0,-51.134905,-29.995570,2025-10-17 07:18:34,14,2.8,10
