Data/Hora Inclusão,Data/Hora Evento,GNSS UTC Time,IMEI,Sequência,Tipo Mensagem,Máscara Report,Máscara ERI,Tipo Dispositivo,Versão Protocolo,Versão Firmware,Bateria Interna,Alimentação Externa,Analog Input Mode,Analog Input1 Voltage,Digital Input Status,Digital Output Status,Motion Status,Satélites,Duração da Ignição,Precisão GNSS,Velocidade,Azimuth,Altitude,Latitude,Longitude,MCC,MNC,LAC,Cell ID,Hodômetro Atual,Hodômetro Total,Horímetro Atual,Horímetro Total,Motivo Power Off,Motivo Power On,ID,ID Report Type,Comando Customizado,Battery Status,Backup Battery Voltage,Network Type,RAT,Band,IGN Trigger Data,GNSS Trigger Type,Position Report Type,GNSS Signal Status
,,,867488061317839,138,HBD,,,,,,,,,,,,,,,,,,,,,,,,,,,,,,,,,,,,,,,,,,
2025-05-08 06:54:45,,,867488061317839,140,HBD,,,,,,,,,,,,,,,,,,,,,,,,,,,,,,,,,,,,,,,,,,
2025-05-08 06:56:45,,,867488061317839,142,HBD,,,,,,,,,,,,,,,,,,,,,,,,,,,,,,,,,,,,,,,,,,
2025-05-08 06:58:45,,,867488061317839,144,HBD,,,,,,,,,,,,,,,,,,,,,,,,,,,,,,,,,,,,,,,,,,
2025-05-08 06:58:46,2025-05-08 06:58:46,2025-05-08 06:40:20,867488061317839,146,GTIGN,0x09fe7fbf,,802003,0x0a04,0x0a14,100,12558,0,0,1,0,21,12,40185,0,0.0,194,364,-23.270.016,-51.167.876,724,6,c4a7,07a5cc35,0.0,972.7,00:00:00,56:43:31,-,-,01a2cb5224000088,-,,,,,,,,,,
2025-05-08 06:58:46,2025-05-08 06:58:46,2025-05-08 06:40:20,867488061317839,147,GTSTT,0x09fe7fbf,,802003,0x0a04,0x0a14,100,12558,0,0,1,0,21,12,-,0,0.0,194,364,-23.270.016,-51.167.876,724,6,c4a7,07a5cc35,0.0,972.7,00:00:00,56:43:31,-,-,0,-,,,,,,,,,,
2025-05-08 06:58:57,2025-05-08 06:58:58,2025-05-08 06:58:57,867488061317839,148,GTERI,0x09fe3fbf,0x00028102,802003,0x0a04,0x0a14,100,12050,0,-,1,0,21,12,-,1,0.0,194,539,-23.270.341,-51.167.761,724,6,c4a7,07a5cc35,0.0,972.7,00:00:09,56:43:40,-,-,0,-,,,,,4,28,0,0,10,
2025-05-08 06:58:57,2025-05-08 06:58:58,2025-05-08 06:58:57,867488061317839,149,GTIGL,0x09fe7fbf,,802003,0x0a04,0x0a14,100,12050,0,0,1,0,21,12,-,1,0.0,194,539,-23.270.341,-51.167.761,724,6,c4a7,07a5cc35,0.0,972.7,00:00:09,56:43:40,-,-,0,-,,,,,,,,,,
2025-05-08 06:59:04,2025-05-08 06:59:04,2025-05-08 06:59:04,867488061317839,150,GTERI,0x09fe3fbf,0x00028102,802003,0x0a04,0x0a14,100,14421,0,-,1,1,21,12,-,1,3.2,280,544,-23.270.329,-51.167.771,724,6,c4a7,07a5cc35,0.0,972.7,00:00:18,56:43:49,-,-,0,-,,,,,4,28,0,0,11,
2025-05-08 06:59:05,2025-05-08 06:59:06,2025-05-08 06:59:05,867488061317839,151,GTSTT,0x09fe7fbf,,802003,0x0a04,0x0a14,100,14421,0,0,1,1,22,12,-,1,4.0,276,545,-23.270.318,-51.167.779,724,6,c4a7,07a5cc35,0.0,972.7,00:00:18,56:43:49,-,-,0,-,,,,,,,,,,
2025-05-08 06:59:43,2025-05-08 06:59:44,2025-05-08 06:59:43,867488061317839,152,GTSTT,0x09fe7fbf,,802003,0x0a04,0x0a14,100,14364,0,0,1,1,21,12,-,1,0.0,280,545,-23.270.317,-51.167.798,724,6,c4a7,07a5cc35,0.0,972.7,00:00:57,56:44:28,-,-,0,-,,,,,,,,,,
2025-05-08 07:00:12,2025-05-08 07:00:13,2025-05-08 07:00:12,867488061317839,153,GTERI,0x09fe3fbf,0x00028102,802003,0x0a04,0x0a14,100,14436,0,-,1,1,21,12,-,1,7.4,2,546,-23.270.314,-51.167.798,724,6,c4a7,07a5cc35,0.0,972.7,00:01:24,56:44:55,-,-,0,-,,,,,4,28,0,0,11,
2025-05-08 07:00:15,2025-05-08 07:00:16,2025-05-08 07:00:15,867488061317839,154,GTSTT,0x09fe7fbf,,802003,0x0a04,0x0a14,100,14359,0,0,1,1,22,12,-,1,0.0,2,546,-23.270.314,-51.167.798,724,6,c4a7,07a5cc35,0.0,972.7,00:01:27,56:44:58,-,-,0,-,,,,,,,,,,
2025-05-08 07:00:45,,,867488061317839,155,HBD,,,,,,,,,,,,,,,,,,,,,,,,,,,,,,,,,,,,,,,,,,
2025-05-08 07:00:51,2025-05-08 07:00:52,2025-05-08 07:00:51,867488061317839,157,GTERI,0x09fe3fbf,0x00028102,802003,0x0a04,0x0a14,100,14378,0,-,1,1,22,12,-,1,11.0,314,572,-23.268.129,-51.167.845,724,6,c4a7,07a5be33,0.2,973.0,00:02:03,56:45:34,-,-,0,-,,,,,4,28,0,0,11,
2025-05-08 07:00:56,2025-05-08 07:00:57,2025-05-08 07:00:56,867488061317839,158,GTERI,0x09fe3fbf,0x00028102,802003,0x0a04,0x0a14,100,14309,0,-,1,1,22,12,-,1,22.2,268,574,-23.268.096,-51.168.079,724,6,c4a7,07a5be33,0.3,973.0,00:02:09,56:45:40,-,-,0,-,,,,,4,28,0,0,11,
2025-05-08 07:01:53,2025-05-08 07:01:53,2025-05-08 07:01:51,867488061317839,159,GTERI,0x09fe3fbf,0x00028102,802003,0x0a04,0x0a14,100,14296,0,-,1,1,22,12,-,1,21.2,270,578,-23.268.075,-51.172.197,724,6,c4a7,07a6fd34,0.7,973.4,00:03:06,56:46:37,-,-,0,-,,,,,4,28,0,0,10,
2025-05-08 07:01:56,2025-05-08 07:01:57,2025-05-08 07:01:56,867488061317839,160,GTERI,0x09fe3fbf,0x00028102,802003,0x0a04,0x0a14,100,14160,0,-,1,1,22,12,-,1,11.7,328,577,-23.268.011,-51.172.357,724,6,c4a7,07a6fd34,0.7,973.4,00:03:09,56:46:40,-,-,0,-,,,,,4,28,0,0,11,
2025-05-08 07:02:08,2025-05-08 07:02:09,2025-05-08 07:02:07,867488061317839,161,GTIGF,0x09fe7fbf,,802003,0x0a04,0x0a14,100,14231,0,0,0,1,12,12,203,1,0.2,328,576,-23.267.807,-51.172.426,724,6,c4a7,07a6fd34,0.7,973.4,00:03:21,56:46:52,-,-,01a2cb5224000088,-,,,,,,,,,,
2025-05-08 07:02:08,2025-05-08 07:02:09,2025-05-08 07:02:07,867488061317839,162,GTSTT,0x09fe7fbf,,802003,0x0a04,0x0a14,100,14231,0,0,0,1,12,12,-,1,0.2,328,576,-23.267.807,-51.172.426,724,6,c4a7,07a6fd34,0.7,973.4,00:03:21,56:46:52,-,-,0,-,,,,,,,,,,
2025-05-08 07:02:09,2025-05-08 07:02:09,2025-05-08 07:02:08,867488061317839,163,GTERI,0x09fe3fbf,0x00028102,802003,0x0a04,0x0a14,100,14231,0,-,0,1,12,12,-,1,0.0,328,576,-23.267.807,-51.172.426,724,6,c4a7,07a6fd34,0.7,973.4,00:03:21,56:46:52,-,-,0,-,,,,,4,28,0,0,10,
2025-05-08 07:02:09,2025-05-08 07:02:10,2025-05-08 07:02:09,867488061317839,164,GTIGL,0x09fe7fbf,,802003,0x0a04,0x0a14,100,14231,0,0,0,0,12,12,-,1,0.0,328,576,-23.267.807,-51.172.426,724,6,c4a7,07a6fd34,0.7,973.4,00:03:21,56:46:52,-,-,0,-,,,,,,,,,,
2025-05-08 07:02:13,2025-05-08 07:02:13,2025-05-08 07:02:12,867488061317839,165,GTDOS,0x09fe7fbf,,802003,0x0a04,0x0a14,100,13699,0,0,0,1,12,12,-,1,0.0,328,576,-23.267.807,-51.172.426,724,6,c4a7,07a6fd34,0.7,973.4,00:03:21,56:46:52,-,-,0,-,,,,,,,,,,
2025-05-08 07:02:13,2025-05-08 07:02:14,2025-05-08 07:02:13,867488061317839,166,GTDOS,0x09fe7fbf,,802003,0x0a04,0x0a14,100,13699,0,0,0,0,12,12,-,1,0.0,328,576,-23.267.807,-51.172.426,724,6,c4a7,07a6fd34,0.7,973.4,00:03:21,56:46:52,-,-,0,-,,,,,,,,,,
2025-05-08 07:02:45,,,867488061317839,167,HBD,,,,,,,,,,,,,,,,,,,,,,,,,,,,,,,,,,,,,,,,,,
2025-05-08 07:03:25,2025-05-08 07:03:26,2025-05-08 07:03:24,867488061317839,169,GTSTT,0x09fe7fbf,,802003,0x0a04,0x0a14,100,12978,0,0,0,0,11,12,-,1,0.0,328,576,-23.267.807,-51.172.426,724,6,c4a7,07a6fd34,0.7,973.4,00:03:21,56:46:52,-,-,0,-,,,,,,,,,,
2025-05-08 07:04:45,,,867488061317839,170,HBD,,,,,,,,,,,,,,,,,,,,,,,,,,,,,,,,,,,,,,,,,,
2025-05-08 07:04:55,2025-05-08 07:04:55,2025-05-08 07:04:54,867488061317839,172,GTIGN,0x09fe7fbf,,802003,0x0a04,0x0a14,100,12808,0,0,1,0,21,12,166,1,0.0,328,576,-23.267.807,-51.172.426,724,6,c4a7,07a6fd34,0.0,973.4,00:00:00,56:46:52,-,-,01a2cb5224000088,-,,,,,,,,,,
2025-05-08 07:04:55,2025-05-08 07:04:55,2025-05-08 07:04:54,867488061317839,173,GTSTT,0x09fe7fbf,,802003,0x0a04,0x0a14,100,12808,0,0,1,0,21,12,-,1,0.0,328,576,-23.267.807,-51.172.426,724,6,c4a7,07a6fd34,0.0,973.4,00:00:00,56:46:52,-,-,0,-,,,,,,,,,,
2025-05-08 07:04:56,2025-05-08 07:04:56,2025-05-08 07:04:56,867488061317839,174,GTIGL,0x09fe7fbf,,802003,0x0a04,0x0a14,100,12808,0,0,0,0,21,12,-,1,0.0,328,576,-23.267.807,-51.172.426,724,6,c4a7,07a6fd34,0.0,973.4,00:00:00,56:46:52,-,-,0,-,,,,,,,,,,
2025-05-08 07:04:59,2025-05-08 07:05:00,2025-05-08 07:04:59,867488061317839,175,GTERI,0x09fe3fbf,0x00028102,802003,0x0a04,0x0a14,100,12591,0,-,1,0,21,12,-,1,0.0,328,576,-23.267.807,-51.172.426,724,6,c4a7,07a6fd34,0.0,973.4,00:00:03,56:46:55,-,-,0,-,,,,,4,28,0,0,10,
2025-05-08 07:05:06,2025-05-08 07:05:07,2025-05-08 07:05:06,867488061317839,176,GTERI,0x09fe3fbf,0x00028102,802003,0x0a04,0x0a14,100,14202,0,-,1,0,21,12,-,1,7.6,24,577,-23.267.802,-5.117.242,724,6,c4a7,07a6fd34,0.0,973.4,00:00:09,56:47:01,-,-,0,-,,,,,4,28,0,0,11,
2025-05-08 07:05:10,2025-05-08 07:05:10,2025-05-08 07:05:09,867488061317839,177,GTSTT,0x09fe7fbf,,802003,0x0a04,0x0a14,100,14382,0,0,1,0,22,12,-,1,10.9,19,578,-23.267.726,-5.117.238,724,6,c4a7,07a6fd34,0.0,973.4,00:00:15,56:47:07,-,-,0,-,,,,,,,,,,
2025-05-08 07:05:41,2025-05-08 07:05:42,2025-05-08 07:05:41,867488061317839,178,GTSPD,0x09fe7fbf,,802003,0x0a04,0x0a14,100,14392,0,0,1,0,22,12,-,1,42.0,0,583,-23.265.903,-51.172.337,724,6,c4a7,07a5bcd5,0.2,973.6,00:00:45,56:47:37,-,-,0,-,,,,,,,,,,
2025-05-08 07:05:50,2025-05-08 07:05:51,2025-05-08 07:05:50,867488061317839,179,GTSPD,0x09fe7fbf,,802003,0x0a04,0x0a14,100,14392,0,0,1,1,22,12,-,1,35.5,1,585,-23.264.989,-51.172.321,724,6,c4a7,07a5bcd5,0.3,973.7,00:00:54,56:47:46,-,-,0,-,,,,,,,,,,
2025-05-08 07:06:11,2025-05-08 07:06:12,2025-05-08 07:06:11,867488061317839,180,GTSPD,0x09fe7fbf,,802003,0x0a04,0x0a14,100,14388,0,0,1,1,22,12,-,1,43.1,2,588,-23.263.449,-51.172.286,724,6,c4a7,07a5bcdf,0.5,973.9,00:01:15,56:48:07,-,-,0,-,,,,,,,,,,
2025-05-08 07:06:15,2025-05-08 07:06:16,2025-05-08 07:06:15,867488061317839,181,GTSPD,0x09fe7fbf,,802003,0x0a04,0x0a14,100,14237,0,0,1,1,22,12,-,1,36.3,359,588,-2.326.305,-51.172.277,724,6,c4a7,07a5bcdf,0.5,974.0,00:01:18,56:48:10,-,-,0,-,,,,,,,,,,
2025-05-08 07:06:20,2025-05-08 07:06:21,2025-05-08 07:06:20,867488061317839,182,GTERI,0x09fe3fbf,0x00028102,802003,0x0a04,0x0a14,100,14370,0,-,1,1,22,12,-,1,27.4,82,587,-23.262.785,-511.721,724,6,c4a7,07a5bcdf,0.6,974.0,00:01:24,56:48:16,-,-,0,-,,,,,4,7,0,0,11,
2025-05-08 07:06:28,2025-05-08 07:06:28,2025-05-08 07:06:28,867488061317839,183,GTSPD,0x09fe7fbf,,802003,0x0a04,0x0a14,100,14311,0,0,1,1,22,12,-,1,47.3,89,584,-2.326.278,-5.117.125,724,6,c4a7,07a5bcdf,0.6,974.1,00:01:33,56:48:25,-,-,0,-,,,,,,,,,,
2025-05-08 07:06:38,2025-05-08 07:06:38,2025-05-08 07:06:38,867488061317839,184,GTSPD,0x09fe7fbf,,802003,0x0a04,0x0a14,100,14333,0,0,1,1,22,12,-,1,32.6,89,581,-23.262.772,-51.170.089,724,6,c4a7,07a5bcdf,0.8,974.2,00:01:42,56:48:34,-,-,0,-,,,,,,,,,,
2025-05-08 07:06:45,,,867488061317839,185,HBD,,,,,,,,,,,,,,,,,,,,,,,,,,,,,,,,,,,,,,,,,,
2025-05-08 07:06:51,2025-05-08 07:06:51,2025-05-08 07:06:51,867488061317839,187,GTSPD,0x09fe7fbf,,802003,0x0a04,0x0a14,100,14306,0,0,1,1,22,12,-,1,44.3,89,578,-2.326.277,-51.168.958,724,6,c4a7,07a5bcdf,0.9,974.3,00:01:54,56:48:46,-,-,0,-,,,,,,,,,,
2025-05-08 07:07:02,2025-05-08 07:07:03,2025-05-08 07:07:02,867488061317839,188,GTSPD,0x09fe7fbf,,802003,0x0a04,0x0a14,100,14288,0,0,1,1,22,12,-,1,33.0,90,576,-23.262.773,-51.167.701,724,6,c4a7,07a5bcdf,1.0,974.4,00:02:06,56:48:58,-,-,0,-,,,,,,,,,,
2025-05-08 07:07:14,2025-05-08 07:07:15,2025-05-08 07:07:14,867488061317839,189,GTSPD,0x09fe7fbf,,802003,0x0a04,0x0a14,100,14353,0,0,1,1,22,12,-,1,44.6,89,573,-23.262.767,-51.166.638,724,6,c4a7,07a5bcd5,1.1,974.6,00:02:18,56:49:10,-,-,0,-,,,,,,,,,,
2025-05-08 07:07:51,2025-05-08 07:07:52,2025-05-08 07:07:51,867488061317839,190,GTSPD,0x09fe7fbf,,802003,0x0a04,0x0a14,100,14313,0,0,1,1,22,12,-,1,22.7,89,553,-23.262.749,-51.162.004,724,6,c4a7,07a5bc01,1.6,975.0,00:02:54,56:49:46,-,-,0,-,,,,,,,,,,
2025-05-08 07:08:00,2025-05-08 07:08:00,2025-05-08 07:07:58,867488061317839,191,GTERI,0x09fe3fbf,0x00028102,802003,0x0a04,0x0a14,100,14270,0,-,1,1,22,12,-,1,24.3,89,554,-23.262.749,-51.161.608,724,6,c4a7,07a5bc01,1.6,975.1,00:03:03,56:49:55,-,-,0,-,,,,,4,7,0,0,10,
2025-05-08 07:08:12,2025-05-08 07:08:13,2025-05-08 07:08:12,867488061317839,192,GTSPD,0x09fe7fbf,,802003,0x0a04,0x0a14,100,14326,0,0,1,1,22,12,-,1,41.9,90,564,-23.262.759,-51.160.255,724,6,c4a7,07a5bc01,1.8,975.2,00:03:15,56:50:07,-,-,0,-,,,,,,,,,,
2025-05-08 07:08:41,2025-05-08 07:08:42,2025-05-08 07:08:41,867488061317839,193,GTSPD,0x09fe7fbf,,802003,0x0a04,0x0a14,100,14293,0,0,1,1,22,12,-,1,35.2,91,577,-2.326.275,-51.156.846,724,6,c4a7,07a5bc01,2.1,975.6,00:03:45,56:50:37,-,-,0,-,,,,,,,,,,
2025-05-08 07:08:45,,,867488061317839,194,HBD,,,,,,,,,,,,,,,,,,,,,,,,,,,,,,,,,,,,,,,,,,
2025-05-08 07:08:48,2025-05-08 07:08:49,2025-05-08 07:08:48,867488061317839,196,GTERI,0x09fe3fbf,0x00028102,802003,0x0a04,0x0a14,100,14293,0,-,1,1,22,12,-,1,43.5,134,572,-23.263.049,-51.156.226,724,6,c4a7,07a72901,2.2,975.6,00:03:51,56:50:43,-,-,0,-,,,,,4,7,0,0,11,
2025-05-08 07:08:49,2025-05-08 07:08:50,2025-05-08 07:08:49,867488061317839,197,GTSPD,0x09fe7fbf,,802003,0x0a04,0x0a14,100,14293,0,0,1,1,22,12,-,1,46.1,134,572,-23.263.128,-51.156.138,724,6,c4a7,07a72901,2.2,975.6,00:03:54,56:50:46,-,-,0,-,,,,,,,,,,
2025-05-08 07:08:58,2025-05-08 07:08:59,2025-05-08 07:08:57,867488061317839,198,GTDAT,0x09fe7fbf,,802003,0x0a04,0x0a14,100,14293,0,0,1,1,22,12,-,1,51.1,136,565,-23.263.838,-51.155.387,724,6,c4a7,07a72901,2.3,975.8,00:04:03,56:50:55,-,-,0,-,54494d454f55542d4944,,,,,,,,,
2025-05-08 07:09:52,2025-05-08 07:09:52,2025-05-08 07:09:52,867488061317839,199,GTSPD,0x09fe7fbf,,802003,0x0a04,0x0a14,100,14177,0,0,1,1,22,12,-,1,30.2,101,513,-23.269.211,-51.150.715,724,6,c4a7,07a72934,3.1,976.5,00:04:57,56:51:49,-,-,0,-,,,,,,,,,,
2025-05-08 07:10:42,2025-05-08 07:10:43,2025-05-08 07:10:42,867488061317839,200,GTERI,0x09fe3fbf,0x00028102,802003,0x0a04,0x0a14,100,14237,0,-,1,1,22,12,-,1,21.5,185,505,-23.269.835,-51.149.491,724,6,c4a7,07a5ccdd,3.3,976.7,00:05:45,56:52:37,-,-,0,-,,,,,4,7,0,0,11,
2025-05-08 07:10:45,,,867488061317839,201,HBD,,,,,,,,,,,,,,,,,,,,,,,,,,,,,,,,,,,,,,,,,,
2025-05-08 07:10:52,2025-05-08 07:10:53,2025-05-08 07:10:52,867488061317839,203,GTERI,0x09fe3fbf,0x00028102,802003,0x0a04,0x0a14,100,14176,0,-,1,1,22,12,-,1,37.7,140,498,-23.270.681,-51.149.505,724,6,c4a7,07a5ccdd,3.4,976.8,00:05:57,56:52:49,-,-,0,-,,,,,4,7,0,0,11,
2025-05-08 07:10:57,2025-05-08 07:10:58,2025-05-08 07:10:57,867488061317839,204,GTERI,0x09fe3fbf,0x00028102,802003,0x0a04,0x0a14,100,14166,0,-,1,1,22,12,-,1,20.4,89,497,-23.270.807,-51.149.147,724,6,c4a7,07a5ccdd,3.4,976.8,00:06:00,56:52:52,-,-,0,-,,,,,4,7,0,0,11,
2025-05-08 07:11:00,2025-05-08 07:11:00,2025-05-08 07:10:58,867488061317839,205,GTERI,0x09fe3fbf,0x00028102,802003,0x0a04,0x0a14,100,14166,0,-,1,1,22,12,-,1,15.2,85,496,-23.270.803,-51.149.103,724,6,c4a7,07a5ccdd,3.4,976.8,00:06:03,56:52:55,-,-,0,-,,,,,4,7,0,0,10,
2025-05-08 07:11:41,2025-05-08 07:11:42,2025-05-08 07:11:41,867488061317839,206,GTERI,0x09fe3fbf,0x00028102,802003,0x0a04,0x0a14,100,14273,0,-,1,1,22,12,-,1,37.5,35,500,-23.270.167,-51.148.302,724,6,c4a7,07a5ccdd,3.5,977.0,00:06:45,56:53:37,-,-,0,-,,,,,4,7,0,0,11,
2025-05-08 07:11:54,2025-05-08 07:11:55,2025-05-08 07:11:54,867488061317839,207,GTSPD,0x09fe7fbf,,802003,0x0a04,0x0a14,100,14258,0,0,1,1,22,12,-,1,45.2,44,501,-23.269.045,-51.147.802,724,6,c4a7,07a5ccdd,3.7,977.1,00:06:57,56:53:49,-,-,0,-,,,,,,,,,,
2025-05-08 07:12:01,2025-05-08 07:12:02,2025-05-08 07:12:01,867488061317839,208,GTERI,0x09fe3fbf,0x00028102,802003,0x0a04,0x0a14,100,14214,0,-,1,1,22,12,-,1,37.6,80,505,-23.268.702,-51.147.065,724,6,c4a7,07a7290c,3.8,977.2,00:07:06,56:53:58,-,-,0,-,,,,,4,1,0,0,11,
2025-05-08 07:12:03,2025-05-08 07:12:04,2025-05-08 07:12:03,867488061317839,209,GTSPD,0x09fe7fbf,,802003,0x0a04,0x0a14,100,14214,0,0,1,1,22,12,-,1,33.7,84,506,-23.268.681,-51.146.879,724,6,c4a7,07a7290c,3.8,977.2,00:07:06,56:53:58,-,-,0,-,,,,,,,,,,
2025-05-08 07:12:46,,,867488061317839,210,HBD,,,,,,,,,,,,,,,,,,,,,,,,,,,,,,,,,,,,,,,,,,
2025-05-08 07:13:08,2025-05-08 07:13:08,2025-05-08 07:13:07,867488061317839,212,GTHBM,0x09fe7fbf,,802003,0x0a04,0x0a14,100,14189,0,0,1,1,22,12,-,1,10.6,89,519,-23.268.723,-51.141.167,724,6,c3df,07a7390b,4.4,977.8,00:08:12,56:55:04,-,-,0,-,,,,,,,,,,
2025-05-08 07:13:18,2025-05-08 07:13:19,2025-05-08 07:13:18,867488061317839,213,GTERI,0x09fe3fbf,0x00028102,802003,0x0a04,0x0a14,100,13876,0,-,1,0,22,12,-,1,10.6,26,517,-23.268.671,-51.141.065,724,6,c3df,07a7390b,4.4,977.8,00:08:21,56:55:13,-,-,0,-,,,,,4,1,0,0,11,
2025-05-08 07:13:31,2025-05-08 07:13:32,2025-05-08 07:13:31,867488061317839,214,GTSPD,0x09fe7fbf,,802003,0x0a04,0x0a14,100,14141,0,0,1,0,22,12,-,1,44.1,0,515,-23.267.694,-51.141.139,724,6,c3df,07a7390b,4.5,977.9,00:08:36,56:55:28,-,-,0,-,,,,,,,,,,
2025-05-08 07:13:32,2025-05-08 07:13:32,2025-05-08 07:13:31,867488061317839,215,GTDOS,0x09fe7fbf,,802003,0x0a04,0x0a14,100,14141,0,0,1,1,22,12,-,1,44.1,0,515,-23.267.694,-51.141.139,724,6,c3df,07a7390b,4.5,977.9,00:08:36,56:55:28,-,-,0,-,,,,,,,,,,
2025-05-08 07:13:36,2025-05-08 07:13:37,2025-05-08 07:13:36,867488061317839,216,GTSPD,0x09fe7fbf,,802003,0x0a04,0x0a14,100,14071,0,0,1,1,22,12,-,1,30.6,359,516,-23.267.216,-51.141.134,724,6,c4a7,07a54f0b,4.5,977.9,00:08:39,56:55:31,-,-,0,-,,,,,,,,,,
2025-05-08 07:14:00,2025-05-08 07:14:00,2025-05-08 07:13:58,867488061317839,217,GTERI,0x09fe3fbf,0x00028102,802003,0x0a04,0x0a14,100,14141,0,-,1,1,22,12,-,1,34.9,359,520,-23.265.508,-5.114.111,724,6,c4a7,07a57d0c,4.7,978.2,00:09:03,56:55:55,-,-,0,-,,,,,4,1,0,0,10,
2025-05-08 07:14:02,2025-05-08 07:14:02,2025-05-08 07:14:02,867488061317839,218,GTERI,0x09fe3fbf,0x00028102,802003,0x0a04,0x0a14,100,14060,0,-,1,1,22,12,-,1,21.3,45,521,-23.265.295,-51.141.014,724,6,c3df,07a7390b,4.7,978.2,00:09:06,56:55:58,-,-,0,-,,,,,4,1,0,0,11,
2025-05-08 07:14:04,2025-05-08 07:14:05,2025-05-08 07:14:04,867488061317839,219,GTERI,0x09fe3fbf,0x00028102,802003,0x0a04,0x0a14,100,14007,0,-,1,1,22,12,-,1,22.8,90,522,-23.265.302,-51.140.895,724,6,c4a7,07a57d0c,4.7,978.2,00:09:09,56:56:01,-,-,0,-,,,,,4,1,0,0,11,
2025-05-08 07:14:17,2025-05-08 07:14:18,2025-05-08 07:14:17,867488061317839,220,GTSPD,0x09fe7fbf,,802003,0x0a04,0x0a14,100,14089,0,0,1,1,22,12,-,1,41.4,89,528,-23.265.313,-51.139.623,724,6,c3df,07a7390b,4.9,978.3,00:09:21,56:56:13,-,-,0,-,,,,,,,,,,
2025-05-08 07:14:28,2025-05-08 07:14:29,2025-05-08 07:14:28,867488061317839,221,GTSPD,0x09fe7fbf,,802003,0x0a04,0x0a14,100,14089,0,0,1,1,22,12,-,1,29.6,89,539,-23.265.319,-51.138.414,724,6,c4a7,07a57d0c,5.0,978.4,00:09:33,56:56:25,-,-,0,-,,,,,,,,,,
2025-05-08 07:14:46,,,867488061317839,222,HBD,,,,,,,,,,,,,,,,,,,,,,,,,,,,,,,,,,,,,,,,,,
2025-05-08 07:15:02,2025-05-08 07:15:03,2025-05-08 07:15:02,867488061317839,224,GTERI,0x09fe3fbf,0x00028102,802003,0x0a04,0x0a14,100,13998,0,-,1,1,22,12,-,1,9.9,17,541,-23.265.324,-51.138.035,724,6,c4a7,07a7290c,5.0,978.4,00:10:06,56:56:58,-,-,0,-,,,,,4,1,0,0,11,
2025-05-08 07:15:07,2025-05-08 07:15:08,2025-05-08 07:15:07,867488061317839,225,GTERI,0x09fe3fbf,0x00028102,802003,0x0a04,0x0a14,100,13965,0,-,1,1,22,12,-,1,3.4,94,542,-23.265.291,-51.138.042,724,6,c3df,07a7390b,5.0,978.4,00:10:12,56:57:04,-,-,0,-,,,,,4,1,0,0,11,
2025-05-08 07:15:46,2025-05-08 07:15:47,2025-05-08 07:15:46,867488061317839,226,GTERI,0x09fe3fbf,0x00028102,802003,0x0a04,0x0a14,100,14003,0,-,1,1,22,12,-,1,7.4,312,541,-23.265.324,-51.138.006,724,6,c4a7,07a7290c,5.0,978.4,00:10:51,56:57:43,-,-,0,-,,,,,4,1,0,0,11,
2025-05-08 07:15:51,2025-05-08 07:15:52,2025-05-08 07:15:51,867488061317839,227,GTERI,0x09fe3fbf,0x00028102,802003,0x0a04,0x0a14,100,14074,0,-,1,1,22,12,-,1,8.2,260,541,-23.265.302,-51.138.136,724,6,c4a7,07a7290c,5.0,978.4,00:10:54,56:57:46,-,-,0,-,,,,,4,1,0,0,11,
2025-05-08 07:15:53,2025-05-08 07:15:54,2025-05-08 07:15:53,867488061317839,228,GTERI,0x09fe3fbf,0x00028102,802003,0x0a04,0x0a14,100,14074,0,-,1,1,22,12,-,1,14.1,212,541,-23.265.348,-51.138.174,724,6,c4a7,07a7290c,5.0,978.4,00:10:57,56:57:49,-,-,0,-,,,,,4,1,0,0,11,
2025-05-08 07:16:01,2025-05-08 07:16:02,2025-05-08 07:16:01,867488061317839,229,GTSPD,0x09fe7fbf,,802003,0x0a04,0x0a14,100,14015,0,0,1,1,22,12,-,1,44.0,181,537,-23.265.996,-51.138.191,724,6,c4a7,07a54f33,5.1,978.5,00:11:06,56:57:58,-,-,0,-,,,,,,,,,,
2025-05-08 07:16:46,,,867488061317839,230,HBD,,,,,,,,,,,,,,,,,,,,,,,,,,,,,,,,,,,,,,,,,,
2025-05-08 07:17:00,2025-05-08 07:17:01,2025-05-08 07:16:58,867488061317839,232,GTERI,0x09fe3fbf,0x00028102,802003,0x0a04,0x0a14,100,13997,0,-,1,1,22,12,-,1,55.1,183,490,-23.273.159,-51.138.511,724,6,c4a7,07a72916,5.9,979.3,00:12:03,56:58:55,-,-,0,-,,,,,4,3,0,0,10,
2025-05-08 07:17:31,2025-05-08 07:17:31,2025-05-08 07:17:31,867488061317839,233,GTSPD,0x09fe7fbf,,802003,0x0a04,0x0a14,100,14052,0,0,1,1,22,12,-,1,34.9,193,521,-23.277.463,-51.138.671,724,6,c4a7,07a54f15,6.4,979.8,00:12:36,56:59:28,-,-,0,-,,,,,,,,,,
2025-05-08 07:17:45,2025-05-08 07:17:45,2025-05-08 07:17:45,867488061317839,234,GTERI,0x09fe3fbf,0x00028102,802003,0x0a04,0x0a14,100,14011,0,-,1,1,22,12,-,1,38.3,135,530,-23.278.536,-51.138.892,724,6,c4a7,07a54f15,6.5,979.9,00:12:48,56:59:40,-,-,0,-,,,,,4,3,0,0,11,
2025-05-08 07:17:52,2025-05-08 07:17:52,2025-05-08 07:17:52,867488061317839,235,GTERI,0x09fe3fbf,0x00028102,802003,0x0a04,0x0a14,100,14027,0,-,1,1,22,12,-,1,43.0,180,530,-23.279.144,-51.138.637,724,6,c4a7,07a54f15,6.6,980.0,00:12:57,56:59:49,-,-,0,-,,,,,4,3,0,0,11,
2025-05-08 07:17:53,2025-05-08 07:17:53,2025-05-08 07:17:53,867488061317839,236,GTSPD,0x09fe7fbf,,802003,0x0a04,0x0a14,100,14027,0,0,1,1,22,12,-,1,44.2,180,530,-23.279.254,-51.138.637,724,6,c4a7,07a54f15,6.6,980.0,00:12:57,56:59:49,-,-,0,-,,,,,,,,,,
2025-05-08 07:18:46,,,867488061317839,237,HBD,,,,,,,,,,,,,,,,,,,,,,,,,,,,,,,,,,,,,,,,,,
2025-05-08 07:19:32,2025-05-08 07:19:33,2025-05-08 07:19:32,867488061317839,239,GTSPD,0x09fe7fbf,,802003,0x0a04,0x0a14,100,14101,0,0,1,1,22,12,-,1,32.7,179,530,-23.291.676,-51.138.949,724,6,c4a7,07a54f0d,8.0,981.4,00:14:36,57:01:28,-,-,0,-,,,,,,,,,,
2025-05-08 07:19:55,2025-05-08 07:19:56,2025-05-08 07:19:55,867488061317839,240,GTERI,0x09fe3fbf,0x00028102,802003,0x0a04,0x0a14,100,13981,0,-,1,1,22,12,-,1,14.0,233,528,-23.292.832,-51.139.077,724,6,c4a7,07a54f0d,8.1,981.5,00:15:00,57:01:52,-,-,0,-,,,,,4,1,0,0,11,
2025-05-08 07:20:00,2025-05-08 07:20:01,2025-05-08 07:19:58,867488061317839,241,GTERI,0x09fe3fbf,0x00028102,802003,0x0a04,0x0a14,100,13981,0,-,1,1,22,12,-,1,22.2,263,528,-23.292.865,-51.139.229,724,6,c4a7,07a54f0d,8.1,981.6,00:15:03,57:01:55,-,-,0,-,,,,,4,1,0,0,10,
2025-05-08 07:20:46,,,867488061317839,242,HBD,,,,,,,,,,,,,,,,,,,,,,,,,,,,,,,,,,,,,,,,,,
2025-05-08 07:21:39,2025-05-08 07:21:39,2025-05-08 07:21:39,867488061317839,244,GTSPD,0x09fe7fbf,,802003,0x0a04,0x0a14,100,13981,0,0,1,1,22,12,-,1,44.5,271,532,-23.292.895,-51.143.261,724,6,c4a7,07a54f0d,8.5,982.0,00:16:42,57:03:34,-,-,0,-,,,,,,,,,,
2025-05-08 07:22:46,,,867488061317839,245,HBD,,,,,,,,,,,,,,,,,,,,,,,,,,,,,,,,,,,,,,,,,,
2025-05-08 07:22:52,2025-05-08 07:22:53,2025-05-08 07:22:52,867488061317839,247,GTSPD,0x09fe7fbf,,802003,0x0a04,0x0a14,100,13853,0,0,1,1,22,12,-,1,30.2,269,525,-23.292.865,-51.153.481,724,6,c4a7,07a7430b,9.6,983.0,00:17:57,57:04:49,-,-,0,-,,,,,,,,,,
2025-05-08 07:23:00,2025-05-08 07:23:00,2025-05-08 07:22:58,867488061317839,248,GTERI,0x09fe3fbf,0x00028102,802003,0x0a04,0x0a14,100,13713,0,-,1,1,22,12,-,1,2.4,262,526,-23.292.866,-51.153.711,724,6,c4a7,07a7430b,9.6,983.0,00:18:03,57:04:55,-,-,0,-,,,,,4,1,0,0,10,
2025-05-08 07:24:05,2025-05-08 07:24:05,2025-05-08 07:24:05,867488061317839,249,GTSPD,0x09fe7fbf,,802003,0x0a04,0x0a14,100,13847,0,0,1,1,22,12,-,1,46.0,270,529,-23.292.854,-51.154.939,724,6,c4a7,07a7430b,9.7,983.1,00:19:09,57:06:01,-,-,0,-,,,,,,,,,,
2025-05-08 07:24:42,2025-05-08 07:24:42,2025-05-08 07:24:42,867488061317839,250,GTSPD,0x09fe7fbf,,802003,0x0a04,0x0a14,100,13817,0,0,1,1,22,12,-,1,31.4,269,537,-23.292.844,-51.160.505,724,6,c4a7,07a7430d,10.3,983.7,00:19:45,57:06:37,-,-,0,-,,,,,,,,,,
2025-05-08 07:24:46,,,867488061317839,251,HBD,,,,,,,,,,,,,,,,,,,,,,,,,,,,,,,,,,,,,,,,,,
2025-05-08 07:25:16,2025-05-08 07:25:17,2025-05-08 07:25:16,867488061317839,253,GTSPD,0x09fe7fbf,,802003,0x0a04,0x0a14,100,13889,0,0,1,1,22,12,-,1,46.3,270,539,-23.292.824,-51.162.004,724,6,c4a7,07a7430d,10.4,983.8,00:20:21,57:07:13,-,-,0,-,,,,,,,,,,
2025-05-08 07:26:00,2025-05-08 07:26:00,2025-05-08 07:25:58,867488061317839,254,GTERI,0x09fe3fbf,0x00028102,802003,0x0a04,0x0a14,100,13836,0,-,1,1,22,12,-,1,40.7,270,556,-23.292.708,-51.167.847,724,6,c4a7,07a7430d,11.0,984.5,00:21:03,57:07:55,-,-,0,-,,,,,4,1,0,0,10,
2025-05-08 07:26:01,2025-05-08 07:26:02,2025-05-08 07:26:01,867488061317839,255,GTSPD,0x09fe7fbf,,802003,0x0a04,0x0a14,100,13836,0,0,1,1,22,12,-,1,37.3,269,557,-23.292.706,-51.168.156,724,6,c4a7,07a7430d,11.1,984.5,00:21:06,57:07:58,-,-,0,-,,,,,,,,,,
2025-05-08 07:26:05,2025-05-08 07:26:06,2025-05-08 07:26:05,867488061317839,256,GTSPD,0x09fe7fbf,,802003,0x0a04,0x0a14,100,13817,0,0,1,1,22,12,-,1,47.4,271,558,-23.292.697,-51.168.627,724,6,c4a7,07a7430d,11.1,984.5,00:21:09,57:08:01,-,-,0,-,,,,,,,,,,
2025-05-08 07:26:29,2025-05-08 07:26:29,2025-05-08 07:26:29,867488061317839,257,GTSPD,0x09fe7fbf,,802003,0x0a04,0x0a14,100,13666,0,0,1,1,22,12,-,1,33.0,282,555,-23.292.486,-51.171.825,724,6,c3df,07a7100c,11.4,984.8,00:21:33,57:08:25,-,-,0,-,,,,,,,,,,
2025-05-08 07:26:46,,,867488061317839,258,HBD,,,,,,,,,,,,,,,,,,,,,,,,,,,,,,,,,,,,,,,,,,
2025-05-08 07:28:26,2025-05-08 07:28:27,2025-05-08 07:28:26,867488061317839,260,GTERI,0x09fe3fbf,0x00028102,802003,0x0a04,0x0a14,100,13725,0,-,1,1,22,12,-,1,11.5,219,544,-23.292.296,-51.173.231,724,6,c4a7,07a5be0c,11.6,985.0,00:23:30,57:10:22,-,-,0,-,,,,,4,1,0,0,11,
2025-05-08 07:28:47,,,867488061317839,261,HBD,,,,,,,,,,,,,,,,,,,,,,,,,,,,,,,,,,,,,,,,,,
2025-05-08 07:28:47,2025-05-08 07:28:48,2025-05-08 07:28:47,867488061317839,263,GTSPD,0x09fe7fbf,,802003,0x0a04,0x0a14,100,13840,0,0,1,1,22,12,-,1,42.8,181,555,-23.293.813,-51.173.286,724,6,c4a7,07a5be0c,11.8,985.2,00:23:51,57:10:43,-,-,0,-,,,,,,,,,,
2025-05-08 07:28:52,2025-05-08 07:28:53,2025-05-08 07:28:52,867488061317839,264,GTSPD,0x09fe7fbf,,802003,0x0a04,0x0a14,100,13840,0,0,1,1,22,12,-,1,36.5,181,557,-23.294.308,-51.173.308,724,6,c4a7,07a5be0c,11.8,985.2,00:23:57,57:10:49,-,-,0,-,,,,,,,,,,
2025-05-08 07:29:00,2025-05-08 07:29:00,2025-05-08 07:28:59,867488061317839,265,GTERI,0x09fe3fbf,0x00028102,802003,0x0a04,0x0a14,100,13840,0,-,1,1,22,12,-,1,32.8,182,561,-23.294.904,-51.173.327,724,6,c4a7,07a5be0c,11.9,985.3,00:24:03,57:10:55,-,-,0,-,,,,,4,1,0,0,10,
2025-05-08 07:29:56,2025-05-08 07:29:57,2025-05-08 07:29:56,867488061317839,266,GTSPD,0x09fe7fbf,,802003,0x0a04,0x0a14,100,13813,0,0,1,1,22,12,-,1,40.4,181,581,-2.329.798,-51.173.447,724,6,c4a7,07a5420c,12.2,985.6,00:25:00,57:11:52,-,-,0,-,,,,,,,,,,
2025-05-08 07:30:00,2025-05-08 07:30:01,2025-05-08 07:30:00,867488061317839,267,GTSPD,0x09fe7fbf,,802003,0x0a04,0x0a14,100,13813,0,0,1,1,22,12,-,1,38.8,182,585,-23.298.377,-51.173.459,724,6,c4a7,07a5420c,12.2,985.7,00:25:03,57:11:55,-,-,0,-,,,,,,,,,,
2025-05-08 07:30:34,2025-05-08 07:30:35,2025-05-08 07:30:34,867488061317839,268,GTERI,0x09fe3fbf,0x00028102,802003,0x0a04,0x0a14,100,13655,0,-,1,1,22,12,-,1,27.9,241,599,-23.300.116,-51.173.655,724,6,c4a7,07a5420b,12.4,985.9,00:25:39,57:12:31,-,-,0,-,,,,,4,1,0,0,11,
2025-05-08 07:30:44,2025-05-08 07:30:45,2025-05-08 07:30:44,867488061317839,269,GTSPD,0x09fe7fbf,,802003,0x0a04,0x0a14,100,13725,0,0,1,1,22,12,-,1,43.9,264,602,-23.300.265,-51.174.662,724,6,c4a7,07a5420b,12.6,986.0,00:25:48,57:12:40,-,-,0,-,,,,,,,,,,
2025-05-08 07:30:47,,,867488061317839,270,HBD,,,,,,,,,,,,,,,,,,,,,,,,,,,,,,,,,,,,,,,,,,
2025-05-08 07:30:50,2025-05-08 07:30:51,2025-05-08 07:30:50,867488061317839,272,GTSPD,0x09fe7fbf,,802003,0x0a04,0x0a14,100,13635,0,0,1,1,22,12,-,1,23.3,262,603,-23.300.337,-51.175.297,724,6,c4a7,07a5420b,12.6,986.0,00:25:54,57:12:46,-,-,0,-,,,,,,,,,,
2025-05-08 07:31:22,2025-05-08 07:31:23,2025-05-08 07:31:22,867488061317839,274,GTSPD,0x09fe7fbf,,802003,0x0a04,0x0a14,100,13758,0,0,1,1,22,12,-,1,42.1,265,607,-23.300.566,-51.177.399,724,6,c4a7,07a5f50b,12.8,986.2,00:26:27,57:13:19,-,-,0,-,,,,,,,,,,
2025-05-08 07:31:26,2025-05-08 07:31:27,2025-05-08 07:31:26,867488061317839,275,GTSPD,0x09fe7fbf,,802003,0x0a04,0x0a14,100,13758,0,0,1,1,22,12,-,1,33.9,264,607,-23.300.602,-51.177.807,724,6,c4a7,07a5f50b,12.9,986.3,00:26:30,57:13:22,-,-,0,-,,,,,,,,,,
2025-05-08 07:32:00,2025-05-08 07:32:00,2025-05-08 07:31:58,867488061317839,276,GTERI,0x09fe3fbf,0x00028102,802003,0x0a04,0x0a14,100,13752,0,-,1,1,22,12,-,1,0.0,241,607,-23.300.608,-51.178.163,724,6,c4a7,07a5f50b,12.9,986.3,00:27:03,57:13:55,-,-,0,-,,,,,4,1,0,0,10,
2025-05-08 07:32:47,,,867488061317839,277,HBD,,,,,,,,,,,,,,,,,,,,,,,,,,,,,,,,,,,,,,,,,,
2025-05-08 07:33:50,2025-05-08 07:33:51,2025-05-08 07:33:50,867488061317839,279,GTERI,0x09fe3fbf,0x00028102,802003,0x0a04,0x0a14,100,13739,0,-,1,1,22,12,-,1,20.0,195,608,-23.301.119,-51.179.087,724,6,c4a7,07a5f50b,13.0,986.4,00:28:54,57:15:46,-,-,0,-,,,,,4,1,0,0,11,
2025-05-08 07:34:47,,,867488061317839,280,HBD,,,,,,,,,,,,,,,,,,,,,,,,,,,,,,,,,,,,,,,,,,
2025-05-08 07:35:00,2025-05-08 07:35:00,2025-05-08 07:34:58,867488061317839,282,GTERI,0x09fe3fbf,0x00028102,802003,0x0a04,0x0a14,100,13780,0,-,1,1,22,12,-,1,12.8,168,609,-23.302.094,-51.179.085,724,6,c4a7,07a5f50b,13.1,986.5,00:30:03,57:16:55,-,-,0,-,,,,,4,1,0,0,10,
2025-05-08 07:36:45,2025-05-08 07:36:45,2025-05-08 07:36:45,867488061317839,283,GTSPD,0x09fe7fbf,,802003,0x0a04,0x0a14,100,13779,0,0,1,1,22,12,-,1,45.2,172,611,-23.303.945,-51.178.843,724,6,c4a7,07b1110b,13.3,986.7,00:31:48,57:18:40,-,-,0,-,,,,,,,,,,
2025-05-08 07:36:47,,,867488061317839,284,HBD,,,,,,,,,,,,,,,,,,,,,,,,,,,,,,,,,,,,,,,,,,
2025-05-08 07:36:55,2025-05-08 07:36:55,2025-05-08 07:36:55,867488061317839,286,GTSPD,0x09fe7fbf,,802003,0x0a04,0x0a14,100,13709,0,0,1,1,22,12,-,1,37.6,172,609,-23.305.026,-51.178.691,724,6,c4a7,07b1110b,13.4,986.9,00:32:00,57:18:52,-,-,0,-,,,,,,,,,,
2025-05-08 07:38:00,2025-05-08 07:38:00,2025-05-08 07:37:58,867488061317839,287,GTERI,0x09fe3fbf,0x00028102,802003,0x0a04,0x0a14,100,13757,0,-,1,1,22,12,-,1,26.5,172,605,-23.309.193,-51.178.115,724,6,c4a7,07b1110c,13.9,987.3,00:33:03,57:19:55,-,-,0,-,,,,,4,1,0,0,10,
2025-05-08 07:38:06,2025-05-08 07:38:07,2025-05-08 07:38:06,867488061317839,288,GTSPD,0x09fe7fbf,,802003,0x0a04,0x0a14,100,13772,0,0,1,1,22,12,-,1,44.1,172,604,-23.309.931,-51.178.014,724,6,c4a7,07b1110c,14.0,987.4,00:33:09,57:20:01,-,-,0,-,,,,,,,,,,
2025-05-08 07:38:31,2025-05-08 07:38:32,2025-05-08 07:38:31,867488061317839,289,GTSPD,0x09fe7fbf,,802003,0x0a04,0x0a14,100,13772,0,0,1,1,22,12,-,1,37.8,172,601,-23.312.784,-51.177.622,724,6,c4a7,07a5530b,14.3,987.7,00:33:36,57:20:28,-,-,0,-,,,,,,,,,,
2025-05-08 07:38:47,,,867488061317839,290,HBD,,,,,,,,,,,,,,,,,,,,,,,,,,,,,,,,,,,,,,,,,,
2025-05-08 07:39:33,2025-05-08 07:39:34,2025-05-08 07:39:33,867488061317839,292,GTERI,0x09fe3fbf,0x00028102,802003,0x0a04,0x0a14,100,13736,0,-,1,1,22,12,-,1,20.0,219,597,-23.314.201,-51.177.475,724,6,c4a7,07a5530c,14.4,987.9,00:34:36,57:21:28,-,-,0,-,,,,,4,1,0,0,11,
2025-05-08 07:39:39,2025-05-08 07:39:40,2025-05-08 07:39:39,867488061317839,293,GTERI,0x09fe3fbf,0x00028102,802003,0x0a04,0x0a14,100,13664,0,-,1,1,22,12,-,1,29.7,168,597,-23.314.598,-51.177.624,724,6,c4a7,07a5530c,14.5,987.9,00:34:42,57:21:34,-,-,0,-,,,,,4,1,0,0,11,
2025-05-08 07:39:51,2025-05-08 07:39:52,2025-05-08 07:39:51,867488061317839,294,GTSPD,0x09fe7fbf,,802003,0x0a04,0x0a14,100,13691,0,0,1,1,22,12,-,1,48.0,172,596,-23.315.592,-51.177.193,724,6,c4a7,07a5530c,14.6,988.0,00:34:54,57:21:46,-,-,0,-,,,,,,,,,,
2025-05-08 07:40:01,2025-05-08 07:40:02,2025-05-08 07:40:01,867488061317839,295,GTSPD,0x09fe7fbf,,802003,0x0a04,0x0a14,100,13565,0,0,1,1,22,12,-,1,32.6,172,595,-23.316.714,-51.177.054,724,6,c4a7,07a5530c,14.7,988.1,00:35:06,57:21:58,-,-,0,-,,,,,,,,,,
2025-05-08 07:40:47,,,867488061317839,296,HBD,,,,,,,,,,,,,,,,,,,,,,,,,,,,,,,,,,,,,,,,,,
2025-05-08 07:40:55,2025-05-08 07:40:56,2025-05-08 07:40:55,867488061317839,298,GTSPD,0x09fe7fbf,,802003,0x0a04,0x0a14,100,13731,0,0,1,1,22,12,-,1,43.2,172,589,-233.196,-51.176.689,724,6,c4a7,07a7150d,15.0,988.5,00:36:00,57:22:52,-,-,0,-,,,,,,,,,,
2025-05-08 07:41:00,2025-05-08 07:41:01,2025-05-08 07:40:58,867488061317839,299,GTERI,0x09fe3fbf,0x00028102,802003,0x0a04,0x0a14,100,13640,0,-,1,1,22,12,-,1,44.0,173,588,-23.319.929,-51.176.645,724,6,c4a7,07a5530c,15.1,988.5,00:36:03,57:22:55,-,-,0,-,,,,,4,1,0,0,10,
2025-05-08 07:41:03,2025-05-08 07:41:03,2025-05-08 07:41:03,867488061317839,300,GTSPD,0x09fe7fbf,,802003,0x0a04,0x0a14,100,13640,0,0,1,1,22,12,-,1,38.4,172,585,-23.320.436,-51.176.574,724,6,c4a7,07a7140b,15.1,988.6,00:36:06,57:22:58,-,-,0,-,,,,,,,,,,
2025-05-08 07:41:08,2025-05-08 07:41:08,2025-05-08 07:41:08,867488061317839,301,GTSPD,0x09fe7fbf,,802003,0x0a04,0x0a14,100,13640,0,0,1,1,22,12,-,1,42.2,172,581,-23.320.937,-51.176.505,724,6,c4a7,07a5500b,15.2,988.6,00:36:12,57:23:04,-,-,0,-,,,,,,,,,,
2025-05-08 07:41:15,2025-05-08 07:41:15,2025-05-08 07:41:15,867488061317839,302,GTSPD,0x09fe7fbf,,802003,0x0a04,0x0a14,100,13695,0,0,1,1,22,12,-,1,38.9,172,577,-23.321.642,-51.176.412,724,6,c4a7,07a7140b,15.3,988.7,00:36:18,57:23:10,-,-,0,-,,,,,,,,,,
2025-05-08 07:41:19,2025-05-08 07:41:19,2025-05-08 07:41:19,867488061317839,303,GTSPD,0x09fe7fbf,,802003,0x0a04,0x0a14,100,13695,0,0,1,1,22,12,-,1,45.7,172,573,-23.322.069,-51.176.356,724,6,c4a7,07a7140b,15.3,988.7,00:36:24,57:23:16,-,-,0,-,,,,,,,,,,
2025-05-08 07:41:35,2025-05-08 07:41:35,2025-05-08 07:41:35,867488061317839,304,GTSPD,0x09fe7fbf,,802003,0x0a04,0x0a14,100,13645,0,0,1,1,22,12,-,1,35.8,178,554,-23.323.919,-51.176.125,724,6,c4a7,07a7140b,15.5,989.0,00:36:39,57:23:31,-,-,0,-,,,,,,,,,,
2025-05-08 07:41:41,2025-05-08 07:41:41,2025-05-08 07:41:41,867488061317839,305,GTERI,0x09fe3fbf,0x00028102,802003,0x0a04,0x0a14,100,13645,0,-,1,1,22,12,-,1,29.1,220,547,-23.324.412,-51.176.307,724,6,c4a7,07a7140b,15.6,989.0,00:36:45,57:23:37,-,-,0,-,,,,,4,1,0,0,11,
2025-05-08 07:41:58,2025-05-08 07:41:58,2025-05-08 07:41:58,867488061317839,306,GTERI,0x09fe3fbf,0x00028102,802003,0x0a04,0x0a14,100,13766,0,-,1,1,22,12,-,1,15.6,173,540,-23.324.843,-51.176.806,724,6,c4a7,07a71401,15.6,989.1,00:37:03,57:23:55,-,-,0,-,,,,,4,7,0,0,11,
2025-05-08 07:42:16,2025-05-08 07:42:16,2025-05-08 07:42:16,867488061317839,307,GTERI,0x09fe3fbf,0x00028102,802003,0x0a04,0x0a14,100,13628,0,-,1,1,22,12,-,1,16.7,219,538,-23.325.685,-51.177.052,724,6,c4a7,07a71401,15.8,989.2,00:37:21,57:24:13,-,-,0,-,,,,,4,7,0,0,11,
2025-05-08 07:42:47,,,867488061317839,308,HBD,,,,,,,,,,,,,,,,,,,,,,,,,,,,,,,,,,,,,,,,,,
2025-05-08 07:43:01,2025-05-08 07:43:02,2025-05-08 07:43:01,867488061317839,310,GTERI,0x09fe3fbf,0x00028102,802003,0x0a04,0x0a14,100,13712,0,-,1,1,22,12,-,1,24.0,173,536,-23.326.014,-51.177.397,724,6,c4a7,07a71401,15.8,989.2,00:38:06,57:24:58,-,-,0,-,,,,,4,7,0,0,11,
2025-05-08 07:43:14,2025-05-08 07:43:15,2025-05-08 07:43:14,867488061317839,311,GTSPD,0x09fe7fbf,,802003,0x0a04,0x0a14,100,13762,0,0,1,1,22,12,-,1,41.9,181,542,-2.332.712,-51.177.314,724,6,c4a7,07a71401,15.9,989.3,00:38:18,57:25:10,-,-,0,-,,,,,,,,,,
2025-05-08 07:43:26,2025-05-08 07:43:27,2025-05-08 07:43:26,867488061317839,312,GTSPD,0x09fe7fbf,,802003,0x0a04,0x0a14,100,13663,0,0,1,1,22,12,-,1,33.9,182,550,-23.328.338,-51.177.366,724,6,c4a7,07a7140b,16.0,989.5,00:38:30,57:25:22,-,-,0,-,,,,,,,,,,
2025-05-08 07:44:00,2025-05-08 07:44:01,2025-05-08 07:43:58,867488061317839,313,GTERI,0x09fe3fbf,0x00028102,802003,0x0a04,0x0a14,100,13705,0,-,1,1,22,12,-,1,6.8,183,561,-23.329.013,-51.177.433,724,6,c4a7,07a7150d,16.1,989.5,00:39:03,57:25:55,-,-,0,-,,,,,4,1,0,0,10,
2025-05-08 07:44:47,,,867488061317839,314,HBD,,,,,,,,,,,,,,,,,,,,,,,,,,,,,,,,,,,,,,,,,,
2025-05-08 07:45:42,2025-05-08 07:45:41,2025-05-08 07:45:33,867488061317839,316,GTIGF,0x09fe7fbf,,802003,0x0a04,0x0a14,100,13686,0,0,0,1,12,10,2446,0,0.0,183,568,-23.329.524,-51.177.534,724,6,c4a7,07a71416,16.2,989.6,00:40:45,57:27:37,-,-,01a2cb5224000088,-,,,,,,,,,,
2025-05-08 07:45:43,2025-05-08 07:45:41,2025-05-08 07:45:33,867488061317839,317,GTSTT,0x09fe7fbf,,802003,0x0a04,0x0a14,100,13686,0,0,0,1,12,10,-,0,0.0,183,568,-23.329.524,-51.177.534,724,6,c4a7,07a71416,16.2,989.6,00:40:45,57:27:37,-,-,0,-,,,,,,,,,,
2025-05-08 07:45:43,2025-05-08 07:45:43,2025-05-08 07:43:58,867488061317839,318,GTERI,0x09fe3fbf,0x00028102,802003,0x0a04,0x0a14,100,13476,0,-,0,1,12,12,-,0,6.8,183,561,-23.329.013,-51.177.433,724,6,c4a7,07a71517,16.2,989.6,00:40:45,57:27:37,-,-,0,-,,,,,4,3,0,0,10,
2025-05-08 07:45:43,2025-05-08 07:45:43,2025-05-08 07:43:58,867488061317839,319,GTIGL,0x09fe7fbf,,802003,0x0a04,0x0a14,100,13476,0,0,0,1,12,12,-,0,6.8,183,561,-23.329.013,-51.177.433,724,6,c4a7,07a71517,16.2,989.6,00:40:45,57:27:37,-,-,0,-,,,,,,,,,,
2025-05-08 07:46:25,2025-05-08 07:46:26,2025-05-08 07:45:33,867488061317839,320,GTSTT,0x09fe7fbf,,802003,0x0a04,0x0a14,100,13249,0,0,0,1,11,10,-,0,0.0,183,568,-23.329.524,-51.177.534,724,6,c4a7,07a71434,16.2,989.6,00:40:45,57:27:37,-,-,0,-,,,,,,,,,,
2025-05-08 07:46:48,,,867488061317839,321,HBD,,,,,,,,,,,,,,,,,,,,,,,,,,,,,,,,,,,,,,,,,,
2025-05-08 07:48:48,,,867488061317839,323,HBD,,,,,,,,,,,,,,,,,,,,,,,,,,,,,,,,,,,,,,,,,,
2025-05-08 07:50:48,,,867488061317839,325,HBD,,,,,,,,,,,,,,,,,,,,,,,,,,,,,,,,,,,,,,,,,,
2025-05-08 07:52:48,,,867488061317839,327,HBD,,,,,,,,,,,,,,,,,,,,,,,,,,,,,,,,,,,,,,,,,,
2025-05-08 07:54:48,,,867488061317839,329,HBD,,,,,,,,,,,,,,,,,,,,,,,,,,,,,,,,,,,,,,,,,,
2025-05-08 07:56:48,,,867488061317839,331,HBD,,,,,,,,,,,,,,,,,,,,,,,,,,,,,,,,,,,,,,,,,,