Data/Hora Inclusão,Data/Hora Evento,GNSS UTC Time,IMEI,Sequência,Tipo Mensagem,Máscara Report,Máscara ERI,Tipo Dispositivo,Versão Protocolo,Versão Firmware,Bateria Interna,Alimentação Externa,Analog Input Mode,Analog Input1 Voltage,Digital Input Status,Digital Output Status,Motion Status,Satélites,Duração da Ignição,Precisão GNSS,Velocidade,Azimuth,Altitude,Latitude,Longitude,MCC,MNC,LAC,Cell ID,Hodômetro Atual,Hodômetro Total,Horímetro Atual,Horímetro Total,Motivo Power Off,Motivo Power On,ID,ID Report Type,Comando Customizado,Battery Status,Backup Battery Voltage,Network Type,RAT,Band,IGN Trigger Data,GNSS Trigger Type,Position Report Type,
2025-04-30 10:06:17,,,,13180,HBD
2025-04-30 10:08:17,,,,13181,HBD
2025-04-30 10:10:17,,,,13182,HBD
2025-04-30 10:12:17,,,,13183,HBD
2025-04-30 10:14:17,,,,13184,HBD
2025-04-30 10:14:27,2025-04-30 10:14:25,2025-04-30 07:40:59,86748861317839,13185,GTIGN,0x09fe7fbf,,802003,0x0902,0x0915,100,12567,0000,0000,01,00,21,10,9154,00,11.3,2,571,-23.329074,-51.177598,0724,0006,c4a7,07a71434,0.0,618.1,0:00:00,44:39:04,-,-,01a2cb5224000088,-
2025-04-30 10:14:28,2025-04-30 10:14:25,2025-04-30 07:40:59,86748861317839,13186,GTSTT,0x09fe7fbf,,802003,0x0902,0x0915,100,12567,0000,0000,01,00,21,10,-,00,11.3,2,571,-23.329074,-51.177598,0724,0006,c4a7,07a71434,0.0,618.1,0:00:00,44:39:04,-,-,0,-
2025-04-30 10:14:39,2025-04-30 10:14:39,2025-04-30 07:40:59,86748861317839,13187,GTERI,0x09fe3fbf,0x00028102,802003,0x0902,0x0915,100,14201,0000,-,01,00,21,10,-,00,11.3,2,571,-23.329074,-51.177598,0724,0006,c4a7,07a71434,0.0,618.1,0:00:12,44:39:16,-,-,0,-,,,,,04,28,00000000,00,10
2025-04-30 10:14:40,2025-04-30 10:14:41,2025-04-30 07:40:59,86748861317839,13188,GTERI,0x09fe3fbf,0x00028102,802003,0x0902,0x0915,100,14201,0000,-,01,00,21,10,-,00,11.3,2,571,-23.329074,-51.177598,0724,0006,c4a7,07a71434,0.0,618.1,0:00:15,44:39:19,-,-,0,-,,,,,04,28,00000000,00,10
2025-04-30 10:14:51,2025-04-30 10:14:51,2025-04-30 07:40:59,86748861317839,13189,GTERI,0x09fe3fbf,0x00028102,802003,0x0902,0x0915,100,14021,0000,-,01,00,21,10,-,00,11.3,2,571,-23.329074,-51.177598,0724,0006,c4a7,07a71434,0.0,618.1,0:00:24,44:39:28,-,-,0,-,,,,,04,28,00000000,00,10
2025-04-30 10:15:00,2025-04-30 10:15:01,2025-04-30 07:40:59,86748861317839,13190,GTERI,0x09fe3fbf,0x00028102,802003,0x0902,0x0915,100,14184,0000,-,01,00,21,10,-,00,11.3,2,571,-23.329074,-51.177598,0724,0006,c4a7,07a71434,0.0,618.1,0:00:36,44:39:40,-,-,0,-,,,,,04,28,00000000,00,10
2025-04-30 10:15:02,2025-04-30 10:15:03,2025-04-30 07:40:59,86748861317839,13191,GTSTT,0x09fe7fbf,,802003,0x0902,0x0915,100,14184,0000,0000,01,00,22,10,-,00,11.3,2,571,-23.329074,-51.177598,0724,0006,c4a7,07a71434,0.0,618.1,0:00:36,44:39:40,-,-,0,-
2025-04-30 10:15:10,2025-04-30 10:15:11,2025-04-30 07:40:59,86748861317839,13192,GTERI,0x09fe3fbf,0x00028102,802003,0x0902,0x0915,100,14193,0000,-,01,00,22,10,-,00,11.3,2,571,-23.329074,-51.177598,0724,0006,c4a7,07a71434,0.0,618.1,0:00:45,44:39:49,-,-,0,-,,,,,04,28,00000000,00,10
2025-04-30 10:15:20,2025-04-30 10:15:21,2025-04-30 07:40:59,86748861317839,13193,GTERI,0x09fe3fbf,0x00028102,802003,0x0902,0x0915,100,14249,0000,-,01,00,22,10,-,00,11.3,2,571,-23.329074,-51.177598,0724,0006,c4a7,07a71434,0.0,618.1,0:00:54,44:39:58,-,-,0,-,,,,,04,28,00000000,00,10
2025-04-30 10:15:30,2025-04-30 10:15:31,2025-04-30 07:40:59,86748861317839,13194,GTERI,0x09fe3fbf,0x00028102,802003,0x0902,0x0915,100,14122,0000,-,01,00,22,10,-,00,11.3,2,571,-23.329074,-51.177598,0724,0006,c4a7,07a71434,0.0,618.1,0:01:06,44:40:10,-,-,0,-,,,,,04,28,00000000,00,10
2025-04-30 10:15:33,2025-04-30 10:15:34,2025-04-30 10:15:33,86748861317839,13195,GTIGL,0x09fe7fbf,,802003,0x0902,0x0915,100,14299,0000,0000,01,00,22,10,-,01,37.9,182,697,-23.331208,-51.17732,0724,0006,c4a7,07a71434,0.0,618.1,0:01:09,44:40:13,-,-,0,-
2025-04-30 10:15:40,2025-04-30 10:15:41,2025-04-30 10:15:39,86748861317839,13196,GTERI,0x09fe3fbf,0x00028102,802003,0x0902,0x0915,100,14254,0000,-,01,00,22,12,-,01,40.6,181,678,-23.331834,-51.177244,0724,0006,c4a7,07a71434,0.1,618.1,0:01:15,44:40:19,-,-,0,-,,,,,04,28,00000000,00,10
2025-04-30 10:15:51,2025-04-30 10:15:51,2025-04-30 10:15:49,86748861317839,13197,GTERI,0x09fe3fbf,0x00028102,802003,0x0902,0x0915,100,14254,0000,-,01,00,22,12,-,01,37.9,182,736,-23.332572,-51.17734,0724,0006,c4a7,07a71434,0.2,618.2,0:01:24,44:40:28,-,-,0,-,,,,,04,28,00000000,00,10
2025-04-30 10:16:01,2025-04-30 10:16:01,2025-04-30 10:15:59,86748861317839,13198,GTERI,0x09fe3fbf,0x00028102,802003,0x0902,0x0915,100,14190,0000,-,01,00,22,12,-,01,37.3,180,751,-23.333473,-51.177366,0724,0006,c4a7,07a6d803,0.3,618.3,0:01:36,44:40:40,-,-,0,-,,,,,04,7,00000000,00,10
2025-04-30 10:16:11,2025-04-30 10:16:11,2025-04-30 10:16:09,86748861317839,13199,GTERI,0x09fe3fbf,0x00028102,802003,0x0902,0x0915,100,14246,0000,-,01,01,22,12,-,01,28.1,194,752,-23.334324,-51.177414,0724,0006,c4a7,07a6d803,0.4,618.4,0:01:45,44:40:49,-,-,0,-,,,,,04,7,00000000,00,10
2025-04-30 10:16:17,,,,13200,HBD
2025-04-30 10:16:21,2025-04-30 10:16:21,2025-04-30 10:16:19,86748861317839,13201,GTERI,0x09fe3fbf,0x00028102,802003,0x0902,0x0915,100,14260,0000,-,01,01,22,12,-,01,29.7,231,685,-23.33505,-51.177867,0724,0006,c4a7,07a6d803,0.4,618.5,0:01:54,44:40:58,-,-,0,-,,,,,04,7,00000000,00,10
2025-04-30 10:16:31,2025-04-30 10:16:31,2025-04-30 10:16:29,86748861317839,13202,GTERI,0x09fe3fbf,0x00028102,802003,0x0902,0x0915,100,14260,0000,-,01,01,22,12,-,01,32.8,256,661,-23.335409,-51.178758,0724,0006,c4a7,07a6d803,0.5,618.6,0:02:06,44:41:10,-,-,0,-,,,,,04,7,00000000,00,10
2025-04-30 10:16:40,2025-04-30 10:16:41,2025-04-30 10:16:39,86748861317839,13203,GTERI,0x09fe3fbf,0x00028102,802003,0x0902,0x0915,100,14260,0000,-,01,01,22,12,-,01,37.6,254,623,-23.335668,-51.179736,0724,0006,c4a7,07a54801,0.7,618.7,0:02:15,44:41:19,-,-,0,-,,,,,04,7,00000000,00,10
2025-04-30 10:16:50,2025-04-30 10:16:51,2025-04-30 10:16:49,86748861317839,13204,GTERI,0x09fe3fbf,0x00028102,802003,0x0902,0x0915,100,14188,0000,-,01,01,22,12,-,01,41.4,254,606,-23.335948,-51.180803,0724,0006,c4a7,07a54801,0.8,618.8,0:02:24,44:41:28,-,-,0,-,,,,,04,7,00000000,00,10
2025-04-30 10:17:00,2025-04-30 10:17:01,2025-04-30 10:16:59,86748861317839,13205,GTERI,0x09fe3fbf,0x00028102,802003,0x0902,0x0915,100,14171,0000,-,01,01,22,12,-,01,42.2,256,596,-23.336218,-51.18189,0724,0006,c4a7,07a54801,0.9,619.0,0:02:36,44:41:40,-,-,0,-,,,,,04,7,00000000,00,10
2025-04-30 10:17:10,2025-04-30 10:17:11,2025-04-30 10:17:09,86748861317839,13206,GTERI,0x09fe3fbf,0x00028102,802003,0x0902,0x0915,100,14258,0000,-,01,01,22,12,-,01,30.7,254,583,-23.336459,-51.182891,0724,0006,c4a7,07a54801,1.0,619.1,0:02:45,44:41:49,-,-,0,-,,,,,04,7,00000000,00,10
2025-04-30 10:17:20,2025-04-30 10:17:21,2025-04-30 10:17:19,86748861317839,13207,GTERI,0x09fe3fbf,0x00028102,802003,0x0902,0x0915,100,14246,0000,-,01,01,22,12,-,01,10.8,267,580,-23.336518,-51.183242,0724,0006,c4a7,07a54801,1.0,619.1,0:02:54,44:41:58,-,-,0,-,,,,,04,7,00000000,00,10
2025-04-30 10:17:30,2025-04-30 10:17:31,2025-04-30 10:17:29,86748861317839,13208,GTERI,0x09fe3fbf,0x00028102,802003,0x0902,0x0915,100,14246,0000,-,01,01,22,12,-,01,30.8,230,575,-23.336799,-51.183732,0724,0006,c4a7,07a54801,1.1,619.2,0:03:06,44:42:10,-,-,0,-,,,,,04,7,00000000,00,10
2025-04-30 10:17:40,2025-04-30 10:17:41,2025-04-30 10:17:39,86748861317839,13209,GTERI,0x09fe3fbf,0x00028102,802003,0x0902,0x0915,100,14132,0000,-,01,01,22,12,-,01,22.7,141,574,-23.337276,-51.184192,0724,0006,c4a7,07a54801,1.2,619.2,0:03:15,44:42:19,-,-,0,-,,,,,04,7,00000000,00,10
2025-04-30 10:17:50,2025-04-30 10:17:51,2025-04-30 10:17:49,86748861317839,13210,GTERI,0x09fe3fbf,0x00028102,802003,0x0902,0x0915,100,14258,0000,-,01,01,22,12,-,01,48.0,160,570,-23.338028,-51.183631,0724,0006,c4a7,07a54801,1.3,619.4,0:03:24,44:42:28,-,-,0,-,,,,,04,7,00000000,00,10
2025-04-30 10:18:00,2025-04-30 10:18:01,2025-04-30 10:17:59,86748861317839,13211,GTERI,0x09fe3fbf,0x00028102,802003,0x0902,0x0915,100,14312,0000,-,01,01,22,12,-,01,50.8,158,565,-23.339281,-51.183169,0724,0006,c4a7,07a54801,1.4,619.5,0:03:36,44:42:40,-,-,0,-,,,,,04,7,00000000,00,10
2025-04-30 10:18:06,2025-04-30 10:18:06,2025-04-30 10:18:06,86748861317839,13212,GTSPD,0x09fe7fbf,,802003,0x0902,0x0915,100,14304,0000,0000,01,01,22,12,-,01,50.4,153,566,-23.34009,-51.182773,0724,0006,c4a7,07a54801,1.5,619.6,0:03:39,44:42:43,-,-,0,-
2025-04-30 10:18:10,2025-04-30 10:18:11,2025-04-30 10:18:09,86748861317839,13213,GTERI,0x09fe3fbf,0x00028102,802003,0x0902,0x0915,100,14252,0000,-,01,01,22,12,-,01,49.2,151,566,-23.340422,-51.182588,0724,0006,c4a7,07a54801,1.6,619.6,0:03:45,44:42:49,-,-,0,-,,,,,04,7,00000000,00,10
2025-04-30 10:18:17,,,,13214,HBD
2025-04-30 10:18:20,2025-04-30 10:18:21,2025-04-30 10:18:19,86748861317839,13215,GTERI,0x09fe3fbf,0x00028102,802003,0x0902,0x0915,100,14132,0000,-,01,01,22,12,-,01,26.9,145,570,-23.34136,-51.181974,0724,0006,c4a7,07a54801,1.7,619.7,0:03:54,44:42:58,-,-,0,-,,,,,04,7,00000000,00,10
2025-04-30 10:18:25,2025-04-30 10:18:25,2025-04-30 10:18:24,86748861317839,13216,GTDAT,0x09fe7fbf,,802003,0x0902,0x0915,100,14224,0000,0000,01,01,22,12,-,01,26.8,140,570,-23.341595,-51.181778,0724,0006,c4a7,07a54801,1.7,619.8,0:04:00,44:43:04,-,-,0,-,54494d454f55542d4944
2025-04-30 10:18:30,2025-04-30 10:18:31,2025-04-30 10:18:29,86748861317839,13217,GTERI,0x09fe3fbf,0x00028102,802003,0x0902,0x0915,100,14218,0000,-,01,01,22,12,-,01,32.0,146,571,-23.341911,-51.181527,0724,0006,c4a7,07a54802,1.8,619.8,0:04:06,44:43:10,-,-,0,-,,,,,04,7,00000000,00,10
2025-04-30 10:18:36,2025-04-30 10:18:37,2025-04-30 10:18:36,86748861317839,13218,GTSPD,0x09fe7fbf,,802003,0x0902,0x0915,100,14125,0000,0000,01,01,22,12,-,01,15.7,202,570,-23.342345,-51.181544,0724,0006,c4a7,07a54802,1.8,619.9,0:04:12,44:43:16,-,-,0,-
2025-04-30 10:18:40,2025-04-30 10:18:41,2025-04-30 10:18:39,86748861317839,13219,GTERI,0x09fe3fbf,0x00028102,802003,0x0902,0x0915,100,14273,0000,-,01,01,22,12,-,01,25.5,193,570,-23.342499,-51.181598,0724,0006,c4a7,07a54802,1.8,619.9,0:04:15,44:43:19,-,-,0,-,,,,,04,7,00000000,00,10
2025-04-30 10:18:50,2025-04-30 10:18:51,2025-04-30 10:18:49,86748861317839,13220,GTERI,0x09fe3fbf,0x00028102,802003,0x0902,0x0915,100,14207,0000,-,01,01,22,12,-,01,36.5,63,572,-23.34282,-51.181092,0724,0006,c4a7,07a54802,1.9,620.0,0:04:24,44:43:28,-,-,0,-,,,,,04,7,00000000,00,10
2025-04-30 10:19:01,2025-04-30 10:19:01,2025-04-30 10:18:59,86748861317839,13221,GTERI,0x09fe3fbf,0x00028102,802003,0x0902,0x0915,100,14284,0000,-,01,01,22,12,-,01,48.0,131,574,-23.34317,-51.180155,0724,0006,c4a7,07a54802,2.0,620.1,0:04:36,44:43:40,-,-,0,-,,,,,04,7,00000000,00,10
2025-04-30 10:19:11,2025-04-30 10:19:11,2025-04-30 10:19:09,86748861317839,13222,GTERI,0x09fe3fbf,0x00028102,802003,0x0902,0x0915,100,14223,0000,-,01,01,22,12,-,01,38.3,128,574,-23.343955,-51.179201,0724,0006,c4a7,07a54802,2.2,620.2,0:04:45,44:43:49,-,-,0,-,,,,,04,7,00000000,00,10
2025-04-30 10:19:41,2025-04-30 10:19:21,2025-04-30 10:19:19,86748861317839,13223,GTERI,0x09fe3fbf,0x00028102,802003,0x0902,0x0915,100,14136,0000,-,01,01,22,12,-,01,19.5,137,575,-23.344323,-51.178728,0724,0006,cf33,07a5bf03,2.2,620.3,0:04:54,44:43:58,-,-,0,-,,,,,04,7,00000000,00,10
2025-04-30 10:19:41,2025-04-30 10:19:31,2025-04-30 10:19:29,86748861317839,13224,GTERI,0x09fe3fbf,0x00028102,802003,0x0902,0x0915,100,14186,0000,-,01,01,22,12,-,01,13.2,180,576,-23.344671,-51.178724,0724,0006,cf33,07a5bf03,2.2,620.3,0:05:06,44:44:10,-,-,0,-,,,,,04,7,00000000,00,10
2025-04-30 10:19:41,2025-04-30 10:19:41,2025-04-30 10:19:39,86748861317839,13225,GTERI,0x09fe3fbf,0x00028102,802003,0x0902,0x0915,100,14200,0000,-,01,01,22,12,-,01,4.7,135,575,-23.34494,-51.178698,0724,0006,cf33,07a5bf03,2.3,620.3,0:05:15,44:44:19,-,-,0,-,,,,,04,7,00000000,00,10
2025-04-30 10:19:50,2025-04-30 10:19:51,2025-04-30 10:19:49,86748861317839,13226,GTERI,0x09fe3fbf,0x00028102,802003,0x0902,0x0915,100,14200,0000,-,01,01,22,12,-,01,9.7,93,573,-23.344971,-51.178465,0724,0006,c4a7,07a54802,2.3,620.4,0:05:24,44:44:28,-,-,0,-,,,,,04,7,00000000,00,10
2025-04-30 10:20:00,2025-04-30 10:20:01,2025-04-30 10:19:59,86748861317839,13227,GTERI,0x09fe3fbf,0x00028102,802003,0x0902,0x0915,100,14122,0000,-,01,01,22,12,-,01,5.5,80,571,-23.345004,-51.178366,0724,0006,c4a7,07a54802,2.3,620.4,0:05:36,44:44:40,-,-,0,-,,,,,04,7,00000000,00,10
2025-04-30 10:20:11,2025-04-30 10:20:11,2025-04-30 10:20:09,86748861317839,13228,GTERI,0x09fe3fbf,0x00028102,802003,0x0902,0x0915,100,14024,0000,-,00,01,22,12,-,01,0.1,80,571,-23.34491,-51.178383,0724,0006,cf33,07a5bf03,2.3,620.4,0:05:45,44:44:49,-,-,0,-,,,,,04,7,00000000,00,10
2025-04-30 10:20:11,2025-04-30 10:20:11,2025-04-30 10:20:10,86748861317839,13229,GTIGF,0x09fe7fbf,,802003,0x0902,0x0915,100,14024,0000,0000,00,01,12,12,346,01,0.2,80,571,-23.344911,-51.178383,0724,0006,cf33,07a5bf03,2.3,620.4,0:05:45,44:44:49,-,-,01a2cb5224000088,-
2025-04-30 10:20:12,2025-04-30 10:20:11,2025-04-30 10:20:10,86748861317839,13230,GTSTT,0x09fe7fbf,,802003,0x0902,0x0915,100,14024,0000,0000,00,01,12,12,-,01,0.2,80,571,-23.344911,-51.178383,0724,0006,cf33,07a5bf03,2.3,620.4,0:05:45,44:44:49,-,-,0,-
2025-04-30 10:20:12,2025-04-30 10:20:12,2025-04-30 10:20:11,86748861317839,13231,GTIGL,0x09fe7fbf,,802003,0x0902,0x0915,100,14024,0000,0000,00,01,12,12,-,01,0.0,80,571,-23.344911,-51.178383,0724,0006,cf33,07a5bf03,2.3,620.4,0:05:45,44:44:49,-,-,0,-
2025-04-30 10:20:13,2025-04-30 10:20:12,2025-04-30 10:20:11,86748861317839,13232,GTDOS,0x09fe7fbf,,802003,0x0902,0x0915,100,14024,0000,0000,00,01,12,12,-,00,0.0,80,571,-23.344911,-51.178383,0724,0006,cf33,07a5bf03,2.3,620.4,0:05:45,44:44:49,-,-,0,-
2025-04-30 10:20:14,2025-04-30 10:20:15,2025-04-30 10:20:14,86748861317839,13233,GTDOS,0x09fe7fbf,,802003,0x0902,0x0915,100,13376,0000,0000,00,01,12,12,-,01,0.0,80,571,-23.344911,-51.178383,0724,0006,cf33,07a5bf03,2.3,620.4,0:05:45,44:44:49,-,-,0,-
2025-04-30 10:20:15,2025-04-30 10:20:16,2025-04-30 10:20:15,86748861317839,13234,GTERI,0x09fe3fbf,0x00028102,802003,0x0902,0x0915,100,13376,0000,-,00,01,12,12,-,01,0.0,80,571,-23.344911,-51.178383,0724,0006,cf33,07a5bf03,2.3,620.4,0:05:45,44:44:49,-,-,0,-,,,,,04,7,00000000,00,10
2025-04-30 10:20:15,2025-04-30 10:20:16,2025-04-30 10:20:15,86748861317839,13235,GTDOS,0x09fe7fbf,,802003,0x0902,0x0915,100,13376,0000,0000,00,00,12,12,-,00,0.0,80,571,-23.344911,-51.178383,0724,0006,cf33,07a5bf03,2.3,620.4,0:05:45,44:44:49,-,-,0,-
2025-04-30 10:20:17,,,,13236,HBD
2025-04-30 10:20:55,2025-04-30 10:20:55,2025-04-30 10:20:54,86748861317839,13237,GTSTT,0x09fe7fbf,,802003,0x0902,0x0915,100,13210,0000,0000,00,00,11,12,-,01,0.0,80,571,-23.344911,-51.178383,0724,0006,cf33,07a5bf03,2.3,620.4,0:05:45,44:44:49,-,-,0,-
2025-04-30 10:22:17,,,,13238,HBD
2025-04-30 10:24:18,,,,13239,HBD
2025-04-30 10:26:18,,,,13240,HBD
2025-04-30 10:28:18,,,,13241,HBD
2025-04-30 10:30:18,,,,13242,HBD
2025-04-30 10:31:21,2025-04-30 10:31:21,2025-04-30 10:25:10,86748861317839,13243,GTIGN,0x09fe7fbf,,802003,0x0902,0x0915,100,12831,0000,0000,01,00,21,12,670,00,0.0,80,571,-23.344911,-51.178383,0724,0006,cf33,07a5bf03,0.0,620.4,0:00:00,44:44:49,-,-,01a2cb5224000088,-
2025-04-30 10:31:21,2025-04-30 10:31:21,2025-04-30 10:25:10,86748861317839,13244,GTSTT,0x09fe7fbf,,802003,0x0902,0x0915,100,12831,0000,0000,01,00,21,12,-,00,0.0,80,571,-23.344911,-51.178383,0724,0006,cf33,07a5bf03,0.0,620.4,0:00:00,44:44:49,-,-,0,-
2025-04-30 10:31:33,2025-04-30 10:31:33,2025-04-30 10:31:33,86748861317839,13245,GTERI,0x09fe3fbf,0x00028102,802003,0x0902,0x0915,100,14100,0000,-,01,00,21,12,-,01,1.1,80,586,-23.34494,-51.178323,0724,0006,cf33,07a5bf03,0.0,620.4,0:00:12,44:45:01,-,-,0,-,,,,,04,7,00000000,00,10
2025-04-30 10:31:33,2025-04-30 10:31:33,2025-04-30 10:31:33,86748861317839,13246,GTIGL,0x09fe7fbf,,802003,0x0902,0x0915,100,14100,0000,0000,01,00,21,12,-,01,1.1,80,586,-23.34494,-51.178323,0724,0006,cf33,07a5bf03,0.0,620.4,0:00:12,44:45:01,-,-,0,-
2025-04-30 10:31:34,2025-04-30 10:31:34,2025-04-30 10:31:34,86748861317839,13247,GTSTT,0x09fe7fbf,,802003,0x0902,0x0915,100,14020,0000,0000,01,00,22,12,-,01,0.0,113,586,-23.34494,-51.178323,0724,0006,cf33,07a5bf03,0.0,620.4,0:00:12,44:45:01,-,-,0,-
2025-04-30 10:31:36,2025-04-30 10:31:37,2025-04-30 10:31:35,86748861317839,13248,GTERI,0x09fe3fbf,0x00028102,802003,0x0902,0x0915,100,14020,0000,-,01,00,22,12,-,01,9.3,221,586,-23.344957,-51.178336,0724,0006,cf33,07a5bf03,0.0,620.4,0:00:15,44:45:04,-,-,0,-,,,,,04,7,00000000,00,10
2025-04-30 10:31:47,2025-04-30 10:31:47,2025-04-30 10:31:45,86748861317839,13249,GTERI,0x09fe3fbf,0x00028102,802003,0x0902,0x0915,100,14172,0000,-,01,00,22,12,-,01,9.5,278,587,-23.344975,-51.178704,0724,0006,c4a7,07a54802,0.0,620.4,0:00:24,44:45:13,-,-,0,-,,,,,04,7,00000000,00,10
2025-04-30 10:31:57,2025-04-30 10:31:57,2025-04-30 10:31:55,86748861317839,13250,GTERI,0x09fe3fbf,0x00028102,802003,0x0902,0x0915,100,14190,0000,-,01,00,22,12,-,01,13.1,5,587,-23.344751,-51.178786,0724,0006,cf33,07a5bf03,0.1,620.4,0:00:33,44:45:22,-,-,0,-,,,,,04,7,00000000,00,10
2025-04-30 10:32:07,2025-04-30 10:32:07,2025-04-30 10:32:05,86748861317839,13251,GTERI,0x09fe3fbf,0x00028102,802003,0x0902,0x0915,100,14140,0000,-,01,00,22,12,-,01,0.0,2,586,-23.344686,-51.178779,0724,0006,cf33,07a5bf03,0.1,620.4,0:00:45,44:45:34,-,-,0,-,,,,,04,7,00000000,00,10
2025-04-30 10:32:16,2025-04-30 10:32:17,2025-04-30 10:32:15,86748861317839,13252,GTERI,0x09fe3fbf,0x00028102,802003,0x0902,0x0915,100,14039,0000,-,01,00,22,12,-,01,8.1,51,585,-23.344461,-51.178726,0724,0006,cf33,07a5bf03,0.1,620.5,0:00:54,44:45:43,-,-,0,-,,,,,04,7,00000000,00,10
2025-04-30 10:32:18,,,,13253,HBD
2025-04-30 10:32:26,2025-04-30 10:32:27,2025-04-30 10:32:25,86748861317839,13254,GTERI,0x09fe3fbf,0x00028102,802003,0x0902,0x0915,100,14089,0000,-,01,00,22,12,-,01,16.3,124,585,-23.344487,-51.17855,0724,0006,cf33,07a5bf03,0.1,620.5,0:01:03,44:45:52,-,-,0,-,,,,,04,7,00000000,00,10
2025-04-30 10:32:36,2025-04-30 10:32:37,2025-04-30 10:32:35,86748861317839,13255,GTERI,0x09fe3fbf,0x00028102,802003,0x0902,0x0915,100,14163,0000,-,01,00,22,12,-,01,39.5,119,583,-23.344883,-51.17787,0724,0006,cf33,07a5bf03,0.2,620.6,0:01:15,44:46:04,-,-,0,-,,,,,04,7,00000000,00,10
2025-04-30 10:32:46,2025-04-30 10:32:47,2025-04-30 10:32:45,86748861317839,13256,GTERI,0x09fe3fbf,0x00028102,802003,0x0902,0x0915,100,14163,0000,-,01,00,22,12,-,01,57.4,114,581,-23.345442,-51.176665,0724,0006,cf33,07a5bf03,0.3,620.7,0:01:24,44:46:13,-,-,0,-,,,,,04,7,00000000,00,10
2025-04-30 10:32:56,2025-04-30 10:32:57,2025-04-30 10:32:56,86748861317839,13257,GTSPD,0x09fe7fbf,,802003,0x0902,0x0915,100,14215,0000,0000,01,00,22,12,-,01,68.9,116,579,-23.346219,-51.174927,0724,0006,cf33,07a5bf03,0.5,620.9,0:01:33,44:46:22,-,-,0,-
2025-04-30 10:32:56,2025-04-30 10:32:57,2025-04-30 10:32:55,86748861317839,13258,GTERI,0x09fe3fbf,0x00028102,802003,0x0902,0x0915,100,14215,0000,-,01,01,22,12,-,01,68.7,116,579,-23.346141,-51.175094,0724,0006,cf33,07a5bf03,0.5,620.9,0:01:33,44:46:22,-,-,0,-,,,,,04,7,00000000,00,10
2025-04-30 10:33:07,2025-04-30 10:33:07,2025-04-30 10:33:05,86748861317839,13259,GTERI,0x09fe3fbf,0x00028102,802003,0x0902,0x0915,100,14215,0000,-,01,01,22,12,-,01,54.1,115,580,-23.346835,-51.173582,0724,0006,c4a7,07a54802,0.7,621.1,0:01:45,44:46:34,-,-,0,-,,,,,04,7,00000000,00,10
2025-04-30 10:33:16,2025-04-30 10:33:17,2025-04-30 10:33:15,86748861317839,13260,GTERI,0x09fe3fbf,0x00028102,802003,0x0902,0x0915,100,14109,0000,-,01,01,22,12,-,01,11.7,116,584,-23.347259,-51.172651,0724,0006,c4a7,07a54802,0.8,621.2,0:01:54,44:46:43,-,-,0,-,,,,,04,7,00000000,00,10
2025-04-30 10:33:27,2025-04-30 10:33:27,2025-04-30 10:33:25,86748861317839,13261,GTERI,0x09fe3fbf,0x00028102,802003,0x0902,0x0915,100,14186,0000,-,01,01,22,12,-,01,28.1,81,586,-23.347411,-51.172135,0724,0006,cf33,07a5bf03,0.8,621.2,0:02:03,44:46:52,-,-,0,-,,,,,04,7,00000000,00,10
2025-04-30 10:33:31,2025-04-30 10:33:32,2025-04-30 10:33:31,86748861317839,13262,GTSPD,0x09fe7fbf,,802003,0x0902,0x0915,100,13976,0000,0000,01,01,22,12,-,01,3.3,67,587,-23.347307,-51.171855,0724,0006,cf33,07a5bf03,0.9,621.2,0:02:09,44:46:58,-,-,0,-
2025-04-30 10:33:36,2025-04-30 10:33:37,2025-04-30 10:33:35,86748861317839,13263,GTERI,0x09fe3fbf,0x00028102,802003,0x0902,0x0915,100,14073,0000,-,01,01,22,12,-,01,0.0,81,587,-23.347306,-51.171845,0724,0006,cf33,07a5bf03,0.9,621.2,0:02:15,44:47:04,-,-,0,-,,,,,04,7,00000000,00,10
2025-04-30 10:33:46,2025-04-30 10:33:47,2025-04-30 10:33:45,86748861317839,13264,GTERI,0x09fe3fbf,0x00028102,802003,0x0902,0x0915,100,14073,0000,-,01,01,22,12,-,01,0.0,81,587,-23.347306,-51.171845,0724,0006,cf33,07a5bf03,0.9,621.2,0:02:24,44:47:13,-,-,0,-,,,,,04,7,00000000,00,10
2025-04-30 10:33:56,2025-04-30 10:33:57,2025-04-30 10:33:55,86748861317839,13265,GTERI,0x09fe3fbf,0x00028102,802003,0x0902,0x0915,100,14128,0000,-,01,01,22,12,-,01,29.0,68,588,-23.34717,-51.171448,0724,0006,cf33,07a5bf03,0.9,621.3,0:02:33,44:47:22,-,-,0,-,,,,,04,7,00000000,00,10
2025-04-30 10:34:06,2025-04-30 10:34:07,2025-04-30 10:34:05,86748861317839,13266,GTERI,0x09fe3fbf,0x00028102,802003,0x0902,0x0915,100,14128,0000,-,01,01,22,12,-,01,49.6,68,591,-23.346774,-51.170384,0724,0006,cf33,07a5bf03,1.0,621.4,0:02:45,44:47:34,-,-,0,-,,,,,04,7,00000000,00,10
2025-04-30 10:34:16,2025-04-30 10:34:17,2025-04-30 10:34:15,86748861317839,13267,GTERI,0x09fe3fbf,0x00028102,802003,0x0902,0x0915,100,13995,0000,-,01,01,22,12,-,01,17.6,35,589,-23.346392,-51.169499,0724,0006,cf33,07a5bf01,1.1,621.5,0:02:54,44:47:43,-,-,0,-,,,,,04,7,00000000,00,10
2025-04-30 10:34:18,,,,13268,HBD
2025-04-30 10:34:27,2025-04-30 10:34:27,2025-04-30 10:34:25,86748861317839,13269,GTERI,0x09fe3fbf,0x00028102,802003,0x0902,0x0915,100,14009,0000,-,01,01,22,12,-,01,0.0,35,588,-23.346311,-51.169473,0724,0006,cf33,07a5bf01,1.1,621.5,0:03:03,44:47:52,-,-,0,-,,,,,04,7,00000000,00,10
2025-04-30 10:34:36,2025-04-30 10:34:37,2025-04-30 10:34:35,86748861317839,13270,GTERI,0x09fe3fbf,0x00028102,802003,0x0902,0x0915,100,14007,0000,-,01,01,22,12,-,01,13.6,299,588,-23.346286,-51.169509,0724,0006,cf33,07a5bf01,1.1,621.5,0:03:15,44:48:04,-,-,0,-,,,,,04,7,00000000,00,10
2025-04-30 10:34:46,2025-04-30 10:34:47,2025-04-30 10:34:45,86748861317839,13271,GTERI,0x09fe3fbf,0x00028102,802003,0x0902,0x0915,100,13950,0000,-,01,01,22,12,-,01,6.3,301,588,-23.346315,-51.169856,0724,0006,cf33,07a5bf01,1.2,621.5,0:03:24,44:48:13,-,-,0,-,,,,,04,7,00000000,00,10
2025-04-30 10:34:51,2025-04-30 10:34:52,2025-04-30 10:34:51,86748861317839,13272,GTIGF,0x09fe7fbf,,802003,0x0902,0x0915,100,13950,0000,0000,00,01,12,12,211,01,0.0,301,588,-23.346292,-51.169869,0724,0006,cf33,07a5bf01,1.2,621.5,0:03:30,44:48:19,-,-,01a2cb5224000088,-
2025-04-30 10:34:52,2025-04-30 10:34:52,2025-04-30 10:34:51,86748861317839,13273,GTSTT,0x09fe7fbf,,802003,0x0902,0x0915,100,13950,0000,0000,00,01,12,12,-,01,0.0,301,588,-23.346292,-51.169869,0724,0006,cf33,07a5bf01,1.2,621.5,0:03:30,44:48:19,-,-,0,-
2025-04-30 10:34:52,2025-04-30 10:34:52,2025-04-30 10:34:52,86748861317839,13274,GTIGL,0x09fe7fbf,,802003,0x0902,0x0915,100,13950,0000,0000,00,01,12,12,-,01,0.0,301,588,-23.346292,-51.169869,0724,0006,cf33,07a5bf01,1.2,621.5,0:03:30,44:48:19,-,-,0,-
2025-04-30 10:34:53,2025-04-30 10:34:53,2025-04-30 10:34:52,86748861317839,13275,GTDOS,0x09fe7fbf,,802003,0x0902,0x0915,100,13950,0000,0000,00,01,12,12,-,00,0.0,301,588,-23.346292,-51.169869,0724,0006,cf33,07a5bf01,1.2,621.5,0:03:30,44:48:19,-,-,0,-
2025-04-30 10:34:53,2025-04-30 10:34:54,2025-04-30 10:34:53,86748861317839,13276,GTDOS,0x09fe7fbf,,802003,0x0902,0x0915,100,13950,0000,0000,00,01,12,12,-,01,0.0,301,588,-23.346292,-51.169869,0724,0006,cf33,07a5bf01,1.2,621.5,0:03:30,44:48:19,-,-,0,-
2025-04-30 10:34:56,2025-04-30 10:34:56,2025-04-30 10:34:56,86748861317839,13277,GTERI,0x09fe3fbf,0x00028102,802003,0x0902,0x0915,100,13241,0000,-,00,00,12,12,-,01,0.0,301,588,-23.346292,-51.169869,0724,0006,cf33,07a5bf01,1.2,621.5,0:03:30,44:48:19,-,-,0,-,,,,,04,7,00000000,00,10
2025-04-30 10:35:27,2025-04-30 10:35:28,2025-04-30 10:35:27,86748861317839,13278,GTSTT,0x09fe7fbf,,802003,0x0902,0x0915,100,13132,0000,0000,00,00,11,12,-,01,0.0,301,588,-23.346292,-51.169869,0724,0006,cf33,07a5bf01,1.2,621.5,0:03:30,44:48:19,-,-,0,-
2025-04-30 10:36:18,,,,13279,HBD
2025-04-30 10:36:47,2025-04-30 10:36:48,2025-04-30 10:36:46,86748861317839,13280,GTIGN,0x09fe7fbf,,802003,0x0902,0x0915,100,12917,0000,0000,01,00,21,12,115,01,0.0,301,588,-23.346292,-51.169869,0724,0006,cf33,07a5bf01,0.0,621.5,0:00:00,44:48:19,-,-,01a2cb5224000088,-
2025-04-30 10:36:47,2025-04-30 10:36:48,2025-04-30 10:36:46,86748861317839,13281,GTSTT,0x09fe7fbf,,802003,0x0902,0x0915,100,12917,0000,0000,01,00,21,12,-,01,0.0,301,588,-23.346292,-51.169869,0724,0006,cf33,07a5bf01,0.0,621.5,0:00:00,44:48:19,-,-,0,-
2025-04-30 10:36:48,2025-04-30 10:36:48,2025-04-30 10:36:47,86748861317839,13282,GTIGL,0x09fe7fbf,,802003,0x0902,0x0915,100,12917,0000,0000,01,00,21,12,-,01,0.0,301,588,-23.346292,-51.169869,0724,0006,cf33,07a5bf01,0.0,621.5,0:00:00,44:48:19,-,-,0,-
2025-04-30 10:36:52,2025-04-30 10:36:52,2025-04-30 10:36:52,86748861317839,13283,GTERI,0x09fe3fbf,0x00028102,802003,0x0902,0x0915,100,12595,0000,-,01,00,21,12,-,01,0.0,301,588,-23.346292,-51.169869,0724,0006,cf33,07a5bf01,0.0,621.5,0:00:03,44:48:22,-,-,0,-,,,,,04,7,00000000,00,10
2025-04-30 10:36:58,2025-04-30 10:36:58,2025-04-30 10:36:58,86748861317839,13284,GTSTT,0x09fe7fbf,,802003,0x0902,0x0915,100,13952,0000,0000,01,00,22,12,-,01,0.0,301,588,-23.346292,-51.169869,0724,0006,cf33,07a5bf0b,0.0,621.5,0:00:09,44:48:28,-,-,0,-
2025-04-30 10:37:06,2025-04-30 10:37:07,2025-04-30 10:37:05,86748861317839,13285,GTERI,0x09fe3fbf,0x00028102,802003,0x0902,0x0915,100,14095,0000,-,01,00,22,12,-,01,0.0,325,588,-23.346292,-51.169869,0724,0006,cf33,07a5bf0b,0.0,621.5,0:00:18,44:48:37,-,-,0,-,,,,,04,1,00000000,00,10
2025-04-30 10:37:16,2025-04-30 10:37:17,2025-04-30 10:37:15,86748861317839,13286,GTERI,0x09fe3fbf,0x00028102,802003,0x0902,0x0915,100,13955,0000,-,01,00,22,12,-,01,0.0,325,591,-23.346324,-51.169885,0724,0006,cf33,07a5bf0b,0.0,621.5,0:00:27,44:48:46,-,-,0,-,,,,,04,1,00000000,00,10
2025-04-30 10:37:26,2025-04-30 10:37:27,2025-04-30 10:37:25,86748861317839,13287,GTERI,0x09fe3fbf,0x00028102,802003,0x0902,0x0915,100,14033,0000,-,01,00,22,12,-,01,0.0,214,591,-23.346324,-51.169885,0724,0006,cf33,07a5bf0b,0.0,621.5,0:00:39,44:48:58,-,-,0,-,,,,,04,1,00000000,00,10
2025-04-30 10:37:36,2025-04-30 10:37:37,2025-04-30 10:37:35,86748861317839,13288,GTERI,0x09fe3fbf,0x00028102,802003,0x0902,0x0915,100,14039,0000,-,01,00,22,12,-,01,27.3,248,591,-23.346461,-51.170215,0724,0006,cf33,07a5bf0b,0.1,621.6,0:00:48,44:49:07,-,-,0,-,,,,,04,1,00000000,00,10
2025-04-30 10:37:47,2025-04-30 10:37:47,2025-04-30 10:37:45,86748861317839,13289,GTERI,0x09fe3fbf,0x00028102,802003,0x0902,0x0915,100,14097,0000,-,01,00,22,12,-,01,32.6,247,591,-23.346791,-51.171086,0724,0006,cf33,07a5bf0d,0.1,621.7,0:00:57,44:49:16,-,-,0,-,,,,,04,1,00000000,00,10
2025-04-30 10:37:56,2025-04-30 10:37:57,2025-04-30 10:37:55,86748861317839,13290,GTERI,0x09fe3fbf,0x00028102,802003,0x0902,0x0915,100,14007,0000,-,01,00,22,12,-,01,14.7,248,589,-23.346958,-51.171535,0724,0006,cf33,07a5bf0d,0.2,621.7,0:01:09,44:49:28,-,-,0,-,,,,,04,1,00000000,00,10
2025-04-30 10:38:07,2025-04-30 10:38:07,2025-04-30 10:38:05,86748861317839,13291,GTERI,0x09fe3fbf,0x00028102,802003,0x0902,0x0915,100,13995,0000,-,01,00,22,12,-,01,6.8,250,587,-23.347061,-51.171823,0724,0006,cf33,07a5bf0d,0.2,621.7,0:01:18,44:49:37,-,-,0,-,,,,,04,1,00000000,00,10
2025-04-30 10:38:16,2025-04-30 10:38:17,2025-04-30 10:38:15,86748861317839,13292,GTERI,0x09fe3fbf,0x00028102,802003,0x0902,0x0915,100,14091,0000,-,01,00,22,12,-,01,34.2,296,585,-23.346977,-51.172264,0724,0006,cf33,07a5bf0d,0.3,621.8,0:01:27,44:49:46,-,-,0,-,,,,,04,1,00000000,00,10
2025-04-30 10:38:18,,,,13293,HBD
2025-04-30 10:38:26,2025-04-30 10:38:27,2025-04-30 10:38:25,86748861317839,13294,GTERI,0x09fe3fbf,0x00028102,802003,0x0902,0x0915,100,14060,0000,-,01,00,22,12,-,01,54.2,295,581,-23.346452,-51.173447,0724,0006,cf33,07a5bf0d,0.4,621.9,0:01:39,44:49:58,-,-,0,-,,,,,04,1,00000000,00,10
2025-04-30 10:38:37,2025-04-30 10:38:37,2025-04-30 10:38:35,86748861317839,13295,GTERI,0x09fe3fbf,0x00028102,802003,0x0902,0x0915,100,14009,0000,-,01,00,22,12,-,01,55.8,296,580,-23.345845,-51.174767,0724,0006,cf33,07a5bf0d,0.6,622.1,0:01:48,44:50:07,-,-,0,-,,,,,04,1,00000000,00,10
2025-04-30 10:38:37,2025-04-30 10:38:38,2025-04-30 10:38:37,86748861317839,13296,GTSPD,0x09fe7fbf,,802003,0x0902,0x0915,100,14009,0000,0000,01,00,22,12,-,01,55.5,296,579,-23.345722,-51.17504,0724,0006,cf33,07a5bf0d,0.6,622.1,0:01:48,44:50:07,-,-,0,-
2025-04-30 10:38:46,2025-04-30 10:38:47,2025-04-30 10:38:45,86748861317839,13297,GTERI,0x09fe3fbf,0x00028102,802003,0x0902,0x0915,100,14066,0000,-,01,01,22,12,-,01,57.0,296,579,-23.34523,-51.176135,0724,0006,cf33,07a5bf0d,0.7,622.2,0:01:57,44:50:16,-,-,0,-,,,,,04,1,00000000,00,10
2025-04-30 10:38:57,2025-04-30 10:38:57,2025-04-30 10:38:55,86748861317839,13298,GTERI,0x09fe3fbf,0x00028102,802003,0x0902,0x0915,100,13999,0000,-,01,01,22,12,-,01,45.7,298,579,-23.344626,-51.177449,0724,0006,c4a7,07a7340d,0.9,622.4,0:02:09,44:50:28,-,-,0,-,,,,,04,1,00000000,00,10
2025-04-30 10:39:07,2025-04-30 10:39:07,2025-04-30 10:39:05,86748861317839,13299,GTERI,0x09fe3fbf,0x00028102,802003,0x0902,0x0915,100,14003,0000,-,01,01,22,12,-,01,33.9,303,578,-23.34426,-51.178118,0724,0006,c4a7,07a7340d,0.9,622.5,0:02:18,44:50:37,-,-,0,-,,,,,04,1,00000000,00,10
2025-04-30 10:39:16,2025-04-30 10:39:17,2025-04-30 10:39:15,86748861317839,13300,GTERI,0x09fe3fbf,0x00028102,802003,0x0902,0x0915,100,14003,0000,-,01,01,22,12,-,01,52.6,309,578,-23.343607,-51.179062,0724,0006,c4a7,07a54816,1.1,622.6,0:02:27,44:50:46,-,-,0,-,,,,,04,3,00000000,00,10
2025-04-30 10:39:27,2025-04-30 10:39:27,2025-04-30 10:39:25,86748861317839,13301,GTERI,0x09fe3fbf,0x00028102,802003,0x0902,0x0915,100,14009,0000,-,01,01,22,12,-,01,48.2,313,579,-23.342726,-51.180126,0724,0006,c4a7,07a54816,1.2,622.7,0:02:39,44:50:58,-,-,0,-,,,,,04,3,00000000,00,10
2025-04-30 10:39:37,2025-04-30 10:39:37,2025-04-30 10:39:35,86748861317839,13302,GTERI,0x09fe3fbf,0x00028102,802003,0x0902,0x0915,100,13948,0000,-,01,01,22,12,-,01,27.7,6,579,-23.341845,-51.180501,0724,0006,c4a7,07a54816,1.3,622.8,0:02:48,44:51:07,-,-,0,-,,,,,04,3,00000000,00,10
2025-04-30 10:39:46,2025-04-30 10:39:47,2025-04-30 10:39:45,86748861317839,13303,GTERI,0x09fe3fbf,0x00028102,802003,0x0902,0x0915,100,13894,0000,-,01,01,22,12,-,01,33.8,272,579,-23.34125,-51.180764,0724,0006,c4a7,07a54802,1.4,622.9,0:02:57,44:51:16,-,-,0,-,,,,,04,7,00000000,00,10
2025-04-30 10:39:57,2025-04-30 10:39:57,2025-04-30 10:39:55,86748861317839,13304,GTERI,0x09fe3fbf,0x00028102,802003,0x0902,0x0915,100,13808,0000,-,01,01,22,12,-,01,41.8,315,584,-23.341117,-51.181765,0724,0006,c4a7,07a54801,1.5,623.0,0:03:09,44:51:28,-,-,0,-,,,,,04,7,00000000,00,10
2025-04-30 10:40:07,2025-04-30 10:40:07,2025-04-30 10:40:05,86748861317839,13305,GTERI,0x09fe3fbf,0x00028102,802003,0x0902,0x0915,100,14020,0000,-,01,01,22,12,-,01,60.1,332,584,-23.340022,-51.182465,0724,0006,c4a7,07a5480b,1.7,623.2,0:03:18,44:51:37,-,-,0,-,,,,,04,1,00000000,00,10
2025-04-30 10:40:17,2025-04-30 10:40:17,2025-04-30 10:40:15,86748861317839,13306,GTERI,0x09fe3fbf,0x00028102,802003,0x0902,0x0915,100,14020,0000,-,01,01,22,12,-,01,54.6,342,585,-23.338617,-51.183097,0724,0006,c4a7,07a5480b,1.8,623.4,0:03:27,44:51:46,-,-,0,-,,,,,04,1,00000000,00,10
2025-04-30 10:40:18,,,,13307,HBD
2025-04-30 10:40:27,2025-04-30 10:40:27,2025-04-30 10:40:25,86748861317839,13308,GTERI,0x09fe3fbf,0x00028102,802003,0x0902,0x0915,100,13964,0000,-,01,01,22,12,-,01,40.7,350,587,-23.337424,-51.1835,0724,0006,c4a7,07a5480b,2.0,623.5,0:03:39,44:51:58,-,-,0,-,,,,,04,1,00000000,00,10
2025-04-30 10:40:37,2025-04-30 10:40:37,2025-04-30 10:40:35,86748861317839,13309,GTERI,0x09fe3fbf,0x00028102,802003,0x0902,0x0915,100,13849,0000,-,01,01,22,12,-,01,0.1,350,587,-23.336999,-51.183451,0724,0006,c4a7,07a5480b,2.0,623.5,0:03:48,44:52:07,-,-,0,-,,,,,04,1,00000000,00,10
2025-04-30 10:40:46,2025-04-30 10:40:47,2025-04-30 10:40:46,86748861317839,13310,GTSPD,0x09fe7fbf,,802003,0x0902,0x0915,100,13849,0000,0000,01,01,22,12,-,01,0.0,350,587,-23.337,-51.183451,0724,0006,c4a7,07a5480b,2.0,623.5,0:03:57,44:52:16,-,-,0,-
2025-04-30 10:40:47,2025-04-30 10:40:47,2025-04-30 10:40:45,86748861317839,13311,GTERI,0x09fe3fbf,0x00028102,802003,0x0902,0x0915,100,13849,0000,-,01,01,22,12,-,01,0.0,350,587,-23.337,-51.183451,0724,0006,c4a7,07a5480b,2.0,623.5,0:03:57,44:52:16,-,-,0,-,,,,,04,1,00000000,00,10
2025-04-30 10:40:49,2025-04-30 10:40:49,2025-04-30 10:40:48,86748861317839,13312,GTDAT,0x09fe7fbf,,802003,0x0902,0x0915,100,13849,0000,0000,01,01,22,12,-,01,0.0,350,587,-23.337,-51.183451,0724,0006,c4a7,07a5480b,2.0,623.5,0:04:00,44:52:19,-,-,0,-,54494d454f55542d4944
2025-04-30 10:40:56,2025-04-30 10:40:57,2025-04-30 10:40:55,86748861317839,13313,GTERI,0x09fe3fbf,0x00028102,802003,0x0902,0x0915,100,13973,0000,-,01,01,22,12,-,01,16.4,33,588,-23.336963,-51.183422,0724,0006,c4a7,07a5480b,2.0,623.5,0:04:09,44:52:28,-,-,0,-,,,,,04,1,00000000,00,10
2025-04-30 10:41:06,2025-04-30 10:41:07,2025-04-30 10:41:05,86748861317839,13314,GTERI,0x09fe3fbf,0x00028102,802003,0x0902,0x0915,100,13973,0000,-,01,01,22,12,-,01,39.0,311,591,-23.336513,-51.183779,0724,0006,c4a7,07a5480b,2.1,623.6,0:04:18,44:52:37,-,-,0,-,,,,,04,1,00000000,00,10
2025-04-30 10:41:16,2025-04-30 10:41:17,2025-04-30 10:41:15,86748861317839,13315,GTERI,0x09fe3fbf,0x00028102,802003,0x0902,0x0915,100,13948,0000,-,01,01,22,12,-,01,42.6,340,601,-23.335647,-51.184247,0724,0006,c4a7,07a5480b,2.2,623.7,0:04:27,44:52:46,-,-,0,-,,,,,04,1,00000000,00,10
2025-04-30 10:41:27,2025-04-30 10:41:27,2025-04-30 10:41:25,86748861317839,13316,GTERI,0x09fe3fbf,0x00028102,802003,0x0902,0x0915,100,13948,0000,-,01,01,22,12,-,01,53.9,344,604,-23.334448,-51.184615,0724,0006,c4a7,07a6b00c,2.3,623.8,0:04:39,44:52:58,-,-,0,-,,,,,04,1,00000000,00,10
2025-04-30 10:41:36,2025-04-30 10:41:37,2025-04-30 10:41:35,86748861317839,13317,GTERI,0x09fe3fbf,0x00028102,802003,0x0902,0x0915,100,13927,0000,-,01,01,22,12,-,01,20.7,339,601,-23.333424,-51.185018,0724,0006,c4a7,07a6b00c,2.4,623.9,0:04:48,44:53:07,-,-,0,-,,,,,04,1,00000000,00,10
2025-04-30 10:41:46,2025-04-30 10:41:47,2025-04-30 10:41:45,86748861317839,13318,GTERI,0x09fe3fbf,0x00028102,802003,0x0902,0x0915,100,13949,0000,-,01,01,22,12,-,01,48.1,335,595,-23.332544,-51.185407,0724,0006,c4a7,07a6b00c,2.6,624.1,0:04:57,44:53:16,-,-,0,-,,,,,04,1,00000000,00,10
2025-04-30 10:41:56,2025-04-30 10:41:57,2025-04-30 10:41:55,86748861317839,13319,GTERI,0x09fe3fbf,0x00028102,802003,0x0902,0x0915,100,13842,0000,-,01,01,22,12,-,01,16.9,331,590,-23.331702,-51.185862,0724,0006,c4a7,07a6b00c,2.6,624.2,0:05:09,44:53:28,-,-,0,-,,,,,04,1,00000000,00,10
2025-04-30 10:42:27,2025-04-30 10:42:07,2025-04-30 10:42:05,86748861317839,13320,GTERI,0x09fe3fbf,0x00028102,802003,0x0902,0x0915,100,13840,0000,-,01,01,22,12,-,01,37.4,40,586,-23.331188,-51.185701,0724,0006,c4a7,07a6b00c,2.7,624.2,0:05:18,44:53:37,-,-,0,-,,,,,04,1,00000000,00,10
2025-04-30 10:42:27,,,,13322,HBD
2025-04-30 10:42:27,2025-04-30 10:42:17,2025-04-30 10:42:15,86748861317839,13321,GTERI,0x09fe3fbf,0x00028102,802003,0x0902,0x0915,100,13938,0000,-,01,01,22,12,-,01,49.4,81,587,-23.3309,-51.1846,0724,0006,c4a7,07a6b00c,2.8,624.4,0:05:27,44:53:46,-,-,0,-,,,,,04,1,00000000,00,10
2025-04-30 10:42:28,2025-04-30 10:42:27,2025-04-30 10:42:25,86748861317839,13323,GTERI,0x09fe3fbf,0x00028102,802003,0x0902,0x0915,100,13969,0000,-,01,01,22,12,-,01,37.3,81,588,-23.330736,-51.183421,0724,0006,c4a7,07a6b00c,2.9,624.5,0:05:39,44:53:58,-,-,0,-,,,,,04,1,00000000,00,10
2025-04-30 10:42:36,2025-04-30 10:42:37,2025-04-30 10:42:35,86748861317839,13324,GTERI,0x09fe3fbf,0x00028102,802003,0x0902,0x0915,100,13933,0000,-,01,01,22,12,-,01,28.8,81,592,-23.330665,-51.182773,0724,0006,c4a7,07a6b00c,3.0,624.5,0:05:48,44:54:07,-,-,0,-,,,,,04,1,00000000,00,10
2025-04-30 10:42:47,2025-04-30 10:42:47,2025-04-30 10:42:45,86748861317839,13325,GTERI,0x09fe3fbf,0x00028102,802003,0x0902,0x0915,100,13811,0000,-,01,01,22,12,-,01,41.4,82,588,-23.330544,-51.18171,0724,0006,c4a7,07a7140c,3.1,624.7,0:05:57,44:54:16,-,-,0,-,,,,,04,1,00000000,00,10
2025-04-30 10:42:56,2025-04-30 10:42:57,2025-04-30 10:42:55,86748861317839,13326,GTERI,0x09fe3fbf,0x00028102,802003,0x0902,0x0915,100,13762,0000,-,01,01,22,12,-,01,1.4,82,586,-23.330452,-51.181113,0724,0006,c4a7,07a7140c,3.2,624.7,0:06:09,44:54:28,-,-,0,-,,,,,04,1,00000000,00,10
2025-04-30 10:43:06,2025-04-30 10:43:07,2025-04-30 10:43:05,86748861317839,13327,GTERI,0x09fe3fbf,0x00028102,802003,0x0902,0x0915,100,13785,0000,-,01,01,22,12,-,01,0.0,82,586,-23.330449,-51.181111,0724,0006,c4a7,07a7140c,3.2,624.7,0:06:18,44:54:37,-,-,0,-,,,,,04,1,00000000,00,10
2025-04-30 10:43:16,2025-04-30 10:43:17,2025-04-30 10:43:15,86748861317839,13328,GTERI,0x09fe3fbf,0x00028102,802003,0x0902,0x0915,100,13798,0000,-,01,01,22,12,-,01,0.0,82,586,-23.330449,-51.181111,0724,0006,c4a7,07a7140c,3.2,624.7,0:06:27,44:54:46,-,-,0,-,,,,,04,1,00000000,00,10
2025-04-30 10:43:26,2025-04-30 10:43:27,2025-04-30 10:43:25,86748861317839,13329,GTERI,0x09fe3fbf,0x00028102,802003,0x0902,0x0915,100,13874,0000,-,01,01,22,12,-,01,22.5,359,586,-23.330225,-51.181123,0724,0006,c4a7,07a7140c,3.2,624.7,0:06:39,44:54:58,-,-,0,-,,,,,04,1,00000000,00,10
2025-04-30 10:43:36,2025-04-30 10:43:37,2025-04-30 10:43:35,86748861317839,13330,GTERI,0x09fe3fbf,0x00028102,802003,0x0902,0x0915,100,13874,0000,-,01,01,22,12,-,01,29.2,353,585,-23.329545,-51.181134,0724,0006,c4a7,07a7140c,3.3,624.8,0:06:48,44:55:07,-,-,0,-,,,,,04,1,00000000,00,10
2025-04-30 10:43:46,2025-04-30 10:43:47,2025-04-30 10:43:45,86748861317839,13331,GTERI,0x09fe3fbf,0x00028102,802003,0x0902,0x0915,100,13881,0000,-,01,01,22,12,-,01,25.0,347,584,-23.328829,-51.181392,0724,0006,c4a7,07a7140d,3.4,624.9,0:06:57,44:55:16,-,-,0,-,,,,,04,1,00000000,00,10
2025-04-30 10:43:56,2025-04-30 10:43:57,2025-04-30 10:43:55,86748861317839,13332,GTERI,0x09fe3fbf,0x00028102,802003,0x0902,0x0915,100,13910,0000,-,01,01,22,12,-,01,35.3,81,582,-23.328563,-51.180868,0724,0006,c4a7,07a7140d,3.4,625.0,0:07:09,44:55:28,-,-,0,-,,,,,04,1,00000000,00,10
2025-04-30 10:44:06,2025-04-30 10:44:07,2025-04-30 10:44:05,86748861317839,13333,GTERI,0x09fe3fbf,0x00028102,802003,0x0902,0x0915,100,13925,0000,-,01,01,22,12,-,01,35.0,90,580,-23.32847,-51.179908,0724,0006,c4a7,07a7140d,3.5,625.0,0:07:18,44:55:37,-,-,0,-,,,,,04,1,00000000,00,10
2025-04-30 10:44:17,2025-04-30 10:44:17,2025-04-30 10:44:15,86748861317839,13334,GTERI,0x09fe3fbf,0x00028102,802003,0x0902,0x0915,100,13905,0000,-,01,01,22,12,-,01,25.3,83,579,-23.328471,-51.179211,0724,0006,c4a7,07a7140b,3.6,625.1,0:07:27,44:55:46,-,-,0,-,,,,,04,1,00000000,00,10
2025-04-30 10:44:27,2025-04-30 10:44:27,2025-04-30 10:44:25,86748861317839,13335,GTERI,0x09fe3fbf,0x00028102,802003,0x0902,0x0915,100,13924,0000,-,01,01,22,12,-,01,35.1,89,576,-23.328465,-51.178262,0724,0006,c4a7,07a71401,3.7,625.2,0:07:39,44:55:58,-,-,0,-,,,,,04,7,00000000,00,10
2025-04-30 10:44:27,,,,13336,HBD
2025-04-30 10:44:36,2025-04-30 10:44:37,2025-04-30 10:44:35,86748861317839,13337,GTERI,0x09fe3fbf,0x00028102,802003,0x0902,0x0915,100,13764,0000,-,01,01,22,12,-,01,16.4,105,572,-23.32853,-51.177479,0724,0006,c4a7,07a71401,3.8,625.3,0:07:48,44:56:07,-,-,0,-,,,,,04,7,00000000,00,10
2025-04-30 10:44:47,2025-04-30 10:44:47,2025-04-30 10:44:45,86748861317839,13338,GTERI,0x09fe3fbf,0x00028102,802003,0x0902,0x0915,100,13857,0000,-,01,01,22,12,-,01,15.7,166,569,-23.32862,-51.177403,0724,0006,c4a7,07a71503,3.8,625.3,0:07:57,44:56:16,-,-,0,-,,,,,04,7,00000000,00,10
2025-04-30 10:44:57,2025-04-30 10:44:57,2025-04-30 10:44:55,86748861317839,13339,GTERI,0x09fe3fbf,0x00028102,802003,0x0902,0x0915,100,13879,0000,-,01,01,22,12,-,01,30.4,185,569,-23.32922,-51.177485,0724,0006,c4a7,07a71402,3.9,625.4,0:08:09,44:56:28,-,-,0,-,,,,,04,7,00000000,00,10
2025-04-30 10:45:06,2025-04-30 10:45:07,2025-04-30 10:45:05,86748861317839,13340,GTERI,0x09fe3fbf,0x00028102,802003,0x0902,0x0915,100,13847,0000,-,01,01,22,12,-,01,3.2,181,567,-23.329576,-51.177548,0724,0006,c4a7,07a71402,3.9,625.4,0:08:18,44:56:37,-,-,0,-,,,,,04,7,00000000,00,10
2025-04-30 10:45:16,2025-04-30 10:45:17,2025-04-30 10:45:15,86748861317839,13341,GTERI,0x09fe3fbf,0x00028102,802003,0x0902,0x0915,100,13845,0000,-,01,01,22,12,-,01,3.3,181,567,-23.329586,-51.177636,0724,0006,c4a7,07a71402,3.9,625.4,0:08:27,44:56:46,-,-,0,-,,,,,04,7,00000000,00,10
2025-04-30 10:45:27,2025-04-30 10:45:27,2025-04-30 10:45:15,86748861317839,13342,GTERI,0x09fe3fbf,0x00028102,802003,0x0902,0x0915,100,13927,0000,-,01,01,22,12,-,00,3.3,181,567,-23.329586,-51.177636,0724,0006,c4a7,07a71402,3.9,625.4,0:08:39,44:56:58,-,-,0,-,,,,,04,7,00000000,00,10
2025-04-30 10:45:36,2025-04-30 10:45:37,2025-04-30 10:45:15,86748861317839,13343,GTERI,0x09fe3fbf,0x00028102,802003,0x0902,0x0915,100,13889,0000,-,01,01,22,12,-,00,3.3,181,567,-23.329586,-51.177636,0724,0006,c4a7,07a71434,3.9,625.4,0:08:48,44:57:07,-,-,0,-,,,,,04,28,00000000,00,10
2025-04-30 10:45:47,2025-04-30 10:45:47,2025-04-30 10:45:15,86748861317839,13344,GTERI,0x09fe3fbf,0x00028102,802003,0x0902,0x0915,100,13836,0000,-,01,01,22,12,-,00,3.3,181,567,-23.329586,-51.177636,0724,0006,c4a7,07a71434,3.9,625.4,0:08:57,44:57:16,-,-,0,-,,,,,04,28,00000000,00,10
2025-04-30 10:45:57,2025-04-30 10:45:57,2025-04-30 10:45:15,86748861317839,13345,GTERI,0x09fe3fbf,0x00028102,802003,0x0902,0x0915,100,13621,0000,-,01,01,22,12,-,00,3.3,181,567,-23.329586,-51.177636,0724,0006,c4a7,07a71434,3.9,625.4,0:09:09,44:57:28,-,-,0,-,,,,,04,28,00000000,00,10
2025-04-30 10:46:07,2025-04-30 10:46:07,2025-04-30 10:45:15,86748861317839,13346,GTERI,0x09fe3fbf,0x00028102,802003,0x0902,0x0915,100,13713,0000,-,00,01,22,12,-,00,3.3,181,567,-23.329586,-51.177636,0724,0006,c4a7,07a71434,3.9,625.4,0:09:18,44:57:37,-,-,0,-,,,,,04,28,00000000,00,10
2025-04-30 10:46:07,2025-04-30 10:46:07,2025-04-30 10:45:20,86748861317839,13347,GTIGF,0x09fe7fbf,,802003,0x0902,0x0915,100,13713,0000,0000,00,01,12,12,560,00,0.0,181,567,-23.329588,-51.177645,0724,0006,c4a7,07a71434,3.9,625.4,0:09:18,44:57:37,-,-,01a2cb5224000088,-
2025-04-30 10:46:08,2025-04-30 10:46:07,2025-04-30 10:45:20,86748861317839,13348,GTSTT,0x09fe7fbf,,802003,0x0902,0x0915,100,13713,0000,0000,00,01,12,12,-,00,0.0,181,567,-23.329588,-51.177645,0724,0006,c4a7,07a71434,3.9,625.4,0:09:18,44:57:37,-,-,0,-
2025-04-30 10:46:10,2025-04-30 10:46:11,2025-04-30 10:45:15,86748861317839,13349,GTIGL,0x09fe7fbf,,802003,0x0902,0x0915,100,13301,0000,0000,00,01,12,12,-,00,3.3,181,567,-23.329586,-51.177636,0724,0006,c4a7,07a71434,3.9,625.4,0:09:18,44:57:37,-,-,0,-
2025-04-30 10:46:16,2025-04-30 10:46:16,2025-04-30 10:45:15,86748861317839,13350,GTERI,0x09fe3fbf,0x00028102,802003,0x0902,0x0915,100,13213,0000,-,00,01,12,12,-,00,3.3,181,567,-23.329586,-51.177636,0724,0006,c4a7,07a71434,3.9,625.4,0:09:18,44:57:37,-,-,0,-,,,,,04,28,00000000,00,10
2025-04-30 10:46:27,,,,13351,HBD
2025-04-30 10:47:47,2025-04-30 10:47:48,2025-04-30 10:45:20,86748861317839,13352,GTSTT,0x09fe7fbf,,802003,0x0902,0x0915,100,13021,0000,0000,00,01,11,12,-,00,0.0,181,567,-23.329588,-51.177645,0724,0006,c4a7,07a71434,3.9,625.4,0:09:18,44:57:37,-,-,0,-
2025-04-30 10:48:27,,,,13353,HBD
2025-04-30 10:50:27,,,,13354,HBD
2025-04-30 10:52:27,,,,13355,HBD
2025-04-30 10:54:28,,,,13356,HBD
2025-04-30 10:56:28,,,,13357,HBD
2025-04-30 10:58:28,,,,13358,HBD
2025-04-30 11:00:28,,,,13359,HBD
2025-04-30 11:02:28,,,,13360,HBD
2025-04-30 11:04:28,,,,13361,HBD
2025-04-30 11:06:28,,,,13362,HBD
2025-04-30 11:08:28,,,,13363,HBD
2025-04-30 11:10:28,,,,13364,HBD
2025-04-30 11:12:29,,,,13365,HBD
2025-04-30 11:14:29,,,,13366,HBD
2025-04-30 11:16:29,,,,13367,HBD
2025-04-30 11:18:29,,,,13368,HBD
2025-04-30 11:20:29,,,,13369,HBD
2025-04-30 11:22:29,,,,13370,HBD
2025-04-30 11:24:29,,,,13371,HBD
2025-04-30 11:26:29,,,,13372,HBD
2025-04-30 11:28:29,,,,13373,HBD
2025-04-30 11:30:29,,,,13374,HBD
2025-04-30 11:31:04,,,,,
