Data/Hora Inclusão,Data/Hora Evento,GNSS UTC Time,IMEI,Sequência,Tipo Mensagem,Máscara Report,Máscara ERI,Tipo Dispositivo,Versão Protocolo,Versão Firmware,Bateria Interna,Alimentação Externa,Analog Input Mode,Analog Input1 Voltage,Digital Input Status,Digital Output Status,Motion Status,Satélites,Duração da Ignição,Precisão GNSS,Velocidade,Azimuth,Altitude,Latitude,Longitude,MCC,MNC,LAC,Cell ID,Hodômetro Atual,Hodômetro Total,Horímetro Atual,Horímetro Total,Motivo Power Off,Motivo Power On,ID,ID Report Type,Comando Customizado,Battery Status,Backup Battery Voltage,Network Type,RAT,Band,IGN Trigger Data,GNSS Trigger Type,Position Report Type,GNSS Signal Status,Match_Type,Match_ID,Message_Category
2025-05-13 01:34:04,2025-05-13 01:34:04,2025-05-13 01:31:37,867488061407846.0,5233.0,GTERI,0x09fe3fbf,0x00028102,802003.0,0x0a04,0x0a14,100.0,12766.0,0.0,-,0.0,0.0,11.0,12.0,-,1.0,0.0,352.0,762.0,-12.097445,-45.771861,724.0,2.0,937b,077ad212,4.7,1140.5,0:00:00,0:00:00,-,-,0.0,-,,,,,4.0,5.0,0.0,0.0,10,,T1,1,T
2025-05-13 02:34:04,2025-05-13 02:34:04,2025-05-13 02:31:37,867488061407846.0,5264.0,GTERI,0x09fe3fbf,0x00028102,802003.0,0x0a04,0x0a14,100.0,12665.0,0.0,-,0.0,0.0,11.0,10.0,-,1.0,0.0,352.0,762.0,-12.097445,-45.771861,724.0,2.0,937b,077ad212,4.7,1140.5,0:00:00,0:00:00,-,-,0.0,-,,,,,4.0,5.0,0.0,0.0,10,,T1,2,T
2025-05-13 03:34:04,2025-05-13 03:34:04,2025-05-13 03:31:37,867488061407846.0,5295.0,GTERI,0x09fe3fbf,0x00028102,802003.0,0x0a04,0x0a14,100.0,12743.0,0.0,-,0.0,0.0,11.0,11.0,-,1.0,0.0,352.0,762.0,-12.097445,-45.771861,724.0,2.0,937b,077ad212,4.7,1140.5,0:00:00,0:00:00,-,-,0.0,-,,,,,4.0,5.0,0.0,0.0,10,,T1,3,T
2025-05-13 04:34:04,2025-05-13 04:34:04,2025-05-13 04:31:40,867488061407846.0,5326.0,GTERI,0x09fe3fbf,0x00028102,802003.0,0x0a04,0x0a14,100.0,12638.0,0.0,-,0.0,0.0,11.0,8.0,-,1.0,0.0,352.0,762.0,-12.097445,-45.771861,724.0,2.0,937b,077ad212,4.7,1140.5,0:00:00,0:00:00,-,-,0.0,-,,,,,4.0,5.0,0.0,0.0,10,,T1,4,T
2025-05-13 05:34:04,2025-05-13 05:34:04,2025-05-13 05:31:43,867488061407846.0,5357.0,GTERI,0x09fe3fbf,0x00028102,802003.0,0x0a04,0x0a14,100.0,12715.0,0.0,-,0.0,0.0,11.0,11.0,-,1.0,0.0,352.0,762.0,-12.097445,-45.771861,724.0,2.0,937b,077ad212,4.7,1140.5,0:00:00,0:00:00,-,-,0.0,-,,,,,4.0,5.0,0.0,0.0,10,,T1,5,T
2025-05-13 06:34:04,2025-05-13 06:34:04,2025-05-13 06:32:06,867488061407846.0,5388.0,GTERI,0x09fe3fbf,0x00028102,802003.0,0x0a04,0x0a14,100.0,12691.0,0.0,-,0.0,0.0,11.0,12.0,-,1.0,0.0,352.0,762.0,-12.097445,-45.771861,724.0,2.0,937b,077ad212,4.7,1140.5,0:00:00,0:00:00,-,-,0.0,-,,,,,4.0,5.0,0.0,0.0,10,,T1,6,T
2025-05-13 07:34:04,2025-05-13 07:34:04,2025-05-13 07:31:36,867488061407846.0,5419.0,GTERI,0x09fe3fbf,0x00028102,802003.0,0x0a04,0x0a14,100.0,12724.0,0.0,-,0.0,0.0,11.0,10.0,-,1.0,0.0,352.0,762.0,-12.097445,-45.771861,724.0,2.0,937b,077ad212,4.7,1140.5,0:00:00,0:00:00,-,-,0.0,-,,,,,4.0,5.0,0.0,0.0,10,,T1,7,T
2025-05-13 08:15:01,2025-05-13 08:15:01,2025-05-13 07:31:36,867488061407846.0,5440.0,GTIGN,0x09fe7fbf,,802003.0,0x0a04,0x0a14,100.0,12422.0,0.0,0,1.0,0.0,22.0,10.0,56454,0.0,0.0,352.0,762.0,-12.097445,-45.771861,724.0,2.0,937b,077ad212,0.0,1140.5,0:00:00,0:00:00,-,-,0.0,-,,,,,,,,,,,I1,1,I
2025-05-13 08:15:09,2025-05-13 08:15:09,2025-05-13 08:15:09,867488061407846.0,5442.0,GTERI,0x09fe3fbf,0x00028102,802003.0,0x0a04,0x0a14,100.0,12573.0,0.0,-,1.0,0.0,22.0,11.0,-,1.0,4.0,156.0,713.0,-12.097338,-45.771849,724.0,2.0,937b,077ad212,0.0,1140.5,0:00:00,0:00:00,-,-,0.0,-,,,,,4.0,5.0,0.0,0.0,10,,T1,8,T
2025-05-13 08:15:14,2025-05-13 08:15:14,2025-05-13 08:15:12,867488061407846.0,5444.0,GTERI,0x09fe3fbf,0x00028102,802003.0,0x0a04,0x0a14,100.0,12573.0,0.0,-,1.0,0.0,22.0,10.0,-,1.0,3.6,218.0,720.0,-12.097365,-45.771888,724.0,2.0,937b,077ad212,0.0,1140.5,0:00:00,0:00:00,-,-,0.0,-,,,,,4.0,5.0,0.0,0.0,11,,T5,1,T
2025-05-13 08:15:15,2025-05-13 08:15:15,2025-05-13 08:15:14,867488061407846.0,5445.0,GTERI,0x09fe3fbf,0x00028102,802003.0,0x0a04,0x0a14,100.0,12640.0,0.0,-,1.0,0.0,22.0,11.0,-,1.0,5.8,280.0,724.0,-12.097376,-45.771894,724.0,2.0,937b,077ad212,0.0,1140.5,0:00:00,0:00:00,-,-,0.0,-,,,,,4.0,5.0,0.0,0.0,11,,T5,2,T
2025-05-13 08:15:16,2025-05-13 08:15:16,2025-05-13 08:15:16,867488061407846.0,5446.0,GTERI,0x09fe3fbf,0x00028102,802003.0,0x0a04,0x0a14,100.0,12640.0,0.0,-,1.0,0.0,22.0,10.0,-,1.0,8.2,310.0,730.0,-12.097367,-45.771949,724.0,2.0,937b,077ad212,0.0,1140.5,0:00:00,0:00:00,-,-,0.0,-,,,,,4.0,5.0,0.0,0.0,11,,T1,9,T
2025-05-13 08:15:18,2025-05-13 08:15:18,2025-05-13 08:15:18,867488061407846.0,5447.0,GTERI,0x09fe3fbf,0x00028102,802003.0,0x0a04,0x0a14,100.0,12640.0,0.0,-,1.0,0.0,22.0,11.0,-,1.0,12.9,342.0,733.0,-12.097323,-45.771963,724.0,2.0,937b,077ad212,0.0,1140.5,0:00:00,0:00:00,-,-,0.0,-,,,,,4.0,5.0,0.0,0.0,11,,T1,10,T
2025-05-13 08:15:49,2025-05-13 08:15:49,2025-05-13 08:15:49,867488061407846.0,5449.0,GTERI,0x09fe3fbf,0x00028102,802003.0,0x0a04,0x0a14,100.0,14001.0,0.0,-,1.0,0.0,22.0,12.0,-,1.0,20.5,311.0,737.0,-12.095527,-45.772275,724.0,2.0,937b,077ab28d,0.2,1140.7,0:00:00,0:00:00,-,-,0.0,-,,,,,4.0,1.0,0.0,0.0,11,,T1,11,T
2025-05-13 08:15:51,2025-05-13 08:15:51,2025-05-13 08:15:51,867488061407846.0,5450.0,GTERI,0x09fe3fbf,0x00028102,802003.0,0x0a04,0x0a14,100.0,14001.0,0.0,-,1.0,0.0,22.0,12.0,-,1.0,22.9,274.0,738.0,-12.095499,-45.77238,724.0,2.0,937b,077ab28d,0.2,1140.8,0:00:00,0:00:00,-,-,0.0,-,,,,,4.0,1.0,0.0,0.0,11,,T1,12,T
2025-05-13 08:16:20,2025-05-13 08:16:20,2025-05-13 08:16:20,867488061407846.0,5451.0,GTERI,0x09fe3fbf,0x00028102,802003.0,0x0a04,0x0a14,100.0,13988.0,0.0,-,1.0,0.0,22.0,12.0,-,1.0,11.4,312.0,743.0,-12.095689,-45.774062,724.0,2.0,937b,077ad311,0.4,1140.9,0:00:00,0:00:00,-,-,0.0,-,,,,,4.0,5.0,0.0,0.0,11,,T1,13,T
2025-05-13 08:16:23,2025-05-13 08:16:23,2025-05-13 08:16:23,867488061407846.0,5452.0,GTERI,0x09fe3fbf,0x00028102,802003.0,0x0a04,0x0a14,100.0,12870.0,0.0,-,1.0,0.0,22.0,12.0,-,1.0,12.9,348.0,743.0,-12.095607,-45.774096,724.0,2.0,937b,077ad311,0.4,1140.9,0:00:00,0:00:00,-,-,0.0,-,,,,,4.0,5.0,0.0,0.0,11,,T1,14,T
2025-05-13 08:16:40,2025-05-13 08:16:40,2025-05-13 08:16:40,867488061407846.0,5453.0,GTERI,0x09fe3fbf,0x00028102,802003.0,0x0a04,0x0a14,100.0,13974.0,0.0,-,1.0,0.0,22.0,12.0,-,1.0,17.5,30.0,747.0,-12.094692,-45.774184,724.0,2.0,937b,077ad311,0.5,1141.0,0:00:00,0:00:00,-,-,0.0,-,,,,,4.0,5.0,0.0,0.0,11,,T1,15,T
2025-05-13 08:16:42,2025-05-13 08:16:42,2025-05-13 08:16:42,867488061407846.0,5454.0,GTERI,0x09fe3fbf,0x00028102,802003.0,0x0a04,0x0a14,100.0,13974.0,0.0,-,1.0,0.0,22.0,12.0,-,1.0,23.6,71.0,747.0,-12.094639,-45.774096,724.0,2.0,937b,077ad311,0.5,1141.0,0:00:00,0:00:00,-,-,0.0,-,,,,,4.0,5.0,0.0,0.0,11,,T1,16,T
2025-05-13 08:16:53,2025-05-13 08:16:53,2025-05-13 08:16:52,867488061407846.0,5455.0,GTERI,0x09fe3fbf,0x00028102,802003.0,0x0a04,0x0a14,100.0,13331.0,0.0,-,1.0,0.0,22.0,12.0,-,1.0,23.2,29.0,749.0,-12.094429,-45.773381,724.0,2.0,937b,077ab28d,0.6,1141.1,0:00:00,0:00:00,-,-,0.0,-,,,,,4.0,1.0,0.0,0.0,11,,T5,3,T
2025-05-13 08:16:54,2025-05-13 08:16:54,2025-05-13 08:16:54,867488061407846.0,5456.0,GTERI,0x09fe3fbf,0x00028102,802003.0,0x0a04,0x0a14,100.0,13891.0,0.0,-,1.0,0.0,22.0,12.0,-,1.0,23.5,333.0,750.0,-12.094321,-45.773401,724.0,2.0,937b,077ab28d,0.6,1141.1,0:00:00,0:00:00,-,-,0.0,-,,,,,4.0,1.0,0.0,0.0,11,,T1,17,T
2025-05-13 08:16:55,2025-05-13 08:16:55,2025-05-13 08:16:55,867488061407846.0,5457.0,GTERI,0x09fe3fbf,0x00028102,802003.0,0x0a04,0x0a14,100.0,13891.0,0.0,-,1.0,0.0,22.0,12.0,-,1.0,23.7,302.0,750.0,-12.094285,-45.773449,724.0,2.0,937b,077ab28d,0.6,1141.1,0:00:00,0:00:00,-,-,0.0,-,,,,,4.0,1.0,0.0,0.0,11,,T1,18,T
2025-05-13 08:16:57,2025-05-13 08:16:57,2025-05-13 08:16:57,867488061407846.0,5458.0,GTERI,0x09fe3fbf,0x00028102,802003.0,0x0a04,0x0a14,100.0,13449.0,0.0,-,1.0,0.0,22.0,12.0,-,1.0,19.9,263.0,750.0,-12.094277,-45.773555,724.0,2.0,937b,077ab28d,0.6,1141.1,0:00:00,0:00:00,-,-,0.0,-,,,,,4.0,1.0,0.0,0.0,11,,T1,19,T
2025-05-13 08:17:19,2025-05-13 08:17:19,2025-05-13 08:17:19,867488061407846.0,5459.0,GTERI,0x09fe3fbf,0x00028102,802003.0,0x0a04,0x0a14,100.0,13994.0,0.0,-,1.0,0.0,22.0,12.0,-,1.0,11.2,300.0,752.0,-12.094284,-45.774254,724.0,2.0,937b,077ab215,0.7,1141.2,0:00:00,0:00:00,-,-,0.0,-,,,,,4.0,1.0,0.0,0.0,11,,T1,20,T
2025-05-13 08:17:22,2025-05-13 08:17:22,2025-05-13 08:17:22,867488061407846.0,5460.0,GTERI,0x09fe3fbf,0x00028102,802003.0,0x0a04,0x0a14,100.0,13935.0,0.0,-,1.0,0.0,22.0,12.0,-,1.0,10.1,336.0,753.0,-12.094223,-45.774295,724.0,2.0,937b,077ab215,0.7,1141.2,0:00:00,0:00:00,-,-,0.0,-,,,,,4.0,1.0,0.0,0.0,11,,T1,21,T
2025-05-13 08:18:10,2025-05-13 08:18:10,2025-05-13 08:18:08,867488061407846.0,5462.0,GTERI,0x09fe3fbf,0x00028102,802003.0,0x0a04,0x0a14,100.0,12666.0,0.0,-,1.0,0.0,22.0,12.0,-,1.0,26.7,352.0,768.0,-12.0912,-45.774695,724.0,2.0,937b,077ab28d,1.1,1141.6,0:00:00,0:00:00,-,-,0.0,-,,,,,4.0,1.0,0.0,0.0,10,,T1,22,T
2025-05-13 08:19:00,2025-05-13 08:19:00,2025-05-13 08:18:52,867488061407846.0,5463.0,GTERI,0x09fe3fbf,0x00028102,802003.0,0x0a04,0x0a14,100.0,13936.0,0.0,-,1.0,0.0,22.0,12.0,-,1.0,7.2,30.0,771.0,-12.088976,-45.774958,724.0,2.0,937b,077ad311,1.3,1141.8,0:00:00,0:00:00,-,-,0.0,-,,,,,4.0,5.0,0.0,0.0,11,,T10,1,T
2025-05-13 08:19:00,2025-05-13 08:19:00,2025-05-13 08:18:54,867488061407846.0,5464.0,GTERI,0x09fe3fbf,0x00028102,802003.0,0x0a04,0x0a14,100.0,13936.0,0.0,-,1.0,0.0,22.0,12.0,-,1.0,16.9,64.0,771.0,-12.088943,-45.774904,724.0,2.0,937b,077ad311,1.3,1141.8,0:00:00,0:00:00,-,-,0.0,-,,,,,4.0,5.0,0.0,0.0,11,,T10,2,T
2025-05-13 08:19:55,2025-05-13 08:19:55,2025-05-13 08:19:54,867488061407846.0,5466.0,GTERI,0x09fe3fbf,0x00028102,802003.0,0x0a04,0x0a14,100.0,14233.0,0.0,-,1.0,0.0,22.0,12.0,-,1.0,21.5,10.0,772.0,-12.087762,-45.769089,724.0,2.0,937b,077ab215,2.0,1142.5,0:00:00,0:00:00,-,-,0.0,-,,,,,4.0,1.0,0.0,0.0,11,,T5,4,T
2025-05-13 08:19:56,2025-05-13 08:19:56,2025-05-13 08:19:56,867488061407846.0,5467.0,GTERI,0x09fe3fbf,0x00028102,802003.0,0x0a04,0x0a14,100.0,14320.0,0.0,-,1.0,0.0,22.0,12.0,-,1.0,24.4,316.0,772.0,-12.087661,-45.769138,724.0,2.0,937b,077ab215,2.0,1142.5,0:00:00,0:00:00,-,-,0.0,-,,,,,4.0,1.0,0.0,0.0,11,,T1,23,T
2025-05-13 08:19:58,2025-05-13 08:19:58,2025-05-13 08:19:58,867488061407846.0,5468.0,GTERI,0x09fe3fbf,0x00028102,802003.0,0x0a04,0x0a14,100.0,14320.0,0.0,-,1.0,0.0,22.0,12.0,-,1.0,30.7,277.0,772.0,-12.087612,-45.769271,724.0,2.0,937b,077ab215,2.0,1142.5,0:00:00,0:00:00,-,-,0.0,-,,,,,4.0,5.0,0.0,0.0,11,,T1,24,T
2025-05-13 08:20:57,2025-05-13 08:20:57,2025-05-13 08:20:57,867488061407846.0,5469.0,GTERI,0x09fe3fbf,0x00028102,802003.0,0x0a04,0x0a14,100.0,13959.0,0.0,-,1.0,0.0,22.0,12.0,-,1.0,20.2,327.0,771.0,-12.088317,-45.776104,724.0,2.0,937b,077ab28d,2.7,1143.3,0:00:00,0:00:00,-,-,0.0,-,,,,,4.0,1.0,0.0,0.0,11,,T1,25,T
2025-05-13 08:20:59,2025-05-13 08:20:59,2025-05-13 08:20:59,867488061407846.0,5470.0,GTERI,0x09fe3fbf,0x00028102,802003.0,0x0a04,0x0a14,100.0,13959.0,0.0,-,1.0,0.0,22.0,12.0,-,1.0,20.3,1.0,771.0,-12.088218,-45.776123,724.0,2.0,937b,077ab28d,2.8,1143.3,0:00:00,0:00:00,-,-,0.0,-,,,,,4.0,1.0,0.0,0.0,11,,T1,26,T
2025-05-13 08:21:01,2025-05-13 08:21:01,2025-05-13 08:21:01,867488061407846.0,5471.0,GTERI,0x09fe3fbf,0x00028102,802003.0,0x0a04,0x0a14,100.0,13959.0,0.0,-,1.0,0.0,22.0,12.0,-,1.0,19.4,37.0,770.0,-12.088128,-45.776081,724.0,2.0,937b,077ab28d,2.8,1143.3,0:00:00,0:00:00,-,-,0.0,-,,,,,4.0,1.0,0.0,0.0,11,,T1,27,T
2025-05-13 08:21:03,2025-05-13 08:21:03,2025-05-13 08:21:03,867488061407846.0,5472.0,GTERI,0x09fe3fbf,0x00028102,802003.0,0x0a04,0x0a14,100.0,13959.0,0.0,-,1.0,0.0,22.0,12.0,-,1.0,19.1,69.0,770.0,-12.088073,-45.775999,724.0,2.0,937b,077ab28d,2.8,1143.3,0:00:00,0:00:00,-,-,0.0,-,,,,,4.0,1.0,0.0,0.0,11,,T1,28,T
2025-05-13 08:21:10,2025-05-13 08:21:10,2025-05-13 08:21:08,867488061407846.0,5473.0,GTERI,0x09fe3fbf,0x00028102,802003.0,0x0a04,0x0a14,100.0,13760.0,0.0,-,1.0,0.0,22.0,12.0,-,1.0,20.7,81.0,770.0,-12.088028,-45.775774,724.0,2.0,937b,077ab28d,2.8,1143.3,0:00:00,0:00:00,-,-,0.0,-,,,,,4.0,1.0,0.0,0.0,10,,T1,29,T
2025-05-13 08:22:19,2025-05-13 08:22:19,2025-05-13 08:22:19,867488061407846.0,5475.0,GTERI,0x09fe3fbf,0x00028102,802003.0,0x0a04,0x0a14,100.0,13983.0,0.0,-,1.0,0.0,22.0,12.0,-,1.0,14.2,48.0,770.0,-12.087328,-45.77073,724.0,2.0,937b,077ab28d,3.4,1143.9,0:00:00,0:00:00,-,-,0.0,-,,,,,4.0,1.0,0.0,0.0,11,,T1,30,T
2025-05-13 08:22:21,2025-05-13 08:22:21,2025-05-13 08:22:21,867488061407846.0,5476.0,GTERI,0x09fe3fbf,0x00028102,802003.0,0x0a04,0x0a14,100.0,13983.0,0.0,-,1.0,0.0,22.0,12.0,-,1.0,6.9,15.0,770.0,-12.087283,-45.77071,724.0,2.0,937b,077ad213,3.4,1143.9,0:00:00,0:00:00,-,-,0.0,-,,,,,4.0,5.0,0.0,0.0,11,,T1,31,T
2025-05-13 08:22:26,2025-05-13 08:22:26,2025-05-13 08:22:26,867488061407846.0,5477.0,GTIGF,0x09fe7fbf,,802003.0,0x0a04,0x0a14,100.0,13983.0,0.0,0,0.0,0.0,12.0,12.0,444,1.0,0.1,15.0,770.0,-12.087263,-45.77072,724.0,2.0,937b,077ad213,3.4,1143.9,0:00:00,0:00:00,-,-,0.0,-,,,,,,,,,,,I1,2,I
2025-05-13 08:22:27,2025-05-13 08:22:27,2025-05-13 08:22:27,867488061407846.0,5479.0,GTERI,0x09fe3fbf,0x00028102,802003.0,0x0a04,0x0a14,100.0,13983.0,0.0,-,0.0,0.0,12.0,12.0,-,1.0,0.0,15.0,770.0,-12.087263,-45.77072,724.0,2.0,937b,077ad213,3.4,1143.9,0:00:00,0:00:00,-,-,0.0,-,,,,,4.0,5.0,0.0,0.0,10,,T1,32,T
2025-05-13 09:12:38,2025-05-13 09:12:38,2025-05-13 08:27:26,867488061407846.0,5507.0,GTIGN,0x09fe7fbf,,802003.0,0x0a04,0x0a14,100.0,12453.0,0.0,0,1.0,0.0,22.0,12.0,3012,0.0,0.0,15.0,770.0,-12.087263,-45.77072,724.0,2.0,937b,077ad20f,0.0,1143.9,0:00:00,0:00:00,-,-,0.0,-,,,,,,,,,,,I1,3,I
2025-05-13 09:12:45,2025-05-13 09:12:45,2025-05-13 09:12:45,867488061407846.0,5509.0,GTERI,0x09fe3fbf,0x00028102,802003.0,0x0a04,0x0a14,100.0,11933.0,0.0,-,1.0,0.0,22.0,12.0,-,1.0,0.0,15.0,772.0,-12.087258,-45.770732,724.0,2.0,937b,077ad20f,0.0,1143.9,0:00:00,0:00:00,-,-,0.0,-,,,,,4.0,28.0,0.0,0.0,10,,T1,33,T
2025-05-13 09:12:56,2025-05-13 09:12:56,2025-05-13 09:12:56,867488061407846.0,5511.0,GTERI,0x09fe3fbf,0x00028102,802003.0,0x0a04,0x0a14,100.0,13825.0,0.0,-,1.0,0.0,22.0,12.0,-,1.0,6.7,274.0,773.0,-12.087294,-45.770747,724.0,2.0,937b,077ad20f,0.0,1143.9,0:00:00,0:00:00,-,-,0.0,-,,,,,4.0,28.0,0.0,0.0,11,,T1,34,T
2025-05-13 09:14:07,2025-05-13 09:14:07,2025-05-13 09:14:07,867488061407846.0,5513.0,GTERI,0x09fe3fbf,0x00028102,802003.0,0x0a04,0x0a14,100.0,13750.0,0.0,-,1.0,0.0,22.0,12.0,-,1.0,19.1,222.0,771.0,-12.088082,-45.776155,724.0,2.0,937b,077ab28d,0.6,1144.5,0:00:00,0:00:00,-,-,0.0,-,,,,,4.0,1.0,0.0,0.0,11,,T1,35,T
2025-05-13 09:14:09,2025-05-13 09:14:09,2025-05-13 09:14:09,867488061407846.0,5514.0,GTERI,0x09fe3fbf,0x00028102,802003.0,0x0a04,0x0a14,100.0,13750.0,0.0,-,1.0,0.0,22.0,12.0,-,1.0,22.2,182.0,771.0,-12.088183,-45.776179,724.0,2.0,937b,077ab28d,0.6,1144.5,0:00:00,0:00:00,-,-,0.0,-,,,,,4.0,1.0,0.0,0.0,11,,T1,36,T
2025-05-13 09:14:23,2025-05-13 09:14:23,2025-05-13 09:14:23,867488061407846.0,5515.0,GTERI,0x09fe3fbf,0x00028102,802003.0,0x0a04,0x0a14,100.0,13931.0,0.0,-,1.0,0.0,22.0,12.0,-,1.0,16.9,217.0,773.0,-12.088404,-45.7762,724.0,2.0,937b,077ab215,0.6,1144.5,0:00:00,0:00:00,-,-,0.0,-,,,,,4.0,1.0,0.0,0.0,11,,T1,37,T
2025-05-13 09:14:25,2025-05-13 09:14:25,2025-05-13 09:14:25,867488061407846.0,5516.0,GTERI,0x09fe3fbf,0x00028102,802003.0,0x0a04,0x0a14,100.0,13931.0,0.0,-,1.0,0.0,22.0,12.0,-,1.0,24.5,257.0,773.0,-12.088454,-45.776291,724.0,2.0,937b,077ab215,0.6,1144.5,0:00:00,0:00:00,-,-,0.0,-,,,,,4.0,1.0,0.0,0.0,11,,T1,38,T
2025-05-13 09:15:43,2025-05-13 09:15:43,2025-05-13 09:15:41,867488061407846.0,5518.0,GTERI,0x09fe3fbf,0x00028102,802003.0,0x0a04,0x0a14,100.0,13943.0,0.0,-,1.0,0.0,22.0,12.0,-,1.0,43.3,264.0,769.0,-12.089539,-45.783075,724.0,2.0,937b,077ab215,1.4,1145.3,0:00:00,0:00:00,-,-,0.0,-,,,,,4.0,1.0,0.0,0.0,10,,T1,39,T
2025-05-13 09:15:50,2025-05-13 09:15:50,2025-05-13 09:15:50,867488061407846.0,5519.0,GTERI,0x09fe3fbf,0x00028102,802003.0,0x0a04,0x0a14,100.0,14493.0,0.0,-,1.0,0.0,22.0,12.0,-,1.0,20.9,223.0,768.0,-12.089687,-45.783891,724.0,2.0,937b,077ab215,1.5,1145.3,0:00:00,0:00:00,-,-,0.0,-,,,,,4.0,1.0,0.0,0.0,11,,T1,40,T
2025-05-13 09:15:52,2025-05-13 09:15:52,2025-05-13 09:15:52,867488061407846.0,5520.0,GTERI,0x09fe3fbf,0x00028102,802003.0,0x0a04,0x0a14,100.0,13992.0,0.0,-,1.0,0.0,22.0,12.0,-,1.0,15.7,175.0,768.0,-12.089766,-45.783914,724.0,2.0,937b,077ab215,1.5,1145.3,0:00:00,0:00:00,-,-,0.0,-,,,,,4.0,1.0,0.0,0.0,11,,T1,41,T
2025-05-13 09:15:54,2025-05-13 09:15:54,2025-05-13 09:15:54,867488061407846.0,5521.0,GTERI,0x09fe3fbf,0x00028102,802003.0,0x0a04,0x0a14,100.0,13992.0,0.0,-,1.0,0.0,22.0,12.0,-,1.0,19.8,118.0,768.0,-12.08983,-45.783855,724.0,2.0,937b,077ab215,1.5,1145.3,0:00:00,0:00:00,-,-,0.0,-,,,,,4.0,1.0,0.0,0.0,11,,T1,42,T
2025-05-13 09:15:57,2025-05-13 09:15:57,2025-05-13 09:15:57,867488061407846.0,5522.0,GTERI,0x09fe3fbf,0x00028102,802003.0,0x0a04,0x0a14,100.0,12758.0,0.0,-,1.0,0.0,22.0,12.0,-,1.0,30.6,83.0,768.0,-12.089838,-45.783659,724.0,2.0,937b,077ab215,1.5,1145.4,0:00:00,0:00:00,-,-,0.0,-,,,,,4.0,1.0,0.0,0.0,11,,T1,43,T
2025-05-13 09:18:14,2025-05-13 09:18:14,2025-05-13 09:18:14,867488061407846.0,5524.0,GTERI,0x09fe3fbf,0x00028102,802003.0,0x0a04,0x0a14,100.0,14455.0,0.0,-,1.0,0.0,22.0,12.0,-,1.0,10.9,122.0,772.0,-12.088122,-45.768514,724.0,2.0,937b,077ab215,3.2,1147.0,0:00:00,0:00:00,-,-,0.0,-,,,,,4.0,1.0,0.0,0.0,11,,T1,44,T
2025-05-13 09:18:17,2025-05-13 09:18:17,2025-05-13 09:18:17,867488061407846.0,5525.0,GTERI,0x09fe3fbf,0x00028102,802003.0,0x0a04,0x0a14,100.0,14010.0,0.0,-,1.0,0.0,22.0,12.0,-,1.0,5.0,158.0,772.0,-12.088169,-45.768481,724.0,2.0,937b,077ad20f,3.2,1147.0,0:00:00,0:00:00,-,-,0.0,-,,,,,4.0,28.0,0.0,0.0,11,,T1,45,T
2025-05-13 09:18:43,2025-05-13 09:18:43,2025-05-13 09:18:41,867488061407846.0,5526.0,GTERI,0x09fe3fbf,0x00028102,802003.0,0x0a04,0x0a14,100.0,13998.0,0.0,-,1.0,0.0,22.0,12.0,-,1.0,0.0,159.0,772.0,-12.088181,-45.768476,724.0,2.0,937b,077ad20f,3.2,1147.0,0:00:00,0:00:00,-,-,0.0,-,,,,,4.0,28.0,0.0,0.0,10,,T1,46,T
2025-05-13 09:18:46,2025-05-13 09:18:46,2025-05-13 09:18:46,867488061407846.0,5527.0,GTERI,0x09fe3fbf,0x00028102,802003.0,0x0a04,0x0a14,100.0,13960.0,0.0,-,1.0,0.0,22.0,12.0,-,1.0,7.7,74.0,773.0,-12.088166,-45.768469,724.0,2.0,937b,077ad20f,3.2,1147.0,0:00:00,0:00:00,-,-,0.0,-,,,,,4.0,28.0,0.0,0.0,11,,T1,47,T
2025-05-13 09:19:00,2025-05-13 09:19:00,2025-05-13 09:19:00,867488061407846.0,5528.0,GTERI,0x09fe3fbf,0x00028102,802003.0,0x0a04,0x0a14,100.0,14051.0,0.0,-,1.0,0.0,22.0,12.0,-,1.0,16.3,123.0,773.0,-12.088053,-45.767793,724.0,2.0,937b,077ad20f,3.2,1147.1,0:00:00,0:00:00,-,-,0.0,-,,,,,4.0,28.0,0.0,0.0,11,,T1,48,T
2025-05-13 09:19:02,2025-05-13 09:19:02,2025-05-13 09:19:02,867488061407846.0,5529.0,GTERI,0x09fe3fbf,0x00028102,802003.0,0x0a04,0x0a14,100.0,14051.0,0.0,-,1.0,0.0,22.0,12.0,-,1.0,13.7,157.0,773.0,-12.08811,-45.767753,724.0,2.0,937b,077ad20f,3.2,1147.1,0:00:00,0:00:00,-,-,0.0,-,,,,,4.0,28.0,0.0,0.0,11,,T1,49,T
2025-05-13 09:19:16,2025-05-13 09:19:16,2025-05-13 09:19:16,867488061407846.0,5530.0,GTERI,0x09fe3fbf,0x00028102,802003.0,0x0a04,0x0a14,100.0,14033.0,0.0,-,1.0,0.0,22.0,12.0,-,1.0,20.4,187.0,771.0,-12.088952,-45.767648,724.0,2.0,937b,077ad20f,3.3,1147.2,0:00:00,0:00:00,-,-,0.0,-,,,,,4.0,28.0,0.0,0.0,11,,T1,50,T
2025-05-13 09:19:22,2025-05-13 09:19:22,2025-05-13 09:19:22,867488061407846.0,5531.0,GTERI,0x09fe3fbf,0x00028102,802003.0,0x0a04,0x0a14,100.0,14045.0,0.0,-,1.0,0.0,22.0,12.0,-,1.0,12.2,152.0,771.0,-12.089116,-45.767643,724.0,2.0,937b,077ad20f,3.3,1147.2,0:00:00,0:00:00,-,-,0.0,-,,,,,4.0,28.0,0.0,0.0,11,,T1,51,T
2025-05-13 09:20:14,2025-05-13 09:20:14,2025-05-13 09:19:37,867488061407846.0,5533.0,GTERI,0x09fe3fbf,0x00028102,802003.0,0x0a04,0x0a14,100.0,14025.0,0.0,-,1.0,0.0,22.0,12.0,-,1.0,19.2,183.0,769.0,-12.090047,-45.767504,724.0,2.0,937b,077ad20f,3.4,1147.3,0:00:00,0:00:00,-,-,0.0,-,,,,,4.0,28.0,0.0,0.0,11,,NA,0,T
2025-05-13 09:20:14,2025-05-13 09:20:14,2025-05-13 09:19:37,867488061407846.0,5533.0,GTERI,0x09fe3fbf,0x00028102,802003.0,0x0a04,0x0a14,100.0,14025.0,0.0,-,1.0,0.0,22.0,12.0,-,1.0,19.2,183.0,769.0,-12.090047,-45.767504,724.0,2.0,937b,077ad20f,3.4,1147.3,0:00:00,0:00:00,-,-,0.0,-,,,,,4.0,28.0,0.0,0.0,11,,NA,0,T
2025-05-13 09:20:14,2025-05-13 09:20:14,2025-05-13 09:19:39,867488061407846.0,5534.0,GTERI,0x09fe3fbf,0x00028102,802003.0,0x0a04,0x0a14,100.0,14025.0,0.0,-,1.0,0.0,22.0,12.0,-,1.0,17.6,215.0,769.0,-12.09013,-45.767536,724.0,2.0,937b,077ad20f,3.5,1147.3,0:00:00,0:00:00,-,-,0.0,-,,,,,4.0,28.0,0.0,0.0,11,,NA,0,T
2025-05-13 09:20:15,2025-05-13 09:20:15,2025-05-13 09:19:41,867488061407846.0,5535.0,GTERI,0x09fe3fbf,0x00028102,802003.0,0x0a04,0x0a14,100.0,13949.0,0.0,-,1.0,0.0,22.0,12.0,-,1.0,19.8,257.0,769.0,-12.09017,-45.76762,724.0,2.0,937b,077ad20f,3.5,1147.3,0:00:00,0:00:00,-,-,0.0,-,,,,,4.0,28.0,0.0,0.0,11,,NA,0,T
2025-05-13 09:20:22,2025-05-13 09:20:22,2025-05-13 09:20:22,867488061407846.0,5536.0,GTERI,0x09fe3fbf,0x00028102,802003.0,0x0a04,0x0a14,100.0,13947.0,0.0,-,1.0,0.0,22.0,12.0,-,1.0,15.3,214.0,769.0,-12.090666,-45.770964,724.0,2.0,937b,077ad20f,3.8,1147.7,0:00:00,0:00:00,-,-,0.0,-,,,,,4.0,28.0,0.0,0.0,11,,T1,52,T
2025-05-13 09:20:24,2025-05-13 09:20:24,2025-05-13 09:20:24,867488061407846.0,5537.0,GTERI,0x09fe3fbf,0x00028102,802003.0,0x0a04,0x0a14,100.0,13947.0,0.0,-,1.0,0.0,22.0,12.0,-,1.0,23.3,183.0,769.0,-12.090764,-45.770985,724.0,2.0,937b,077ad20f,3.9,1147.7,0:00:00,0:00:00,-,-,0.0,-,,,,,4.0,28.0,0.0,0.0,11,,T1,53,T
2025-05-13 09:21:18,2025-05-13 09:21:18,2025-05-13 09:21:18,867488061407846.0,5538.0,GTERI,0x09fe3fbf,0x00028102,802003.0,0x0a04,0x0a14,100.0,14012.0,0.0,-,1.0,0.0,22.0,12.0,-,1.0,17.3,213.0,764.0,-12.095279,-45.770392,724.0,2.0,937b,077ad20e,4.3,1148.2,0:00:00,0:00:00,-,-,0.0,-,,,,,4.0,28.0,0.0,0.0,11,,T1,54,T
2025-05-13 09:21:23,2025-05-13 09:21:23,2025-05-13 09:21:18,867488061407846.0,5538.0,GTERI,0x09fe3fbf,0x00028102,802003.0,0x0a04,0x0a14,100.0,14012.0,0.0,-,1.0,0.0,22.0,12.0,-,1.0,17.3,213.0,764.0,-12.095279,-45.770392,724.0,2.0,937b,077ad20e,4.3,1148.2,0:00:00,0:00:00,-,-,0.0,-,,,,,4.0,28.0,0.0,0.0,11,,T10,3,T
2025-05-13 09:21:23,2025-05-13 09:21:23,2025-05-13 09:21:20,867488061407846.0,5539.0,GTERI,0x09fe3fbf,0x00028102,802003.0,0x0a04,0x0a14,100.0,14012.0,0.0,-,1.0,0.0,22.0,12.0,-,1.0,19.1,256.0,764.0,-12.095319,-45.770472,724.0,2.0,937b,077ad20e,4.4,1148.2,0:00:00,0:00:00,-,-,0.0,-,,,,,4.0,28.0,0.0,0.0,11,,T5,5,T
2025-05-13 09:21:43,2025-05-13 09:21:43,2025-05-13 09:21:41,867488061407846.0,5541.0,GTERI,0x09fe3fbf,0x00028102,802003.0,0x0a04,0x0a14,100.0,14056.0,0.0,-,1.0,0.0,22.0,12.0,-,1.0,15.6,263.0,766.0,-12.095531,-45.772096,724.0,2.0,937b,077ad20e,4.6,1148.4,0:00:00,0:00:00,-,-,0.0,-,,,,,4.0,28.0,0.0,0.0,10,,T1,55,T
2025-05-13 09:21:43,2025-05-13 09:21:43,2025-05-13 09:21:43,867488061407846.0,5542.0,GTERI,0x09fe3fbf,0x00028102,802003.0,0x0a04,0x0a14,100.0,13959.0,0.0,-,1.0,0.0,22.0,12.0,-,1.0,14.7,231.0,766.0,-12.095559,-45.772161,724.0,2.0,937b,077ad20e,4.6,1148.4,0:00:00,0:00:00,-,-,0.0,-,,,,,4.0,28.0,0.0,0.0,11,,T1,56,T
2025-05-13 09:21:45,2025-05-13 09:21:45,2025-05-13 09:21:45,867488061407846.0,5543.0,GTERI,0x09fe3fbf,0x00028102,802003.0,0x0a04,0x0a14,100.0,13959.0,0.0,-,1.0,0.0,22.0,12.0,-,1.0,19.6,189.0,766.0,-12.095637,-45.772195,724.0,2.0,937b,077ad20e,4.6,1148.4,0:00:00,0:00:00,-,-,0.0,-,,,,,4.0,28.0,0.0,0.0,11,,T1,57,T
2025-05-13 09:22:31,2025-05-13 09:22:31,2025-05-13 09:22:11,867488061407846.0,5544.0,GTERI,0x09fe3fbf,0x00028102,802003.0,0x0a04,0x0a14,100.0,14326.0,0.0,-,1.0,0.0,22.0,12.0,-,1.0,14.8,139.0,766.0,-12.097386,-45.771954,724.0,2.0,937b,077ad309,4.8,1148.6,0:00:00,0:00:00,-,-,0.0,-,,,,,4.0,3.0,0.0,0.0,11,,NA,0,T
2025-05-13 09:22:32,2025-05-13 09:22:32,2025-05-13 09:22:16,867488061407846.0,5545.0,GTERI,0x09fe3fbf,0x00028102,802003.0,0x0a04,0x0a14,100.0,13949.0,0.0,-,1.0,0.0,22.0,12.0,-,1.0,3.3,96.0,766.0,-12.097407,-45.771892,724.0,2.0,937b,077ab28d,4.8,1148.6,0:00:00,0:00:00,-,-,0.0,-,,,,,4.0,1.0,0.0,0.0,11,,NA,0,T
2025-05-13 09:22:32,2025-05-13 09:22:32,2025-05-13 09:22:20,867488061407846.0,5546.0,GTIGF,0x09fe7fbf,,802003.0,0x0a04,0x0a14,100.0,13999.0,0.0,0,0.0,0.0,12.0,12.0,583,1.0,0.0,96.0,766.0,-12.097407,-45.771892,724.0,2.0,937b,077ab28d,4.8,1148.6,0:00:00,0:00:00,-,-,0.0,-,,,,,,,,,,,NA,0,I
2025-05-13 09:22:33,2025-05-13 09:22:33,2025-05-13 09:22:21,867488061407846.0,5548.0,GTERI,0x09fe3fbf,0x00028102,802003.0,0x0a04,0x0a14,100.0,13999.0,0.0,-,0.0,0.0,12.0,12.0,-,1.0,0.0,96.0,766.0,-12.097407,-45.771892,724.0,2.0,937b,077ab28d,4.8,1148.6,0:00:00,0:00:00,-,-,0.0,-,,,,,4.0,1.0,0.0,0.0,10,,NA,0,T
2025-05-13 09:34:55,2025-05-13 09:34:55,2025-05-13 09:27:20,867488061407846.0,5557.0,GTIGN,0x09fe7fbf,,802003.0,0x0a04,0x0a14,100.0,12498.0,0.0,0,1.0,0.0,22.0,12.0,754,0.0,0.0,96.0,766.0,-12.097407,-45.771892,724.0,2.0,937b,077ad20f,0.0,1148.6,0:00:00,0:00:00,-,-,0.0,-,,,,,,,,,,,I1,4,I
2025-05-13 09:35:03,2025-05-13 09:35:03,2025-05-13 09:35:03,867488061407846.0,5559.0,GTERI,0x09fe3fbf,0x00028102,802003.0,0x0a04,0x0a14,100.0,12032.0,0.0,-,1.0,0.0,22.0,12.0,-,1.0,2.0,293.0,766.0,-12.097379,-45.771922,724.0,2.0,937b,077ad20f,0.0,1148.6,0:00:00,0:00:00,-,-,0.0,-,,,,,4.0,28.0,0.0,0.0,10,,T1,58,T
2025-05-13 09:35:05,2025-05-13 09:35:05,2025-05-13 09:35:05,867488061407846.0,5561.0,GTERI,0x09fe3fbf,0x00028102,802003.0,0x0a04,0x0a14,100.0,13389.0,0.0,-,1.0,0.0,22.0,12.0,-,1.0,7.5,167.0,767.0,-12.097395,-45.771915,724.0,2.0,937b,077ad20f,0.0,1148.6,0:00:00,0:00:00,-,-,0.0,-,,,,,4.0,28.0,0.0,0.0,11,,T1,59,T
2025-05-13 09:35:16,2025-05-13 09:35:16,2025-05-13 09:35:14,867488061407846.0,5562.0,GTERI,0x09fe3fbf,0x00028102,802003.0,0x0a04,0x0a14,100.0,13872.0,0.0,-,1.0,0.0,22.0,12.0,-,1.0,11.1,202.0,766.0,-12.097649,-45.771932,724.0,2.0,937b,077ad20f,0.0,1148.7,0:00:00,0:00:00,-,-,0.0,-,,,,,4.0,28.0,0.0,0.0,11,,T5,6,T
2025-05-13 09:35:16,2025-05-13 09:35:16,2025-05-13 09:35:16,867488061407846.0,5563.0,GTERI,0x09fe3fbf,0x00028102,802003.0,0x0a04,0x0a14,100.0,13872.0,0.0,-,1.0,0.0,22.0,12.0,-,1.0,13.1,243.0,766.0,-12.097687,-45.771978,724.0,2.0,937b,077ad309,0.0,1148.7,0:00:00,0:00:00,-,-,0.0,-,,,,,4.0,3.0,0.0,0.0,11,,T1,60,T
2025-05-13 09:35:47,2025-05-13 09:35:47,2025-05-13 09:35:47,867488061407846.0,5565.0,GTERI,0x09fe3fbf,0x00028102,802003.0,0x0a04,0x0a14,100.0,13643.0,0.0,-,1.0,0.0,22.0,12.0,-,1.0,15.5,292.0,766.0,-12.097902,-45.773739,724.0,2.0,937b,077ad309,0.2,1148.8,0:00:00,0:00:00,-,-,0.0,-,,,,,4.0,3.0,0.0,0.0,11,,T1,61,T
2025-05-13 09:35:49,2025-05-13 09:35:49,2025-05-13 09:35:49,867488061407846.0,5566.0,GTERI,0x09fe3fbf,0x00028102,802003.0,0x0a04,0x0a14,100.0,13643.0,0.0,-,1.0,0.0,22.0,12.0,-,1.0,19.6,337.0,766.0,-12.097831,-45.773793,724.0,2.0,937b,077ad309,0.2,1148.9,0:00:00,0:00:00,-,-,0.0,-,,,,,4.0,3.0,0.0,0.0,11,,T1,62,T
2025-05-13 09:36:33,2025-05-13 09:36:33,2025-05-13 09:36:33,867488061407846.0,5567.0,GTERI,0x09fe3fbf,0x00028102,802003.0,0x0a04,0x0a14,100.0,13753.0,0.0,-,1.0,0.0,22.0,12.0,-,1.0,18.5,13.0,770.0,-12.094735,-45.774201,724.0,2.0,937b,077ab28d,0.6,1149.2,0:00:00,0:00:00,-,-,0.0,-,,,,,4.0,1.0,0.0,0.0,11,,T1,63,T
2025-05-13 09:36:35,2025-05-13 09:36:35,2025-05-13 09:36:35,867488061407846.0,5568.0,GTERI,0x09fe3fbf,0x00028102,802003.0,0x0a04,0x0a14,100.0,13753.0,0.0,-,1.0,0.0,22.0,12.0,-,1.0,20.3,55.0,770.0,-12.094663,-45.774141,724.0,2.0,937b,077ad311,0.6,1149.2,0:00:00,0:00:00,-,-,0.0,-,,,,,4.0,5.0,0.0,0.0,11,,T1,64,T
2025-05-13 09:36:47,2025-05-13 09:36:47,2025-05-13 09:36:47,867488061407846.0,5569.0,GTERI,0x09fe3fbf,0x00028102,802003.0,0x0a04,0x0a14,100.0,14042.0,0.0,-,1.0,0.0,22.0,12.0,-,1.0,21.2,6.0,770.0,-12.094394,-45.77337,724.0,2.0,937b,077ad311,0.7,1149.3,0:00:00,0:00:00,-,-,0.0,-,,,,,4.0,5.0,0.0,0.0,11,,T1,65,T
2025-05-13 09:36:50,2025-05-13 09:36:50,2025-05-13 09:36:49,867488061407846.0,5570.0,GTERI,0x09fe3fbf,0x00028102,802003.0,0x0a04,0x0a14,100.0,14042.0,0.0,-,1.0,0.0,22.0,12.0,-,1.0,25.0,322.0,770.0,-12.09429,-45.773415,724.0,2.0,937b,077ad311,0.7,1149.3,0:00:00,0:00:00,-,-,0.0,-,,,,,4.0,5.0,0.0,0.0,11,,T5,7,T
2025-05-13 09:36:51,2025-05-13 09:36:51,2025-05-13 09:36:51,867488061407846.0,5571.0,GTERI,0x09fe3fbf,0x00028102,802003.0,0x0a04,0x0a14,100.0,14042.0,0.0,-,1.0,0.0,22.0,12.0,-,1.0,28.4,286.0,770.0,-12.094229,-45.773534,724.0,2.0,937b,077ad311,0.7,1149.3,0:00:00,0:00:00,-,-,0.0,-,,,,,4.0,5.0,0.0,0.0,11,,T1,66,T
2025-05-13 09:37:01,2025-05-13 09:37:01,2025-05-13 09:37:01,867488061407846.0,5572.0,GTERI,0x09fe3fbf,0x00028102,802003.0,0x0a04,0x0a14,100.0,13284.0,0.0,-,1.0,0.0,22.0,12.0,-,1.0,18.8,321.0,769.0,-12.094252,-45.774261,724.0,2.0,937b,077ab28d,0.8,1149.4,0:00:00,0:00:00,-,-,0.0,-,,,,,4.0,1.0,0.0,0.0,11,,T1,67,T
2025-05-13 09:37:04,2025-05-13 09:37:04,2025-05-13 09:37:04,867488061407846.0,5573.0,GTERI,0x09fe3fbf,0x00028102,802003.0,0x0a04,0x0a14,100.0,14035.0,0.0,-,1.0,0.0,22.0,12.0,-,1.0,25.9,352.0,769.0,-12.094091,-45.774301,724.0,2.0,937b,077ab28d,0.8,1149.4,0:00:00,0:00:00,-,-,0.0,-,,,,,4.0,1.0,0.0,0.0,11,,T1,68,T
2025-05-13 09:38:03,2025-05-13 09:38:03,2025-05-13 09:38:01,867488061407846.0,5575.0,GTERI,0x09fe3fbf,0x00028102,802003.0,0x0a04,0x0a14,100.0,12652.0,0.0,-,1.0,0.0,22.0,12.0,-,1.0,23.9,351.0,775.0,-12.090093,-45.774851,724.0,2.0,937b,077ab28d,1.3,1149.9,0:00:00,0:00:00,-,-,0.0,-,,,,,4.0,1.0,0.0,0.0,10,,T1,69,T
2025-05-13 09:38:19,2025-05-13 09:38:19,2025-05-13 09:38:19,867488061407846.0,5576.0,GTERI,0x09fe3fbf,0x00028102,802003.0,0x0a04,0x0a14,100.0,14041.0,0.0,-,1.0,0.0,22.0,12.0,-,1.0,14.4,21.0,776.0,-12.088954,-45.774976,724.0,2.0,937b,077ab28d,1.4,1150.0,0:00:00,0:00:00,-,-,0.0,-,,,,,4.0,1.0,0.0,0.0,11,,T1,70,T
2025-05-13 09:38:21,2025-05-13 09:38:21,2025-05-13 09:38:21,867488061407846.0,5577.0,GTERI,0x09fe3fbf,0x00028102,802003.0,0x0a04,0x0a14,100.0,13474.0,0.0,-,1.0,0.0,22.0,12.0,-,1.0,21.5,58.0,776.0,-12.088891,-45.774906,724.0,2.0,937b,077ab28d,1.4,1150.0,0:00:00,0:00:00,-,-,0.0,-,,,,,4.0,1.0,0.0,0.0,11,,T1,71,T
2025-05-13 09:39:09,2025-05-13 09:39:09,2025-05-13 09:39:09,867488061407846.0,5578.0,GTERI,0x09fe3fbf,0x00028102,802003.0,0x0a04,0x0a14,100.0,13988.0,0.0,-,1.0,0.0,22.0,12.0,-,1.0,50.8,88.0,776.0,-12.088002,-45.770431,724.0,2.0,937b,077ab215,1.9,1150.5,0:00:00,0:00:00,-,-,0.0,-,,,,,4.0,1.0,0.0,0.0,11,,T1,72,T
2025-05-13 09:39:21,2025-05-13 09:39:21,2025-05-13 09:39:21,867488061407846.0,5579.0,GTERI,0x09fe3fbf,0x00028102,802003.0,0x0a04,0x0a14,100.0,14022.0,0.0,-,1.0,0.0,22.0,12.0,-,1.0,22.8,53.0,776.0,-12.087833,-45.769121,724.0,2.0,937b,077ab215,2.0,1150.7,0:00:00,0:00:00,-,-,0.0,-,,,,,4.0,1.0,0.0,0.0,11,,T1,73,T
2025-05-13 09:39:23,2025-05-13 09:39:23,2025-05-13 09:39:23,867488061407846.0,5580.0,GTERI,0x09fe3fbf,0x00028102,802003.0,0x0a04,0x0a14,100.0,14022.0,0.0,-,1.0,0.0,22.0,12.0,-,1.0,17.4,355.0,775.0,-12.087751,-45.769089,724.0,2.0,937b,077ab215,2.0,1150.7,0:00:00,0:00:00,-,-,0.0,-,,,,,4.0,1.0,0.0,0.0,11,,T1,74,T
2025-05-13 09:39:24,2025-05-13 09:39:24,2025-05-13 09:39:24,867488061407846.0,5581.0,GTERI,0x09fe3fbf,0x00028102,802003.0,0x0a04,0x0a14,100.0,14022.0,0.0,-,1.0,0.0,22.0,12.0,-,1.0,18.9,322.0,776.0,-12.087712,-45.769113,724.0,2.0,937b,077ab215,2.0,1150.7,0:00:00,0:00:00,-,-,0.0,-,,,,,4.0,1.0,0.0,0.0,11,,T1,75,T
2025-05-13 09:39:26,2025-05-13 09:39:26,2025-05-13 09:39:26,867488061407846.0,5582.0,GTERI,0x09fe3fbf,0x00028102,802003.0,0x0a04,0x0a14,100.0,14035.0,0.0,-,1.0,0.0,22.0,12.0,-,1.0,25.2,279.0,775.0,-12.087673,-45.769219,724.0,2.0,937b,077ab215,2.1,1150.7,0:00:00,0:00:00,-,-,0.0,-,,,,,4.0,1.0,0.0,0.0,11,,T1,76,T
2025-05-13 09:40:23,2025-05-13 09:40:23,2025-05-13 09:40:23,867488061407846.0,5584.0,GTERI,0x09fe3fbf,0x00028102,802003.0,0x0a04,0x0a14,100.0,13985.0,0.0,-,1.0,0.0,22.0,12.0,-,1.0,24.9,329.0,774.0,-12.088302,-45.776074,724.0,2.0,937b,077ab215,2.8,1151.4,0:00:00,0:00:00,-,-,0.0,-,,,,,4.0,1.0,0.0,0.0,11,,T1,77,T
2025-05-13 09:40:25,2025-05-13 09:40:25,2025-05-13 09:40:25,867488061407846.0,5585.0,GTERI,0x09fe3fbf,0x00028102,802003.0,0x0a04,0x0a14,100.0,13985.0,0.0,-,1.0,0.0,22.0,12.0,-,1.0,24.3,10.0,773.0,-12.088181,-45.776085,724.0,2.0,937b,077ab215,2.8,1151.4,0:00:00,0:00:00,-,-,0.0,-,,,,,4.0,1.0,0.0,0.0,11,,T1,78,T
2025-05-13 09:40:27,2025-05-13 09:40:27,2025-05-13 09:40:27,867488061407846.0,5586.0,GTERI,0x09fe3fbf,0x00028102,802003.0,0x0a04,0x0a14,100.0,13985.0,0.0,-,1.0,0.0,22.0,12.0,-,1.0,24.7,56.0,773.0,-12.088084,-45.776013,724.0,2.0,937b,077ab215,2.8,1151.5,0:00:00,0:00:00,-,-,0.0,-,,,,,4.0,1.0,0.0,0.0,11,,T1,79,T
2025-05-13 09:41:03,2025-05-13 09:41:03,2025-05-13 09:41:01,867488061407846.0,5587.0,GTERI,0x09fe3fbf,0x00028102,802003.0,0x0a04,0x0a14,100.0,14019.0,0.0,-,1.0,0.0,22.0,12.0,-,1.0,17.1,82.0,773.0,-12.087694,-45.773299,724.0,2.0,937b,077ab28d,3.1,1151.8,0:00:00,0:00:00,-,-,0.0,-,,,,,4.0,1.0,0.0,0.0,10,,T1,80,T
2025-05-13 09:41:48,2025-05-13 09:41:48,2025-05-13 09:41:48,867488061407846.0,5589.0,GTERI,0x09fe3fbf,0x00028102,802003.0,0x0a04,0x0a14,100.0,14016.0,0.0,-,1.0,0.0,22.0,12.0,-,1.0,13.3,43.0,773.0,-12.087326,-45.770704,724.0,2.0,937b,077ad20f,3.4,1152.0,0:00:00,0:00:00,-,-,0.0,-,,,,,4.0,28.0,0.0,0.0,11,,T1,81,T
2025-05-13 09:41:50,2025-05-13 09:41:50,2025-05-13 09:41:50,867488061407846.0,5590.0,GTERI,0x09fe3fbf,0x00028102,802003.0,0x0a04,0x0a14,100.0,14016.0,0.0,-,1.0,0.0,22.0,12.0,-,1.0,8.3,5.0,773.0,-12.087279,-45.770691,724.0,2.0,937b,077ad20f,3.4,1152.1,0:00:00,0:00:00,-,-,0.0,-,,,,,4.0,28.0,0.0,0.0,11,,T1,82,T
2025-05-13 09:41:55,2025-05-13 09:41:55,2025-05-13 09:41:54,867488061407846.0,5591.0,GTIGF,0x09fe7fbf,,802003.0,0x0a04,0x0a14,100.0,13998.0,0.0,0,0.0,0.0,12.0,12.0,420,1.0,0.0,5.0,774.0,-12.087257,-45.770697,724.0,2.0,937b,077ad20f,3.4,1152.1,0:00:00,0:00:00,-,-,0.0,-,,,,,,,,,,,I1,5,I
2025-05-13 09:41:56,2025-05-13 09:41:56,2025-05-13 09:41:55,867488061407846.0,5593.0,GTERI,0x09fe3fbf,0x00028102,802003.0,0x0a04,0x0a14,100.0,13998.0,0.0,-,0.0,0.0,12.0,12.0,-,1.0,0.0,5.0,774.0,-12.087257,-45.770697,724.0,2.0,937b,077ad20f,3.4,1152.1,0:00:00,0:00:00,-,-,0.0,-,,,,,4.0,28.0,0.0,0.0,10,,T5,8,T
2025-05-13 10:41:51,2025-05-13 10:41:51,2025-05-13 10:39:24,867488061407846.0,5626.0,GTERI,0x09fe3fbf,0x00028102,802003.0,0x0a04,0x0a14,100.0,12772.0,0.0,-,0.0,0.0,11.0,12.0,-,1.0,0.0,5.0,774.0,-12.087257,-45.770697,724.0,2.0,937b,077ad20f,3.4,1152.1,0:00:00,0:00:00,-,-,0.0,-,,,,,4.0,28.0,0.0,0.0,10,,T1,83,T
2025-05-13 11:06:07,2025-05-13 11:06:07,2025-05-13 10:39:24,867488061407846.0,5639.0,GTIGN,0x09fe7fbf,,802003.0,0x0a04,0x0a14,100.0,12536.0,0.0,0,1.0,0.0,22.0,12.0,5052,0.0,0.0,5.0,774.0,-12.087257,-45.770697,724.0,2.0,937b,077ad20f,0.0,1152.1,0:00:00,0:00:00,-,-,0.0,-,,,,,,,,,,,I1,6,I
2025-05-13 11:06:14,2025-05-13 11:06:14,2025-05-13 11:06:14,867488061407846.0,5641.0,GTERI,0x09fe3fbf,0x00028102,802003.0,0x0a04,0x0a14,100.0,12089.0,0.0,-,1.0,0.0,22.0,12.0,-,1.0,0.0,5.0,709.0,-12.087586,-45.770748,724.0,2.0,937b,077ad20f,0.0,1152.1,0:00:00,0:00:00,-,-,0.0,-,,,,,4.0,28.0,0.0,0.0,10,,T1,84,T
2025-05-13 11:09:12,2025-05-13 11:09:12,2025-05-13 11:09:10,867488061407846.0,5646.0,GTERI,0x09fe3fbf,0x00028102,802003.0,0x0a04,0x0a14,100.0,13990.0,0.0,-,1.0,0.0,22.0,12.0,-,1.0,0.0,0.0,771.0,-12.087262,-45.770698,724.0,2.0,937b,077ad20f,0.0,1152.1,0:00:00,0:00:00,-,-,0.0,-,,,,,4.0,28.0,0.0,0.0,10,,T1,85,T
2025-05-13 11:09:15,2025-05-13 11:09:15,2025-05-13 11:09:15,867488061407846.0,5647.0,GTERI,0x09fe3fbf,0x00028102,802003.0,0x0a04,0x0a14,100.0,13990.0,0.0,-,1.0,0.0,22.0,12.0,-,1.0,6.8,261.0,771.0,-12.087277,-45.770707,724.0,2.0,937b,077ad20f,0.0,1152.1,0:00:00,0:00:00,-,-,0.0,-,,,,,4.0,28.0,0.0,0.0,11,,T1,86,T
2025-05-13 11:10:27,2025-05-13 11:10:27,2025-05-13 11:10:27,867488061407846.0,5649.0,GTERI,0x09fe3fbf,0x00028102,802003.0,0x0a04,0x0a14,100.0,13214.0,0.0,-,1.0,0.0,22.0,12.0,-,1.0,20.3,229.0,774.0,-12.088098,-45.776137,724.0,2.0,937b,077ab28d,0.6,1152.7,0:00:00,0:00:00,-,-,0.0,-,,,,,4.0,1.0,0.0,0.0,11,,T1,87,T
2025-05-13 11:10:29,2025-05-13 11:10:29,2025-05-13 11:10:29,867488061407846.0,5650.0,GTERI,0x09fe3fbf,0x00028102,802003.0,0x0a04,0x0a14,100.0,13214.0,0.0,-,1.0,0.0,22.0,12.0,-,1.0,22.0,188.0,774.0,-12.088194,-45.77618,724.0,2.0,937b,077ab28d,0.6,1152.7,0:00:00,0:00:00,-,-,0.0,-,,,,,4.0,1.0,0.0,0.0,11,,T1,88,T
2025-05-13 11:10:33,2025-05-13 11:10:33,2025-05-13 11:10:33,867488061407846.0,5651.0,GTERI,0x09fe3fbf,0x00028102,802003.0,0x0a04,0x0a14,100.0,12707.0,0.0,-,1.0,0.0,22.0,12.0,-,1.0,22.6,225.0,776.0,-12.088403,-45.776231,724.0,2.0,937b,077ab28d,0.6,1152.7,0:00:00,0:00:00,-,-,0.0,-,,,,,4.0,1.0,0.0,0.0,11,,T1,89,T
2025-05-13 11:10:35,2025-05-13 11:10:35,2025-05-13 11:10:35,867488061407846.0,5652.0,GTERI,0x09fe3fbf,0x00028102,802003.0,0x0a04,0x0a14,100.0,12707.0,0.0,-,1.0,0.0,22.0,12.0,-,1.0,28.6,262.0,776.0,-12.088446,-45.776352,724.0,2.0,937b,077ab28d,0.6,1152.7,0:00:00,0:00:00,-,-,0.0,-,,,,,4.0,1.0,0.0,0.0,11,,T1,90,T
2025-05-13 11:11:44,2025-05-13 11:11:44,2025-05-13 11:11:44,867488061407846.0,5654.0,GTERI,0x09fe3fbf,0x00028102,802003.0,0x0a04,0x0a14,100.0,14496.0,0.0,-,1.0,0.0,22.0,12.0,-,1.0,21.4,220.0,771.0,-12.089701,-45.783906,724.0,2.0,937b,077ab215,1.5,1153.6,0:00:00,0:00:00,-,-,0.0,-,,,,,4.0,1.0,0.0,0.0,11,,T1,91,T
2025-05-13 11:11:46,2025-05-13 11:11:46,2025-05-13 11:11:46,867488061407846.0,5655.0,GTERI,0x09fe3fbf,0x00028102,802003.0,0x0a04,0x0a14,100.0,14496.0,0.0,-,1.0,0.0,22.0,12.0,-,1.0,19.0,164.0,771.0,-12.089793,-45.783917,724.0,2.0,937b,077ab215,1.5,1153.6,0:00:00,0:00:00,-,-,0.0,-,,,,,4.0,1.0,0.0,0.0,11,,T1,92,T
2025-05-13 11:11:47,2025-05-13 11:11:47,2025-05-13 11:11:47,867488061407846.0,5656.0,GTERI,0x09fe3fbf,0x00028102,802003.0,0x0a04,0x0a14,100.0,14496.0,0.0,-,1.0,0.0,22.0,12.0,-,1.0,20.7,131.0,771.0,-12.089829,-45.783883,724.0,2.0,937b,077ab215,1.5,1153.6,0:00:00,0:00:00,-,-,0.0,-,,,,,4.0,1.0,0.0,0.0,11,,T1,93,T
2025-05-13 11:11:49,2025-05-13 11:11:49,2025-05-13 11:11:49,867488061407846.0,5657.0,GTERI,0x09fe3fbf,0x00028102,802003.0,0x0a04,0x0a14,100.0,13849.0,0.0,-,1.0,0.0,22.0,12.0,-,1.0,27.0,91.0,771.0,-12.089855,-45.783764,724.0,2.0,937b,077ab215,1.5,1153.6,0:00:00,0:00:00,-,-,0.0,-,,,,,4.0,1.0,0.0,0.0,11,,T1,94,T
2025-05-13 11:12:12,2025-05-13 11:12:12,2025-05-13 11:12:11,867488061407846.0,5658.0,GTERI,0x09fe3fbf,0x00028102,802003.0,0x0a04,0x0a14,100.0,12740.0,0.0,-,1.0,0.0,22.0,12.0,-,1.0,49.7,85.0,773.0,-12.089486,-45.781251,724.0,2.0,937b,077ab215,1.8,1153.9,0:00:00,0:00:00,-,-,0.0,-,,,,,4.0,1.0,0.0,0.0,10,,T1,95,T
2025-05-13 11:13:14,2025-05-13 11:13:14,2025-05-13 11:13:14,867488061407846.0,5659.0,GTERI,0x09fe3fbf,0x00028102,802003.0,0x0a04,0x0a14,100.0,14022.0,0.0,-,1.0,0.0,22.0,12.0,-,1.0,22.7,140.0,772.0,-12.08878,-45.773136,724.0,2.0,937b,077ab215,2.7,1154.7,0:00:00,0:00:00,-,-,0.0,-,,,,,4.0,1.0,0.0,0.0,11,,T1,96,T
2025-05-13 11:13:17,2025-05-13 11:13:17,2025-05-13 11:13:17,867488061407846.0,5660.0,GTERI,0x09fe3fbf,0x00028102,802003.0,0x0a04,0x0a14,100.0,14022.0,0.0,-,1.0,0.0,22.0,12.0,-,1.0,29.0,172.0,772.0,-12.088966,-45.773087,724.0,2.0,937b,077ab215,2.7,1154.8,0:00:00,0:00:00,-,-,0.0,-,,,,,4.0,1.0,0.0,0.0,11,,T1,97,T
2025-05-13 11:14:16,2025-05-13 11:14:16,2025-05-13 11:14:16,867488061407846.0,5662.0,GTERI,0x09fe3fbf,0x00028102,802003.0,0x0a04,0x0a14,100.0,14035.0,0.0,-,1.0,0.0,22.0,12.0,-,1.0,6.7,207.0,773.0,-12.094073,-45.772445,724.0,2.0,937b,077ab28d,3.3,1155.3,0:00:00,0:00:00,-,-,0.0,-,,,,,4.0,1.0,0.0,0.0,11,,T1,98,T
2025-05-13 11:14:19,2025-05-13 11:14:19,2025-05-13 11:14:19,867488061407846.0,5663.0,GTERI,0x09fe3fbf,0x00028102,802003.0,0x0a04,0x0a14,100.0,13550.0,0.0,-,1.0,0.0,22.0,12.0,-,1.0,20.1,246.0,773.0,-12.094137,-45.772539,724.0,2.0,937b,077ab28d,3.3,1155.3,0:00:00,0:00:00,-,-,0.0,-,,,,,4.0,1.0,0.0,0.0,11,,T1,99,T
2025-05-13 11:14:27,2025-05-13 11:14:27,2025-05-13 11:14:27,867488061407846.0,5664.0,GTERI,0x09fe3fbf,0x00028102,802003.0,0x0a04,0x0a14,100.0,14477.0,0.0,-,1.0,0.0,22.0,12.0,-,1.0,24.8,209.0,773.0,-12.094336,-45.773142,724.0,2.0,937b,077ad311,3.4,1155.4,0:00:00,0:00:00,-,-,0.0,-,,,,,4.0,5.0,0.0,0.0,11,,T1,100,T
2025-05-13 11:14:28,2025-05-13 11:14:28,2025-05-13 11:14:28,867488061407846.0,5665.0,GTERI,0x09fe3fbf,0x00028102,802003.0,0x0a04,0x0a14,100.0,14477.0,0.0,-,1.0,0.0,22.0,12.0,-,1.0,23.4,179.0,773.0,-12.094394,-45.77315,724.0,2.0,937b,077ad311,3.4,1155.4,0:00:00,0:00:00,-,-,0.0,-,,,,,4.0,5.0,0.0,0.0,11,,T1,101,T
2025-05-13 11:14:30,2025-05-13 11:14:30,2025-05-13 11:14:29,867488061407846.0,5666.0,GTERI,0x09fe3fbf,0x00028102,802003.0,0x0a04,0x0a14,100.0,14477.0,0.0,-,1.0,0.0,22.0,12.0,-,1.0,22.7,148.0,773.0,-12.094445,-45.773128,724.0,2.0,937b,077ad311,3.4,1155.4,0:00:00,0:00:00,-,-,0.0,-,,,,,4.0,5.0,0.0,0.0,11,,T5,9,T
2025-05-13 11:14:31,2025-05-13 11:14:31,2025-05-13 11:14:31,867488061407846.0,5667.0,GTERI,0x09fe3fbf,0x00028102,802003.0,0x0a04,0x0a14,100.0,14011.0,0.0,-,1.0,0.0,22.0,12.0,-,1.0,30.6,104.0,772.0,-12.094505,-45.773009,724.0,2.0,937b,077ad311,3.4,1155.4,0:00:00,0:00:00,-,-,0.0,-,,,,,4.0,5.0,0.0,0.0,11,,T1,102,T
2025-05-13 11:14:39,2025-05-13 11:14:39,2025-05-13 11:14:39,867488061407846.0,5668.0,GTERI,0x09fe3fbf,0x00028102,802003.0,0x0a04,0x0a14,100.0,13298.0,0.0,-,1.0,0.0,22.0,12.0,-,1.0,28.0,150.0,771.0,-12.094585,-45.772356,724.0,2.0,937b,077ad212,3.4,1155.5,0:00:00,0:00:00,-,-,0.0,-,,,,,4.0,5.0,0.0,0.0,11,,T1,103,T
2025-05-13 11:14:39,2025-05-13 11:14:39,2025-05-13 11:14:39,867488061407846.0,5668.0,GTERI,0x09fe3fbf,0x00028102,802003.0,0x0a04,0x0a14,100.0,13298.0,0.0,-,1.0,0.0,22.0,12.0,-,1.0,28.0,150.0,771.0,-12.094585,-45.772356,724.0,2.0,937b,077ad212,3.4,1155.5,0:00:00,0:00:00,-,-,0.0,-,,,,,4.0,5.0,0.0,0.0,11,,T1,104,T
2025-05-13 11:15:13,2025-05-13 11:15:13,2025-05-13 11:15:09,867488061407846.0,5669.0,GTIGF,0x09fe7fbf,,802003.0,0x0a04,0x0a14,100.0,14053.0,0.0,0,0.0,0.0,12.0,12.0,543,1.0,2.8,98.0,768.0,-12.097413,-45.771884,724.0,2.0,937b,077ad30d,3.8,1155.8,0:00:00,0:00:00,-,-,0.0,-,,,,,,,,,,,I5,1,I
2025-05-13 11:15:13,2025-05-13 11:15:13,2025-05-13 11:15:10,867488061407846.0,5671.0,GTERI,0x09fe3fbf,0x00028102,802003.0,0x0a04,0x0a14,100.0,14053.0,0.0,-,0.0,0.0,12.0,12.0,-,1.0,1.9,92.0,768.0,-12.097412,-45.771878,724.0,2.0,937b,077ad30d,3.8,1155.8,0:00:00,0:00:00,-,-,0.0,-,,,,,4.0,28.0,0.0,0.0,10,,T5,10,T
2025-05-13 12:15:05,2025-05-13 12:15:05,2025-05-13 12:12:37,867488061407846.0,5706.0,GTERI,0x09fe3fbf,0x00028102,802003.0,0x0a04,0x0a14,100.0,12775.0,0.0,-,0.0,0.0,11.0,12.0,-,1.0,0.0,92.0,768.0,-12.097412,-45.771878,724.0,2.0,937b,077ad20e,3.8,1155.8,0:00:00,0:00:00,-,-,0.0,-,,,,,4.0,28.0,0.0,0.0,10,,T1,105,T
2025-05-13 13:15:05,2025-05-13 13:15:05,2025-05-13 13:12:37,867488061407846.0,5740.0,GTERI,0x09fe3fbf,0x00028102,802003.0,0x0a04,0x0a14,100.0,12748.0,0.0,-,0.0,0.0,11.0,12.0,-,1.0,0.0,92.0,768.0,-12.097412,-45.771878,724.0,2.0,937b,077ad20e,3.8,1155.8,0:00:00,0:00:00,-,-,0.0,-,,,,,4.0,28.0,0.0,0.0,10,,T1,106,T
2025-05-13 13:49:59,2025-05-13 13:49:59,2025-05-13 13:12:37,867488061407846.0,5760.0,GTIGN,0x09fe7fbf,,802003.0,0x0a04,0x0a14,100.0,12526.0,0.0,0,1.0,0.0,22.0,12.0,9289,0.0,0.0,92.0,768.0,-12.097412,-45.771878,724.0,2.0,937b,077ad20e,0.0,1155.8,0:00:00,0:00:00,-,-,0.0,-,,,,,,,,,,,I1,7,I
2025-05-13 13:50:07,2025-05-13 13:50:07,2025-05-13 13:50:07,867488061407846.0,5762.0,GTERI,0x09fe3fbf,0x00028102,802003.0,0x0a04,0x0a14,100.0,13062.0,0.0,-,1.0,0.0,22.0,12.0,-,1.0,0.0,0.0,784.0,-12.097441,-45.771771,724.0,2.0,937b,077ad20e,0.0,1155.8,0:00:00,0:00:00,-,-,0.0,-,,,,,4.0,28.0,0.0,0.0,10,,T1,107,T
2025-05-13 13:51:05,2025-05-13 13:51:05,2025-05-13 13:51:05,867488061407846.0,5765.0,GTERI,0x09fe3fbf,0x00028102,802003.0,0x0a04,0x0a14,100.0,13827.0,0.0,-,1.0,0.0,22.0,12.0,-,1.0,9.7,34.0,775.0,-12.094481,-45.772308,724.0,2.0,937b,077ad20e,0.3,1156.2,0:00:00,0:00:00,-,-,0.0,-,,,,,4.0,28.0,0.0,0.0,11,,T1,108,T
2025-05-13 13:51:07,2025-05-13 13:51:07,2025-05-13 13:51:07,867488061407846.0,5766.0,GTERI,0x09fe3fbf,0x00028102,802003.0,0x0a04,0x0a14,100.0,13882.0,0.0,-,1.0,0.0,22.0,12.0,-,1.0,18.9,68.0,774.0,-12.094444,-45.77224,724.0,2.0,937b,077ad20e,0.3,1156.2,0:00:00,0:00:00,-,-,0.0,-,,,,,4.0,28.0,0.0,0.0,11,,T1,109,T
2025-05-13 13:51:32,2025-05-13 13:51:32,2025-05-13 13:51:32,867488061407846.0,5767.0,GTERI,0x09fe3fbf,0x00028102,802003.0,0x0a04,0x0a14,100.0,14022.0,0.0,-,1.0,0.0,22.0,12.0,-,1.0,17.4,31.0,769.0,-12.094145,-45.77051,724.0,2.0,937b,077ad20e,0.5,1156.3,0:00:00,0:00:00,-,-,0.0,-,,,,,4.0,28.0,0.0,0.0,11,,T1,110,T
2025-05-13 13:51:34,2025-05-13 13:51:34,2025-05-13 13:51:34,867488061407846.0,5768.0,GTERI,0x09fe3fbf,0x00028102,802003.0,0x0a04,0x0a14,100.0,14022.0,0.0,-,1.0,0.0,22.0,12.0,-,1.0,23.9,358.0,769.0,-12.09404,-45.770496,724.0,2.0,937b,077ad20e,0.6,1156.4,0:00:00,0:00:00,-,-,0.0,-,,,,,4.0,28.0,0.0,0.0,11,,T1,111,T
2025-05-13 13:52:37,2025-05-13 13:52:37,2025-05-13 13:52:37,867488061407846.0,5769.0,GTERI,0x09fe3fbf,0x00028102,802003.0,0x0a04,0x0a14,100.0,14014.0,0.0,-,1.0,0.0,22.0,12.0,-,1.0,8.9,41.0,774.0,-12.088474,-45.771228,724.0,2.0,937b,077ad20f,1.2,1157.0,0:00:00,0:00:00,-,-,0.0,-,,,,,4.0,28.0,0.0,0.0,11,,T1,112,T
2025-05-13 13:52:40,2025-05-13 13:52:40,2025-05-13 13:52:40,867488061407846.0,5770.0,GTERI,0x09fe3fbf,0x00028102,802003.0,0x0a04,0x0a14,100.0,13387.0,0.0,-,1.0,0.0,22.0,12.0,-,1.0,21.6,78.0,774.0,-12.088432,-45.771119,724.0,2.0,937b,077ad20f,1.2,1157.0,0:00:00,0:00:00,-,-,0.0,-,,,,,4.0,28.0,0.0,0.0,11,,T1,113,T
2025-05-13 13:53:06,2025-05-13 13:53:06,2025-05-13 13:53:04,867488061407846.0,5772.0,GTERI,0x09fe3fbf,0x00028102,802003.0,0x0a04,0x0a14,100.0,14031.0,0.0,-,1.0,0.0,22.0,12.0,-,1.0,36.0,83.0,773.0,-12.088121,-45.768817,724.0,2.0,937b,077ad20f,1.4,1157.3,0:00:00,0:00:00,-,-,0.0,-,,,,,4.0,28.0,0.0,0.0,10,,T1,114,T
2025-05-13 13:53:09,2025-05-13 13:53:09,2025-05-13 13:53:09,867488061407846.0,5773.0,GTERI,0x09fe3fbf,0x00028102,802003.0,0x0a04,0x0a14,100.0,13974.0,0.0,-,1.0,0.0,22.0,12.0,-,1.0,11.1,116.0,773.0,-12.088121,-45.768501,724.0,2.0,937b,077ad20f,1.5,1157.3,0:00:00,0:00:00,-,-,0.0,-,,,,,4.0,28.0,0.0,0.0,11,,T1,115,T
2025-05-13 13:53:11,2025-05-13 13:53:11,2025-05-13 13:53:11,867488061407846.0,5774.0,GTERI,0x09fe3fbf,0x00028102,802003.0,0x0a04,0x0a14,100.0,13974.0,0.0,-,1.0,0.0,22.0,12.0,-,1.0,8.4,153.0,773.0,-12.088158,-45.768472,724.0,2.0,937b,077ad20f,1.5,1157.3,0:00:00,0:00:00,-,-,0.0,-,,,,,4.0,28.0,0.0,0.0,11,,T1,116,T
2025-05-13 13:53:17,2025-05-13 13:53:17,2025-05-13 13:53:16,867488061407846.0,5775.0,GTIGF,0x09fe7fbf,,802003.0,0x0a04,0x0a14,100.0,13974.0,0.0,0,0.0,0.0,12.0,12.0,198,1.0,0.1,153.0,773.0,-12.088189,-45.768468,724.0,2.0,937b,077ad20f,1.5,1157.3,0:00:00,0:00:00,-,-,0.0,-,,,,,,,,,,,I1,8,I
2025-05-13 13:53:17,2025-05-13 13:53:17,2025-05-13 13:53:17,867488061407846.0,5777.0,GTERI,0x09fe3fbf,0x00028102,802003.0,0x0a04,0x0a14,100.0,13974.0,0.0,-,0.0,0.0,12.0,12.0,-,1.0,0.0,153.0,773.0,-12.088189,-45.768468,724.0,2.0,937b,077ad20f,1.5,1157.3,0:00:00,0:00:00,-,-,0.0,-,,,,,4.0,28.0,0.0,0.0,10,,T1,117,T
2025-05-13 14:01:07,2025-05-13 14:01:07,2025-05-13 13:58:16,867488061407846.0,5784.0,GTIGN,0x09fe7fbf,,802003.0,0x0a04,0x0a14,100.0,12575.0,0.0,0,1.0,0.0,22.0,12.0,470,0.0,0.0,153.0,773.0,-12.088189,-45.768468,724.0,2.0,937b,077ad20f,0.0,1157.3,0:00:00,0:00:00,-,-,0.0,-,,,,,,,,,,,I1,9,I
2025-05-13 14:01:14,2025-05-13 14:01:14,2025-05-13 14:01:14,867488061407846.0,5786.0,GTERI,0x09fe3fbf,0x00028102,802003.0,0x0a04,0x0a14,100.0,12645.0,0.0,-,1.0,0.0,22.0,12.0,-,1.0,0.0,0.0,811.0,-12.088236,-45.768352,724.0,2.0,937b,077ad20f,0.0,1157.3,0:00:00,0:00:00,-,-,0.0,-,,,,,4.0,28.0,0.0,0.0,10,,T1,118,T
2025-05-13 14:01:33,2025-05-13 14:01:33,2025-05-13 14:01:33,867488061407846.0,5788.0,GTERI,0x09fe3fbf,0x00028102,802003.0,0x0a04,0x0a14,100.0,12851.0,0.0,-,1.0,0.0,22.0,12.0,-,1.0,9.1,62.0,793.0,-12.08814,-45.768386,724.0,2.0,937b,077ad20f,0.0,1157.3,0:00:00,0:00:00,-,-,0.0,-,,,,,4.0,28.0,0.0,0.0,11,,T1,119,T
2025-05-13 14:04:55,2025-05-13 14:04:55,2025-05-13 14:03:54,867488061407846.0,5790.0,GTERI,0x09fe3fbf,0x00028102,802003.0,0x0a04,0x0a14,100.0,14486.0,0.0,-,1.0,0.0,22.0,12.0,-,1.0,21.0,17.0,776.0,-12.085859,-45.754524,724.0,2.0,937b,077ad212,1.5,1158.8,0:00:00,0:00:00,-,-,0.0,-,,,,,4.0,5.0,0.0,0.0,11,,NA,0,T
2025-05-13 14:04:55,2025-05-13 14:04:55,2025-05-13 14:03:54,867488061407846.0,5790.0,GTERI,0x09fe3fbf,0x00028102,802003.0,0x0a04,0x0a14,100.0,14486.0,0.0,-,1.0,0.0,22.0,12.0,-,1.0,21.0,17.0,776.0,-12.085859,-45.754524,724.0,2.0,937b,077ad212,1.5,1158.8,0:00:00,0:00:00,-,-,0.0,-,,,,,4.0,5.0,0.0,0.0,11,,NA,0,T
2025-05-13 14:04:55,2025-05-13 14:04:55,2025-05-13 14:03:54,867488061407846.0,5790.0,GTERI,0x09fe3fbf,0x00028102,802003.0,0x0a04,0x0a14,100.0,14486.0,0.0,-,1.0,0.0,22.0,12.0,-,1.0,21.0,17.0,776.0,-12.085859,-45.754524,724.0,2.0,937b,077ad212,1.5,1158.8,0:00:00,0:00:00,-,-,0.0,-,,,,,4.0,5.0,0.0,0.0,11,,NA,0,T
2025-05-13 14:04:55,2025-05-13 14:04:55,2025-05-13 14:03:54,867488061407846.0,5790.0,GTERI,0x09fe3fbf,0x00028102,802003.0,0x0a04,0x0a14,100.0,14486.0,0.0,-,1.0,0.0,22.0,12.0,-,1.0,21.0,17.0,776.0,-12.085859,-45.754524,724.0,2.0,937b,077ad212,1.5,1158.8,0:00:00,0:00:00,-,-,0.0,-,,,,,4.0,5.0,0.0,0.0,11,,NA,0,T
2025-05-13 14:04:57,2025-05-13 14:04:57,2025-05-13 14:03:55,867488061407846.0,5791.0,GTERI,0x09fe3fbf,0x00028102,802003.0,0x0a04,0x0a14,100.0,14486.0,0.0,-,1.0,0.0,22.0,12.0,-,1.0,20.6,346.0,776.0,-12.085809,-45.754529,724.0,2.0,937b,077ad212,1.5,1158.8,0:00:00,0:00:00,-,-,0.0,-,,,,,4.0,5.0,0.0,0.0,11,,NA,0,T
2025-05-13 14:04:57,2025-05-13 14:04:57,2025-05-13 14:03:57,867488061407846.0,5792.0,GTERI,0x09fe3fbf,0x00028102,802003.0,0x0a04,0x0a14,100.0,13919.0,0.0,-,1.0,0.0,22.0,12.0,-,1.0,25.9,297.0,776.0,-12.085733,-45.754617,724.0,2.0,937b,077ad212,1.5,1158.8,0:00:00,0:00:00,-,-,0.0,-,,,,,4.0,5.0,0.0,0.0,11,,NA,0,T
2025-05-13 14:04:58,2025-05-13 14:04:58,2025-05-13 14:04:00,867488061407846.0,5793.0,GTERI,0x09fe3fbf,0x00028102,802003.0,0x0a04,0x0a14,100.0,12707.0,0.0,-,1.0,0.0,22.0,12.0,-,1.0,35.4,265.0,775.0,-12.085716,-45.754856,724.0,2.0,937b,077ad212,1.6,1158.9,0:00:00,0:00:00,-,-,0.0,-,,,,,4.0,5.0,0.0,0.0,11,,NA,0,T
2025-05-13 14:04:58,2025-05-13 14:04:58,2025-05-13 14:04:12,867488061407846.0,5794.0,GTERI,0x09fe3fbf,0x00028102,802003.0,0x0a04,0x0a14,100.0,13965.0,0.0,-,1.0,0.0,22.0,12.0,-,1.0,49.6,257.0,774.0,-12.085993,-45.756229,724.0,2.0,937b,077ad212,1.7,1159.0,0:00:00,0:00:00,-,-,0.0,-,,,,,4.0,5.0,0.0,0.0,10,,NA,0,T
2025-05-13 14:05:38,2025-05-13 14:05:30,2025-05-13 14:05:28,867488061407846.0,5796.0,GTERI,0x09fe3fbf,0x00028102,802003.0,0x0a04,0x0a14,100.0,14035.0,0.0,-,1.0,0.0,22.0,12.0,-,1.0,28.5,290.0,773.0,-12.086997,-45.766016,724.0,2.0,937b,077ad309,2.8,1160.1,0:00:00,0:00:00,-,-,0.0,-,,,,,4.0,3.0,0.0,0.0,11,,T5,11,T
2025-05-13 14:05:39,2025-05-13 14:05:32,2025-05-13 14:05:30,867488061407846.0,5797.0,GTERI,0x09fe3fbf,0x00028102,802003.0,0x0a04,0x0a14,100.0,14531.0,0.0,-,1.0,0.0,22.0,12.0,-,1.0,23.8,333.0,773.0,-12.086903,-45.766097,724.0,2.0,937b,077ad309,2.8,1160.1,0:00:00,0:00:00,-,-,0.0,-,,,,,4.0,3.0,0.0,0.0,11,,T5,12,T
2025-05-13 14:05:40,2025-05-13 14:05:38,2025-05-13 14:05:33,867488061407846.0,5798.0,GTERI,0x09fe3fbf,0x00028102,802003.0,0x0a04,0x0a14,100.0,13996.0,0.0,-,1.0,0.0,22.0,12.0,-,1.0,19.1,288.0,772.0,-12.086798,-45.766204,724.0,2.0,937b,077ad309,2.8,1160.1,0:00:00,0:00:00,-,-,0.0,-,,,,,4.0,3.0,0.0,0.0,11,,T10,4,T
2025-05-13 14:06:29,2025-05-13 14:05:39,2025-05-13 14:06:29,867488061407846.0,5799.0,GTERI,0x09fe3fbf,0x00028102,802003.0,0x0a04,0x0a14,100.0,13974.0,0.0,-,1.0,0.0,22.0,12.0,-,1.0,10.4,323.0,773.0,-12.087308,-45.770647,724.0,2.0,937b,077ab28d,3.3,1160.6,0:00:00,0:00:00,-,-,0.0,-,,,,,4.0,1.0,0.0,0.0,11,,NA,0,T
2025-05-13 14:06:33,2025-05-13 14:05:40,2025-05-13 14:06:33,867488061407846.0,5800.0,GTIGF,0x09fe7fbf,,802003.0,0x0a04,0x0a14,100.0,13974.0,0.0,0,0.0,0.0,12.0,12.0,326,1.0,0.0,323.0,772.0,-12.087274,-45.770653,724.0,2.0,937b,077ab28d,3.3,1160.6,0:00:00,0:00:00,-,-,0.0,-,,,,,,,,,,,NA,0,I
2025-05-13 14:06:34,2025-05-13 14:05:41,2025-05-13 14:06:34,867488061407846.0,5802.0,GTERI,0x09fe3fbf,0x00028102,802003.0,0x0a04,0x0a14,100.0,13974.0,0.0,-,0.0,0.0,12.0,12.0,-,1.0,0.0,323.0,772.0,-12.087274,-45.770654,724.0,2.0,937b,077ad212,3.3,1160.6,0:00:00,0:00:00,-,-,0.0,-,,,,,4.0,5.0,0.0,0.0,10,,NA,0,T
2025-05-13 14:35:44,2025-05-13 14:05:42,2025-05-13 14:11:33,867488061407846.0,5820.0,GTIGN,0x09fe7fbf,,802003.0,0x0a04,0x0a14,100.0,12470.0,0.0,0,1.0,0.0,22.0,12.0,1751,0.0,0.0,323.0,772.0,-12.087274,-45.770654,724.0,2.0,937b,077ad20f,0.0,1160.6,0:00:00,0:00:00,-,-,0.0,-,,,,,,,,,,,NA,0,I
2025-05-13 14:35:54,2025-05-13 14:05:43,2025-05-13 14:35:52,867488061407846.0,5822.0,GTERI,0x09fe3fbf,0x00028102,802003.0,0x0a04,0x0a14,100.0,13733.0,0.0,-,1.0,0.0,22.0,12.0,-,1.0,0.0,323.0,783.0,-12.087241,-45.770639,724.0,2.0,937b,077ad212,0.0,1160.6,0:00:00,0:00:00,-,-,0.0,-,,,,,4.0,5.0,0.0,0.0,10,,NA,0,T
2025-05-13 14:38:50,2025-05-13 14:05:44,2025-05-13 14:38:49,867488061407846.0,5826.0,GTERI,0x09fe3fbf,0x00028102,802003.0,0x0a04,0x0a14,100.0,13972.0,0.0,-,1.0,0.0,21.0,12.0,-,1.0,0.0,323.0,783.0,-12.087241,-45.770639,724.0,2.0,937b,077ad20f,0.0,1160.6,0:00:00,0:00:00,-,-,0.0,-,,,,,4.0,28.0,0.0,0.0,10,,NA,0,T
2025-05-13 14:41:50,2025-05-13 14:05:45,2025-05-13 14:41:49,867488061407846.0,5829.0,GTERI,0x09fe3fbf,0x00028102,802003.0,0x0a04,0x0a14,100.0,13948.0,0.0,-,1.0,0.0,21.0,12.0,-,1.0,0.0,323.0,783.0,-12.087241,-45.770639,724.0,2.0,937b,077ad20f,0.0,1160.6,0:00:00,0:00:00,-,-,0.0,-,,,,,4.0,28.0,0.0,0.0,10,,NA,0,T
2025-05-13 14:44:13,2025-05-13 14:05:46,2025-05-13 14:44:13,867488061407846.0,5832.0,GTIGF,0x09fe7fbf,,802003.0,0x0a04,0x0a14,100.0,13988.0,0.0,0,0.0,0.0,12.0,12.0,509,1.0,0.0,323.0,783.0,-12.087241,-45.770639,724.0,2.0,937b,077ad20f,0.0,1160.6,0:00:00,0:00:00,-,-,0.0,-,,,,,,,,,,,NA,0,I
2025-05-13 14:44:14,2025-05-13 14:05:47,2025-05-13 14:44:14,867488061407846.0,5834.0,GTERI,0x09fe3fbf,0x00028102,802003.0,0x0a04,0x0a14,100.0,13988.0,0.0,-,0.0,0.0,12.0,12.0,-,1.0,0.0,323.0,783.0,-12.087241,-45.770639,724.0,2.0,937b,077ad20f,0.0,1160.6,0:00:00,0:00:00,-,-,0.0,-,,,,,4.0,28.0,0.0,0.0,10,,NA,0,T
2025-05-13 15:26:35,2025-05-13 14:05:48,2025-05-13 14:49:12,867488061407846.0,5858.0,GTIGN,0x09fe7fbf,,802003.0,0x0a04,0x0a14,100.0,12657.0,0.0,0,1.0,0.0,22.0,12.0,2542,0.0,0.0,323.0,783.0,-12.087241,-45.770639,724.0,2.0,937b,077ad213,0.0,1160.6,0:00:00,0:00:00,-,-,0.0,-,,,,,,,,,,,NA,0,I
2025-05-13 15:26:42,2025-05-13 14:05:49,2025-05-13 15:26:42,867488061407846.0,5860.0,GTERI,0x09fe3fbf,0x00028102,802003.0,0x0a04,0x0a14,100.0,12735.0,0.0,-,1.0,0.0,22.0,12.0,-,1.0,2.5,174.0,774.0,-12.087253,-45.770659,724.0,2.0,937b,077ad213,0.0,1160.6,0:00:00,0:00:00,-,-,0.0,-,,,,,4.0,5.0,0.0,0.0,10,,NA,0,T
2025-05-13 15:26:48,2025-05-13 14:05:50,2025-05-13 15:26:48,867488061407846.0,5862.0,GTERI,0x09fe3fbf,0x00028102,802003.0,0x0a04,0x0a14,100.0,13813.0,0.0,-,1.0,0.0,22.0,12.0,-,1.0,3.9,132.0,774.0,-12.087296,-45.770645,724.0,2.0,937b,077ad213,0.0,1160.6,0:00:00,0:00:00,-,-,0.0,-,,,,,4.0,5.0,0.0,0.0,11,,NA,0,T
2025-05-13 15:26:50,2025-05-13 14:05:51,2025-05-13 15:26:50,867488061407846.0,5863.0,GTERI,0x09fe3fbf,0x00028102,802003.0,0x0a04,0x0a14,100.0,13813.0,0.0,-,1.0,0.0,22.0,12.0,-,1.0,6.3,221.0,774.0,-12.087313,-45.770649,724.0,2.0,937b,077ad20e,0.0,1160.6,0:00:00,0:00:00,-,-,0.0,-,,,,,4.0,28.0,0.0,0.0,11,,NA,0,T
2025-05-13 15:26:51,2025-05-13 14:05:52,2025-05-13 15:26:51,867488061407846.0,5864.0,GTERI,0x09fe3fbf,0x00028102,802003.0,0x0a04,0x0a14,100.0,13813.0,0.0,-,1.0,0.0,22.0,12.0,-,1.0,11.4,254.0,773.0,-12.087321,-45.770673,724.0,2.0,937b,077ad20e,0.0,1160.6,0:00:00,0:00:00,-,-,0.0,-,,,,,4.0,28.0,0.0,0.0,11,,NA,0,T
2025-05-13 15:28:05,2025-05-13 14:05:53,2025-05-13 15:28:05,867488061407846.0,5866.0,GTERI,0x09fe3fbf,0x00028102,802003.0,0x0a04,0x0a14,100.0,13277.0,0.0,-,1.0,0.0,22.0,12.0,-,1.0,18.1,220.0,772.0,-12.088125,-45.776139,724.0,2.0,937b,077ab28d,0.6,1161.2,0:00:00,0:00:00,-,-,0.0,-,,,,,4.0,1.0,0.0,0.0,11,,NA,0,T
2025-05-13 15:28:07,2025-05-13 14:05:54,2025-05-13 15:28:07,867488061407846.0,5867.0,GTERI,0x09fe3fbf,0x00028102,802003.0,0x0a04,0x0a14,100.0,13566.0,0.0,-,1.0,0.0,22.0,12.0,-,1.0,17.7,179.0,772.0,-12.08821,-45.776161,724.0,2.0,937b,077ab28d,0.6,1161.2,0:00:00,0:00:00,-,-,0.0,-,,,,,4.0,1.0,0.0,0.0,11,,NA,0,T
2025-05-13 15:28:15,2025-05-13 14:05:55,2025-05-13 15:28:15,867488061407846.0,5868.0,GTERI,0x09fe3fbf,0x00028102,802003.0,0x0a04,0x0a14,100.0,12867.0,0.0,-,1.0,0.0,22.0,12.0,-,1.0,6.0,209.0,773.0,-12.088389,-45.776176,724.0,2.0,937b,077ab28d,0.6,1161.2,0:00:00,0:00:00,-,-,0.0,-,,,,,4.0,1.0,0.0,0.0,11,,NA,0,T
2025-05-13 15:28:18,2025-05-13 14:05:56,2025-05-13 15:28:18,867488061407846.0,5869.0,GTERI,0x09fe3fbf,0x00028102,802003.0,0x0a04,0x0a14,100.0,12712.0,0.0,-,1.0,0.0,22.0,12.0,-,1.0,17.6,248.0,774.0,-12.08844,-45.776257,724.0,2.0,937b,077ab28d,0.6,1161.3,0:00:00,0:00:00,-,-,0.0,-,,,,,4.0,1.0,0.0,0.0,11,,NA,0,T
2025-05-13 15:29:45,2025-05-13 14:05:57,2025-05-13 15:29:43,867488061407846.0,5871.0,GTERI,0x09fe3fbf,0x00028102,802003.0,0x0a04,0x0a14,100.0,14051.0,0.0,-,1.0,0.0,22.0,12.0,-,1.0,55.6,261.0,763.0,-12.089742,-45.786424,724.0,2.0,937b,077ad30b,1.8,1162.4,0:00:00,0:00:00,-,-,0.0,-,,,,,4.0,3.0,0.0,0.0,10,,NA,0,T
2025-05-13 15:31:27,2025-05-13 14:05:58,2025-05-13 15:31:27,867488061407846.0,5873.0,GTERI,0x09fe3fbf,0x00028102,802003.0,0x0a04,0x0a14,100.0,14491.0,0.0,-,1.0,0.0,22.0,12.0,-,1.0,22.4,303.0,773.0,-12.091095,-45.797126,724.0,2.0,937b,077ab28d,2.9,1163.5,0:00:00,0:00:00,-,-,0.0,-,,,,,4.0,1.0,0.0,0.0,11,,NA,0,T
2025-05-13 15:31:30,2025-05-13 14:05:59,2025-05-13 15:31:30,867488061407846.0,5874.0,GTERI,0x09fe3fbf,0x00028102,802003.0,0x0a04,0x0a14,100.0,14491.0,0.0,-,1.0,0.0,22.0,12.0,-,1.0,24.1,338.0,773.0,-12.090949,-45.79722,724.0,2.0,937b,077ab28d,3.0,1163.6,0:00:00,0:00:00,-,-,0.0,-,,,,,4.0,1.0,0.0,0.0,11,,NA,0,T
